clip_id,ac_mfcc_mean_01,ac_mfcc_mean_02,ac_mfcc_mean_03,ac_mfcc_mean_04,ac_mfcc_mean_05,ac_mfcc_mean_06,ac_mfcc_mean_07,ac_mfcc_mean_08,ac_mfcc_mean_09,ac_mfcc_mean_10,ac_mfcc_mean_11,ac_mfcc_mean_12,ac_mfcc_mean_13,ac_mfcc_std_01,ac_mfcc_std_02,ac_mfcc_std_03,ac_mfcc_std_04,ac_mfcc_std_05,ac_mfcc_std_06,ac_mfcc_std_07,ac_mfcc_std_08,ac_mfcc_std_09,ac_mfcc_std_10,ac_mfcc_std_11,ac_mfcc_std_12,ac_mfcc_std_13,ac_rms_mean,ac_rms_std,ac_zcr_mean,ac_spectral_centroid_mean,ac_spectral_bandwidth_mean,ac_spectral_rolloff_mean,ac_pitch_mean,ac_pitch_std,ac_speech_ratio,ac_silence_ratio,acoustic_windows_ok,ft_mar_mean,ft_mar_std,ft_mar_range,ft_mar_velocity,ft_ear_mean,ft_ear_std,ft_blink_count,ft_yaw_mean,ft_yaw_std,ft_pitch_mean,ft_pitch_std,ft_roll_mean,ft_roll_std,face_windows_ok
c000,-3.7930036211332707,6.572728218755362,-3.4028300754025658,1.222269137092436,-1.7427357935946648,-1.2871763768565139,0.5106393064837168,1.8755445654008285,-0.18207016229144907,-0.11181547229492116,-0.0983221440455539,-0.24558951159751985,-0.404481250070756,8.20817665765287,2.929583340350981,4.578943589485931,2.5943170399098365,2.113763638905488,2.912335315808712,1.3534709407931902,1.7594464819960578,1.1669119296413464,1.1665626197448646,1.5550555741725618,1.168885325636093,1.1564577350779357,0.09330220345849496,0.06272301225583973,0.10931104376574308,1686.9129549774466,1626.566555075115,1261.374370277078,242.9058135374772,20.75328648877462,0.9548872180451127,0.0,2,0.28036932206690623,0.09670392925276847,0.46265872216502,0.6356757888558295,0.12244406110043236,0.05077345231851203,3.5,-16.010608224355234,3.0089086166941823,-1.0529467516919968,2.5194957477078375,4.664661539599525,8.662970832179798,2
c001,3.8232782802035845,13.052407938277208,-0.9806239438324209,2.4012624383455683,-1.7298970269186524,-0.1646684854260086,-1.361267737800888,-1.2435060518635697,0.4733756876368136,-0.5661510801150375,0.19782024978868745,0.02672520940394762,-0.7831945031758023,5.63665100528179,5.873241477384185,4.267343083167792,2.4817721621311453,1.6589882083931717,1.8588194517674372,1.9534870287179533,1.2467849083637974,1.365277087674747,1.5299343603585058,1.2517329560398567,1.3747575363197042,1.1400741740004208,0.14682761981257691,0.058842843222700815,0.10910933564231738,1371.553943614854,1424.2152336632046,1173.0163727959698,145.28320762005976,71.84011276162093,1.0,0.0,1,0.2716005271042952,0.14507529490659338,0.6808861714910301,1.146926281706437,0.38710356924947176,0.15422412112940534,2.0,-42.04506994020351,12.222564522897056,16.122907938083753,2.6303756680647203,-14.860751757033745,3.5472089048741333,1
c002,-15.083795188654058,11.284689389297549,0.46524717535912036,0.7779718969707984,-1.9801675685549975,-2.2783245484005237,-2.530741816200642,-2.8913470663762193,-1.9213956541420543,0.030556614867352228,-0.5174186759678367,-0.8240032490322572,-1.5579134408114406,5.058810498028417,3.789187117893175,2.291545660959233,2.198684975046398,1.5682257633279302,1.5488396601667187,1.575593892294429,1.2645893165180204,1.4519259672631333,1.2366571003539697,1.0330299541052126,0.9774648749896298,1.0675534970673617,0.036932693839455084,0.019691231793355867,0.08416825699745548,1306.1381537597297,1557.4915913562215,704.7550890585242,109.24984855056579,49.530723170324244,0.9166666666666666,0.0,1,0.20592367211090232,0.12125877715584556,0.38379314234269085,1.099769634697273,0.379447589320167,0.107437871021487,3.0,34.17283923641202,5.167980803069138,-1.7214864371142096,2.849631777836715,-11.48538406790282,3.326231592523373,1
c003,-5.480251504982588,12.820371661236813,-3.568662946051629,0.4705227065233644,-2.436808436926221,-1.3780956953540158,-1.2744221595278642,-0.64387849472657,-0.21437490427219547,-1.3467756751101294,-0.9516477525132379,-1.270373379515816,-1.1250142387770872,5.388931596879128,2.763121729986987,3.874344757855046,1.9579674672667469,1.4746958268346195,1.5274326015966693,1.5078983727972786,1.1434483282935741,1.3486113038486514,1.341103193191007,1.179012937049759,1.2534180855610089,1.0547796901901678,0.06561966455376511,0.03566778197960791,0.09713968041561713,1304.6389575152439,1388.8132428289966,972.9219143576826,243.61552423077183,45.984829070665405,1.0,0.0,1,0.17485543678203208,0.12285431191479977,0.3539890393995778,0.9265415521620007,0.36930235097079,0.06878270767706395,2.0,11.66324462619669,6.425600961515344,0.8225356379808525,6.87128082429505,-7.429343342004278,15.006878595649125,1
c004,-15.183150162857851,14.724511447728766,1.075909283968788,0.1431056001567354,0.7584986470931893,-2.0225293489893215,-3.412206127911952,-0.018283709595507923,-0.3657360315869494,-1.1579652075897822,-0.8558934247418035,-1.0273996415939681,-1.1644982008055336,8.047746197488467,6.737743066921225,3.885678009887575,3.549541685184356,1.8880930950063985,2.63138175631745,2.8524260948705997,1.8308525671956641,1.546773353785254,1.4321608288639678,1.3274671422085236,1.1431023295222484,1.1374553879299096,0.07143381005535421,0.045678133233242775,0.09247579502518892,1250.4075059825861,1364.7604516589931,1115.4754408060453,156.27301113575382,42.98976194223826,0.9097744360902256,0.005,1,0.21209105488145683,0.1142844110623135,0.4629074723987746,0.8448824126672568,0.31514853148878563,0.017250372699220817,0.0,-6.77127819450171,4.163958431746535,3.4223851164824324,1.5830383087831907,-13.430724202734943,3.4153838897473223,1
c005,-21.616271483833525,12.86972936651631,-0.21412165109312467,0.6685335619531574,-1.9292307216681859,-1.8502903956171934,-0.8773202853483232,-0.30623084562550057,-1.145102094286079,-1.0509489615653278,-1.1728990273742865,-0.8947264742145937,-0.5751599267694183,13.222275435863926,6.028444239078905,4.562846268848884,3.600840605585205,2.9498544567009,2.8514645117044437,2.0868660680779865,1.3622361409554171,1.8420918163534143,1.315865233396182,1.2375386261117622,1.3502042276229904,1.2146743686458565,0.054125991056665344,0.05191638619047934,0.0984253647145256,1342.9743720846327,1427.7947480621663,1125.6559613769941,183.6737277530685,26.468328037258917,0.8521303258145364,0.24833333333333332,3,0.2440235440876294,0.11238698841351584,0.46431426988369423,0.9722417097526829,0.3439940960775103,0.0686225023056431,1.3333333333333333,-9.96634142541531,1.7233729975613548,6.631813477770321,3.3905690520475105,-7.077207897591603,2.1474805778655774,3
c006,-5.668396108169532,14.95559651755869,2.837680919373362,1.745718510914246,-0.7188980425649305,-1.591625610827501,-1.9585077614313007,-1.3987954318431808,-1.5876809482802665,-0.21238605512374292,-0.8478171099336467,-0.18797272959647524,-0.914370887189909,10.302110349669995,7.413008270197633,3.276481725627077,2.520296122932941,2.281299546093334,2.603297099302134,1.8782431122212206,1.5634528449380634,2.0883329782457105,1.6024943039345771,1.4138456619045592,1.3340005471575864,1.1854883332729633,0.1753837592976748,0.12378457903764055,0.08380726542821158,1144.5537258525574,1339.7803745327344,925.3384760705289,97.69705323346479,10.24373858179045,0.9097744360902256,0.0,2,0.19283571997949903,0.07588238692098777,0.2995466741846424,0.7620227992299242,0.3382501154734283,0.06014483993655778,1.5,19.135311825622935,2.779709147892562,0.5190546029737432,4.261396932142383,1.4213991683345726,3.5285628979456893,2
c007,-25.640433258651367,8.343480245788797,6.570721571048668,-0.8940293086579655,-2.3945986841199964,-1.1048636940831782,-2.8989878989828983,-0.6787467509540768,-1.8625674535599086,-1.0241042890940795,-2.086897915974297,-0.9771590674751648,-2.3048350914961286,11.399962427743562,9.32415242636802,4.4210895653008935,3.668724398401325,3.17751488838955,2.3357691523412742,2.7353652845077705,2.083553980152588,1.6229002394138108,1.3379417125420368,1.653430562604804,1.2092919158008089,1.5029537002689475,0.029429188873212008,0.017970228611538564,0.1602890821788413,1842.46346571622,1686.0572928414035,1622.4023929471032,121.52186297638242,40.97928309523067,0.9699248120300752,0.13,1,0.18372336835052253,0.12495542324174357,0.46946155870944123,1.2441052280263252,0.33467084033340755,0.05527800611617379,1.0,-18.331851393587492,2.952770131330104,4.733780329376731,2.7849926054957495,4.004028477511326,1.6573944664496492,1
c008,-23.659593944825893,10.147833509896238,0.6460255877197847,3.2578985236720817,-0.9907773924470162,-1.32738534144903,-0.9943720188244571,-0.5462591794957974,-0.6426722886807132,0.40545786827992414,-0.33577480656391506,-0.9162769176470333,-1.2335945693749255,10.68555621335296,6.524843418017075,4.532444046311497,3.006609045700407,2.7415562667561355,3.1990489692126203,2.303713987941425,1.7658613896731006,1.818372459079094,1.5341455955624284,1.2130628831703811,1.316574549053891,1.535566617705915,0.02335803880051447,0.01856307976084178,0.12380451039042822,1625.519647428156,1569.693355462457,1377.24338790932,118.56616691509909,24.998101092654892,0.8796992481203008,0.175,4,0.17670571035919913,0.08403958016466698,0.3184622173702609,0.876434966632545,0.17883332860510578,0.07264682888616894,5.5,4.821557236112647,7.436981089776705,13.125211408293175,2.0729060774479264,4.915455738142964,4.365838500492766,4
c009,-21.168102702628932,9.618191147773912,1.987598368740977,2.1961886517545954,-2.0416005020921677,-0.5463031399107574,-0.7870792375537873,-0.9494894955590231,-1.172335390577566,-1.8455429171801034,-1.3908389391079945,-2.111013193797832,-2.4304824296573138,6.669492636761907,3.185208497715362,3.921732770856277,2.672720035604569,2.5121235928507804,2.356369970155916,1.6541745205989575,1.793440677266223,1.7759485375348503,1.3673162465046207,1.2842074031251123,1.1290458049703287,1.278179002578935,0.0304498766088361,0.01807666755044508,0.07314625314861462,1362.244206502607,1655.4618084960741,730.7934508816121,174.17467770316654,52.789931342816764,0.8796992481203008,0.03,1,0.18359947981317082,0.09808732281034026,0.3568578616299535,0.8412253680439604,0.2621740878971391,0.11426982945215443,1.0,-18.453013884771906,4.2853502673288455,3.163333004889089,2.81048389341019,2.538932115070136,7.0057246048183375,1
c010,-15.026374065074814,9.18642999633088,0.8624211915159053,1.0360043834580457,-1.1604935709165733,-1.3608188933149705,-1.6910930885732824,-0.6193126826112886,-0.4257463116874303,0.24085313125479077,-0.7251786231970953,-1.0614492985996076,-1.349797494018626,4.512988099482462,4.3998381098209345,2.7711204480272316,2.296720287866709,1.528220697157603,1.6058348799235052,1.5677969882728888,1.137560950328936,1.4244205777406747,1.4610277747624973,0.9746988957403585,1.1185198097251996,1.0702709886551867,0.027045146023146907,0.015175268681512252,0.11822063916876574,1650.3590384080815,1747.4458093386747,1131.375944584383,131.10559039049863,58.961166180248014,0.8646616541353384,0.0,1,0.16068873831400496,0.08298035601965181,0.2787867948066084,0.6384887503596188,0.1592977328426094,0.10939570945812079,3.0,-6.455777308879655,5.315468834654912,7.564119009783671,2.139502516096822,9.06126456911977,2.750850119100838,1
c011,-2.4923035506565396,11.415876811307697,0.13976293706121734,2.238519155690601,-0.7949310389968575,-1.262221640889022,-0.805212037251133,1.2046769989377482,0.22596730365400677,0.9982667660486736,0.3261500081931765,0.6123709515188056,-1.1202840796338591,8.445025356634968,4.752063419231002,4.39914305105548,3.3160511550550527,2.218737146940917,2.5275445055730126,1.7246433935362115,1.457963783009468,1.723914431367978,1.4296782484975306,1.4315337805363952,1.51746695558912,1.509693709318972,0.10493810437750078,0.07633738000824654,0.09680514011335013,1437.3074718320781,1564.5837894583103,1060.5321158690176,229.47510178305785,90.75681429187037,1.0,0.0,1,0.23068607818818507,0.12571743691628437,0.5382100709423279,1.3626383602903664,0.25992970165829443,0.06751834286822579,2.0,-5.400444782652277,12.89483904424727,2.7057736181179473,4.687748443560658,6.730142409312384,7.1437780544731835,1
c012,-13.071231313730676,11.756257520759954,-4.378249194021165,-3.246990402031226,-3.8834042927656642,-4.948731617028275,-4.762478971467213,-5.193137805503441,-0.6034799262331495,-2.5259947731809724,-2.9921012466883155,-2.2097320852420865,-1.7619433849346162,10.224401533315982,7.471975305273136,5.189152739891811,3.227016027880428,2.790139878215509,2.340665344243366,2.1939681839698335,1.7259505657885228,1.7863996055196505,1.4870207779969995,1.4698654531389768,1.4223668497792346,1.246595442919827,0.10108705540000822,0.06705192198020636,0.1253804575986566,1410.953021015547,1286.8936768881365,1358.679680940386,199.8038419531637,64.30937151486025,0.9197994987468672,0.03333333333333333,3,0.16199985820100402,0.06995493927811129,0.2899782766289098,0.7340717569387598,0.2674601498396963,0.07233642072103826,3.3333333333333335,8.767098723128898,4.365328165627061,-2.653322628398248,4.2240523139246315,3.49702661130651,5.961687332582737,3
c013,6.782659801147244,3.2872646884729417,-0.23702081815555082,1.8743592887168405,1.335492858417864,0.3552358175756561,1.08277084181011,0.8412163482325163,0.4583372108908626,-0.23722930494028077,-0.57341359835672,-1.0776540811733157,-0.6002620481559136,7.314176239779147,4.858029483827393,5.6274534772389675,2.9982850837563464,2.696888810424185,2.8494055514454377,2.529666292980964,2.0464817068386716,2.1800975089304124,1.7827920023400023,1.5641906324354333,1.680299507581793,1.4793805353941645,0.198448358387259,0.08936307181909652,0.14414751259445843,2059.9922215226716,1970.8953960172823,1432.3047858942066,285.2590925993652,98.90014003625478,1.0,0.0,1,0.2762730477121265,0.12676214475654185,0.5526294264083664,1.541460764617933,0.22007549090017484,0.02690165165391688,1.0,5.23761147053775,1.746913806493801,-0.5550373755092763,7.0043588880157985,-1.6071683092388092,2.5479734791060937,1
c014,-35.62797892405152,10.309084487389311,-3.1698430222574223,2.815075982680294,-2.94112352137296,-1.7242612656729732,-2.6361366954312357,2.3912731927864104,0.02009234019931299,0.716513785319841,-0.6689022496265568,-2.383556103004385,-1.1078626083586265,11.039734792863321,5.937482366027862,5.732155169097136,3.9288997349918624,3.2222747715039373,2.5858480781617934,2.2729366298780187,1.790129167025766,2.0202781477886136,1.4277007000779949,1.7020380002030522,1.2378819891325934,1.2575458706886777,0.009436372639440433,0.007296965255066839,0.12978687814861462,1644.425759642376,1425.0620468793247,1643.0258186397984,173.8484291126147,51.801225563451126,0.7969924812030075,0.4,1,0.1606080908418955,0.10526041328027083,0.4308435740718988,0.9092597190284298,0.30104500962610226,0.07133674790543268,1.0,-8.81310435578993,8.364650102409897,7.538134358059747,3.969052238908245,-1.370732631822319,4.215935609309986,1
c015,-26.48305691553983,15.814290430518815,0.08165675658039667,-1.456095677758716,-1.4835313819020652,-2.208851937280692,-0.8798342218812651,-1.425030475688628,-1.3966154725220523,-1.2270401428377464,-1.4255185639331187,-0.8519241631397513,-2.3629719563966436,4.758784146916957,4.628435947941092,3.003224596171144,3.4395536502036785,2.1655144968162308,1.7316084715587183,2.2893708349129414,1.4131719500955982,1.2793179563622006,1.364591913552312,1.1349386703348598,1.2819821273121494,1.4000355302342133,0.02062002546938463,0.007292921459257692,0.0787596426322418,1027.8643471322025,1246.4922565375473,806.478274559194,128.6711723145068,23.17858227213845,0.9586466165413534,0.025,2,0.29354233940359553,0.16332097146977456,0.6310762406654873,1.667780937364704,0.2024565622471015,0.07119750935390645,1.5,-19.186066129462052,4.251703383022033,0.5573627068418506,5.295393417365187,-11.288370797329712,10.0299274543105,2
c016,-16.059767588334747,13.01547275608259,-0.012420913287711215,1.3479268577284231,0.3196314747716212,-3.098884110492719,0.008831829958505684,-0.8176142700859654,-0.8162894463463244,1.1783448746786551,-0.9655537829126635,-0.3109179172757994,-0.8336528216847876,10.505368508904672,5.760308711345756,4.622888125476293,2.6850284492350225,2.2725541034683285,3.647622513589312,1.9666843308553643,1.7410273650442554,1.843240202173256,1.546133790752413,1.5710423663160362,1.342753421442499,1.300091860729361,0.05043773213565143,0.03759217039071606,0.09416817537783376,1369.3684665108344,1491.3049527619771,1102.015113350126,126.83525786919866,22.72259816515947,0.9097744360902256,0.07,1,0.1404063551027783,0.07493697421867966,0.27587885441821625,0.5899988945827184,0.23409101652951406,0.12903715209032815,3.0,-24.262343128684357,11.969398569383305,13.028815969907946,1.9841441294777822,0.15786895757988537,3.867444848809889,1
c017,-15.885511077700158,11.76246764719623,-0.6810046854337504,-1.248064433541264,-3.05053436065645,-0.7805489234201862,-0.6087131826915634,-0.5260109760223634,0.7329891400983416,-1.1790895426968795,-0.5704107260306122,-1.239489500579511,-1.847751469172428,12.397910843382654,4.619248202049617,4.298063646062369,3.1842572927793595,3.6923155336789253,2.3309472827291837,2.4924441867192986,1.7010117040663741,1.9303557124218365,1.70581145867219,1.692495306116455,1.328217141880924,1.4551737327818304,0.06270138896324721,0.0409133915016384,0.07992561397984886,1259.8099320357048,1433.0190936349495,781.3287153652393,219.95223292935398,58.26152769036947,0.9774436090225563,0.04,1,0.19270370632502337,0.10081157740867465,0.40176996092176875,0.7955131594659618,0.2941612314365179,0.10206567721534832,3.0,-20.075926809554847,7.300863588024977,-1.462961164182437,2.883557089809859,-7.703662543892898,3.6820005678029415,1
c018,-33.33428732868672,10.215568775713338,-0.8947086077687662,0.8488793230652817,-4.470956870272441,-1.7958797996487164,-2.122978992227319,-2.2600451295407633,-1.2485042554528842,-2.454136510680866,-1.3362660515190656,-1.5463454794603921,-1.2393907852298434,12.747157847028204,6.807532859590453,5.089025377697323,3.2110039794532175,3.290776201485238,2.698747754958973,1.734749234637114,2.0154993976999367,1.5829020586192428,1.5343015400355526,1.4396000502949373,1.431863538168634,1.2533623102193459,0.017072723246820024,0.014048949492975088,0.11881592411838791,1510.651353834728,1435.2428477066053,1276.8681780016793,225.36578355575625,42.79704074666282,0.87468671679198,0.325,3,0.16506003958546958,0.138655609416788,0.5898385820885884,0.9057476039145534,0.3485378267947026,0.07519835956627684,2.0,-22.149755290879472,1.8451457991930684,5.7240860991939995,1.955722977789046,-4.502204678332618,2.9851161412158493,3
c019,2.2061763475326184,11.800309125402693,-5.3189038122629535,1.415114115049411,-3.4186841045201772,-2.6343188285680124,-0.9960688488065471,-0.48874548394768647,-0.7976584530942837,-0.7582964926382652,-0.37497168900829586,-1.9549521085319042,-0.6370594503713822,8.455107708910324,4.34887365393657,4.264311287237027,3.1187060796726644,2.5748070349157675,2.0422832970244684,1.5501604168003933,2.144810387264772,1.5984251003299932,1.538287442830499,1.7595436416227865,1.4498410668400263,1.24529774944957,0.16355583803386486,0.11811781814223664,0.11721701826196473,1473.3899924806033,1340.1963485524332,1423.095088161209,234.94038893133404,37.67454794624818,1.0,0.0,1,0.24387123959464244,0.09766167023301509,0.4549196832263924,0.8457299326281552,0.400973291783551,0.023218333837698946,0.0,-9.284472326162062,1.3027653200595122,0.48201419250224736,3.0695932107626516,6.053833464107979,2.1847084915631503,1
c020,-19.195066818927348,14.86886918886988,0.34299846317556054,-3.8238985015767892,-3.5163300692473296,-3.1002391190110665,-1.430602140179707,-1.579556851346591,-0.12155454221975022,-1.0780130064395133,-1.2438049041332644,-1.854186292953398,-1.3171528389257103,8.553324916892905,5.98208357913273,5.873537044873068,3.4956326275356315,2.890950086972026,2.807692385921779,2.03377406995606,1.7345738902037031,1.5686803331758128,1.5426571550196773,1.2734204624060983,1.4341304980798644,1.1088397280269544,0.05929774971318591,0.03853874380335853,0.11747612300587741,1351.6582185438185,1337.816818887625,1221.4787993282955,169.90951594243793,35.141147297224144,0.8922305764411028,0.04666666666666667,3,0.3189254591665434,0.12932049637251045,0.6557210487478314,1.1196835999228536,0.32701444181147205,0.07793037541036964,2.0,10.65642540383535,14.746077424197978,2.6572370349698766,3.350278902900731,3.4147640924484315,5.0488332038201404,3
c021,-5.6694707455964855,18.876063429907443,-0.835995541703031,0.4725555288729541,-0.3898857170310853,-3.210798576637503,-1.213598710360678,-0.46874832436229186,-0.14088626271896024,-0.30448323335869254,-0.8331315382519409,-0.8809957580034542,-1.6047594213152852,7.0181781272507475,5.220158642413741,3.872371946596526,2.8744828146098804,2.133625645253126,2.8466450453727328,1.9267970584495209,1.5866836511559963,1.6493223887804112,1.260675590828523,1.155401469239874,1.2167451536700462,1.0673120084702385,0.12796579357153504,0.07128949695028239,0.07041335406171284,946.4882064535906,1119.3690689729635,732.8794080604534,101.68628090406557,21.806850134581445,1.0,0.0,2,0.323226632131411,0.08442553277542278,0.35805471685220513,0.8756678848015147,0.2985952228669333,0.03887292916376113,0.5,-15.334927995999525,4.840095456331097,-4.44533670135857,2.374965479845479,0.9988028652478589,2.9849718931108926,2
c022,-22.69741161749551,6.60743403082905,0.18726036666075827,2.105366059825053,-3.334438484770267,-1.0159241298828625,-1.8413839575000486,0.8113998691968054,-2.4836740038663945,0.8319944540079149,-1.7369052994402139,-1.585123722817559,0.05709259250713095,8.29474270784449,4.6183603458201095,4.711024638388512,3.4983146499111673,3.18659076902596,2.4945327869820706,1.8186200473641638,1.8450553670535523,2.157122094463543,1.5903212195335734,1.5405840803444288,1.4532383014201016,1.4834353350790646,0.019552474432364842,0.010001801209640246,0.1300328636649874,1919.2789485772673,1789.5783047656985,1737.6416876574308,249.83699205046543,28.24848552868785,0.9097744360902256,0.085,1,0.2081681613614972,0.07458223704064242,0.3251994511260252,0.6013963834747549,0.2969599414502707,0.0691729855126857,2.0,-2.2667742469109804,3.4308203785420877,2.7881543601529084,5.65968305851844,-7.729659851076183,1.4513955524258386,1
c023,-17.51278250127002,11.298105365344885,1.7922271887225654,1.9207123499296384,1.6582196933279547,-1.5673994279969103,-0.902918121470859,0.35974559948492896,-1.659393617559097,-0.6757137932193577,-0.707416764977953,0.3491756974346613,-0.3037845330319131,9.867295578666596,5.985150508479925,3.16921665429619,3.252573917392587,2.233122012208585,2.604891837056859,2.1521650712797347,1.757375777500402,1.6547177996519902,1.8065437759114389,1.279003445326334,1.2585741704122897,1.543130591983812,0.038924751496555214,0.029157509581093335,0.10112253733357324,1459.574154430996,1612.1608811189565,1015.4507016912559,122.2642296895649,78.05971198193882,0.8582169709989257,0.032857142857142856,7,0.18042584983000692,0.09278869471507956,0.3712409899289391,0.7235864913869247,0.24595217328464564,0.09141380565821378,4.714285714285714,5.8178159761380295,9.125735380019494,7.751465688299852,2.4064214127135104,2.644062552392597,2.6678434942838023,7
c024,-11.447925764193435,18.814664794218512,0.3388187236229543,-0.9084205758947013,-0.3177017735873069,-1.6229334191927367,-1.190672602217088,0.22428860973344175,-0.08010551123669105,0.40884421242186797,-0.3641364612957608,0.08673054775468758,-1.5071981126786658,6.1517932312645645,4.753956328524728,2.950889756376988,2.850482247595549,1.6082374317715495,2.2095124590794946,1.4810983879055724,1.3179434388282876,1.0296026589700304,1.1364171623458064,0.9590353749804246,0.9204783506125346,0.9582661056974123,0.08180852995500082,0.05209324146702238,0.05543775582493703,885.9666227431824,1120.8185896289442,600.5195214105793,119.22811000724829,8.544174245532353,0.9962406015037594,0.0,2,0.38435191964367255,0.08381354480219555,0.3749505446370856,0.7832463209109632,0.33791906742633365,0.040692026562958915,0.5,-27.669066468206026,2.3902626747048767,2.862691570940887,1.322287102339808,0.071845662509671,1.1865504835170588,2
c025,-5.325405537982516,9.39268851752568,-4.326714255530538,-0.012199915415874868,-3.679506387877964,-0.4134155325007577,-2.7290468130551817,0.597020359637962,-1.5006208020656584,-1.0459308579695286,-0.07296803221303755,-1.9235701631951192,-0.6334863616501306,7.8489658251694445,4.638672264482149,4.471993804304681,2.6598472907706596,2.365439463596709,2.064099604213556,1.9900905289114468,1.9209303642145206,1.3096838141296137,1.4417146789514501,1.4010263073957583,1.5383005400397234,1.3052686582440987,0.09494617014812907,0.0799673890207918,0.13374355517947104,1648.1355562681883,1487.6510668850476,1536.8781486146095,268.43006610441523,48.076354754147474,0.9398496240601504,0.0,4,0.25204317185304353,0.10487925466662425,0.48519309407264366,0.9642462303788883,0.27656974876404705,0.07237675034358669,4.25,2.8991720328855264,6.204094210606584,0.3609133072297588,2.1711865096116516,-4.6346993390735705,4.639415398204946,4
c026,-17.787116934776353,9.400048035107083,-0.8610383824771312,-0.01909136074672293,-2.809108976436991,-1.8539866346420104,-1.1649264165034887,-0.9133772755608239,0.09305777516999769,-0.09958521805425624,-0.7071312722674742,-0.9695196824018368,-1.3307481006378141,7.645030205312159,5.563494850241851,4.071596946063306,2.9331576173772276,2.5414685306736375,2.309527386038921,2.1584539372988933,1.6648969498723356,1.8565492682479392,1.3792227155115913,1.1662590932808077,1.2072317536043264,1.0711205713295215,0.02680096507655561,0.01938369257242208,0.1345540774559194,1712.5601201608604,1628.3661311889384,1575.8028967254409,148.41833983039004,24.009247999479804,0.8345864661654135,0.025,1,0.19154132120165077,0.06996359623212581,0.28608787518524736,0.7058206783671968,0.29649685629580563,0.049827208818802454,2.0,17.86277566370343,2.981046075458383,-10.840537904019595,2.2492130827090406,-12.15956358332843,3.532073988801006,1
c027,-14.590812767399783,6.257677929722983,-1.7813404263593857,-0.22856175610662954,-5.364317763562326,-2.3372088219268834,-3.593342718250481,-0.6530331787451362,-0.7909514673095581,-1.0345477220937371,-1.8076897411596098,-2.932358561543258,-0.35369427333471726,8.9351732409576,4.914861597653043,6.109098020121613,2.891960238157726,3.385522766754309,2.5046503874668287,2.0622023651287753,1.7517690383504352,1.3687767829914435,1.2570625194508736,1.4396544594349776,1.5549354040425296,1.0916645172200898,0.048430734368141326,0.036079805696412476,0.18492084186083121,2077.4802702079705,1740.9702875585733,2099.8307619647353,215.1735563353946,23.032602098695886,0.8984962406015038,0.06375,4,0.2255234665292336,0.07078324324944682,0.356989712539986,0.6688349435793215,0.2604796846631807,0.06677479450717401,2.5,-16.765951437661876,3.8294228287719925,2.365157121751051,1.5401202609702844,-0.5936772607771993,1.5537555526269884,4
c028,-25.29236726881722,13.038230464419902,3.9120957239537417,1.9399329739691762,0.25732540116956243,0.18016606691813453,-1.3499848912866546,-0.836340873831405,-1.65493362298227,-1.3505128696429163,0.3842562529390981,-0.46124411966099804,-1.7047064772671474,14.593761034584853,5.629664297628995,3.196613973239474,2.6302434784040853,2.3207299542208246,1.998376785465968,2.0987572511041868,1.6808699363859807,1.4254660685473866,2.0838819092540986,1.1888009554598118,1.620709975200415,1.4753096338931304,0.03533388665337193,0.027963195341364166,0.072265625,1155.2793769091593,1501.3042355985197,698.0216204869857,101.66515211433483,18.241724786377176,0.8170426065162907,0.21666666666666667,3,0.1570235656554266,0.08350199281783734,0.34935643104149544,0.8320779892164937,0.2504700419276938,0.07018446955201742,3.6666666666666665,15.692186546022247,1.4229505617262543,9.385212478303837,1.3930739075902556,3.1456586016266765,2.849333840188778,3
c029,-38.72357050022809,14.632082643730786,5.914801849512733,0.026226748649151265,-0.7082124871769268,1.6933124080378537,-0.5571197677309497,1.2255144034499614,0.08064787983982097,1.2522673147125016,0.8714514290219361,-0.10486960389997678,-1.4377998268857508,15.992464799951769,5.665345531871018,3.1670786382667795,4.199392173447812,4.032328964723527,2.205909319808745,2.411386987171827,1.9427616167328738,1.7543702294825247,1.3232287811766064,1.1233635733968685,1.314741771138292,1.5259254298658753,0.020425324603409022,0.018614436442393512,0.04597469301007557,867.2589999831038,1350.2528999965898,440.8847607052897,178.30292500032044,95.31225645031124,0.706766917293233,0.3,1,0.19533708268901617,0.10236506355077837,0.37793839769095444,0.6298545780545793,0.21676623847412102,0.06283913361170847,4.0,-13.7901458390587,11.511262000038482,10.908518369706867,3.028641333782538,2.9348677684495077,1.4052362247500132,1
c030,-13.304088700644442,12.802934624829268,-0.45435968043261,-0.818164897774222,-3.1002403086747234,-0.804859965008611,0.49374114302309074,-0.22686646416181797,0.2076349788072648,0.3557033854961359,-0.6232976935342658,-0.8965837929753421,-0.1607976007909141,4.23325077763689,2.72714272408714,3.0725239841887704,2.3756160256085974,2.766310333709841,1.9443428160227032,1.5497702601351437,1.1661714505147454,1.2799785233104153,1.197205505624679,1.214021594860426,1.2061106163608992,1.0528651238317506,0.04120796074422285,0.02231456801197512,0.08753640585642318,1291.5928725718618,1513.0798322483752,807.9345088161209,203.9316506525721,28.515234539742362,0.9699248120300752,0.0,1,0.138787660161064,0.06407441788956633,0.22247495570744902,0.675561744997576,0.3001762178944603,0.06375100372715994,2.0,13.97526237443845,5.853796829265496,3.176530683454763,1.13912253905404,10.816230032921558,3.2330338975443196,1
c031,-20.01552983335131,8.321464736388949,-5.159074311236814,3.7109677261891054,-2.905432898731487,-1.826865979325177,-0.49146955797564823,-1.5695020341128485,-0.9050737445607919,0.1760215903851823,-1.1949625892592877,-2.28792349516143,-0.8939332656184064,13.58617479490925,6.189696899850838,5.01659546458322,3.323596000397036,2.295434829092608,3.9857483317676254,2.113761001866286,2.4368242138223235,1.651213257562371,1.5104048561273218,1.04497702167294,1.7670477744186737,1.143203198057367,0.03411670267194423,0.02923409379487313,0.17158965680100755,1864.0315866134604,1421.7453751243156,2228.5107052896724,132.15008276567767,25.89647028818374,0.7593984962406015,0.325,1,0.2556692119389043,0.15419759972024424,0.5401914466967762,1.4249370133625,0.32363179389094227,0.06234908138353776,2.0,-23.377254215131543,7.258303101373932,17.115218711551375,3.3422070168687834,-1.313125364721005,1.5198436352535145,1
c032,-5.857950684212207,14.745462329570287,-1.3394541633284154,-1.0297609249384334,-1.2781650370842397,-1.4632567711220072,-2.3120138421192316,-0.9291762803058466,-1.5543071990918396,-0.36890283647056843,-0.5987139887492489,0.03421068882472072,-1.796771122303413,6.904643153678868,3.6520592720374787,3.3410905828688504,3.003602264502309,2.345527434248328,2.8289909616331426,2.246272887179941,1.4812623074445432,1.9952796563835464,1.7516401537151098,1.4245195658591274,1.6056561655821093,1.4759036126698848,0.09947097969270682,0.06167200486519785,0.07585701353904283,1095.055955571416,1300.5526183951497,733.3123425692695,169.24770120693995,90.1891301517203,1.0,0.0,1,0.0885352653538878,0.06770687861303244,0.24716140265347525,0.7848264440296607,0.2316060034549747,0.05780074166064838,1.0,17.978997111012603,4.632513271311546,7.256184551648127,2.1213720930796383,2.1467601879703997,7.808853940067226,1
c033,-24.266026967286706,11.16152562928347,0.1729226645149848,-0.6313092816607199,-2.840347443297599,-2.215312184007487,-1.5543479183316757,-1.3024911360425877,-1.50611475286375,-2.7020065117295924,-1.7282505634615273,-3.028083529016116,-1.8683793627134904,9.621716339374464,5.286090810925571,4.2030483844603435,2.468716465493849,2.837506715208338,2.3011762453519093,2.14533648504614,1.519869170834523,1.5917327052159016,1.6468979627090312,1.4692237907347048,1.54248012353018,1.4344283199126031,0.027651871738162463,0.019968525439144704,0.1006031564861461,1456.7705984889376,1554.4064303285352,1099.6536523929472,166.94793924800206,27.863141289654404,0.8120300751879699,0.175,1,0.14905387583723703,0.06179530817738234,0.23189040037444042,0.4224961935042207,0.28614581832437475,0.06787805743885487,1.0,14.751095154604158,3.2695900918805143,15.043553995569782,2.0339518999224873,5.220724202497841,0.4591004912015585,1
c034,-25.85767508547801,15.318654507265466,0.8629549303517955,0.6798537540169085,-2.6803077392860244,-1.0449507610265867,-1.1218678150598311,-0.559450397421715,0.4541519670929184,-0.09416508084827226,-1.0732814952963206,-1.4230557715143441,-0.7938220495201518,9.908486800181944,5.545076141507931,3.900720132130192,2.7634724772322983,2.1735047536356995,2.1091685852630304,1.430061091409712,2.0504556686170754,1.5456493731519192,1.3561720611710768,1.4969229398534054,1.573984244545583,1.234197263468156,0.028744492831756858,0.02668660838683981,0.07959599338790932,1095.409296793269,1267.289881881806,860.9886649874055,158.30562887870838,41.53170570995231,0.9548872180451128,0.08,1,0.18592856587140208,0.0779034087016831,0.39918733769877957,0.7565218518960048,0.13761839470460072,0.129024416998753,3.0,-13.142369146129221,2.4371022822461175,1.30532806186227,5.469572028921696,-3.2365021206364677,2.5312114246887476,1
c035,-21.994173684216513,14.812855857070234,3.61818367369589,3.0412368022197884,2.8358327293759724,-1.1036549120411276,-0.507462068646888,0.33369942771707306,-2.0135812402598714,-0.40604242431397825,-0.24679542001532373,0.6668240061102902,-0.5291192804256667,9.278081030972887,6.999788983440742,3.2878000349055756,2.964046657471598,2.007551917794103,2.7081476743698687,2.0103623301967466,1.462381940448241,1.7481570353092337,1.6405382094811904,1.132721396059439,1.0700845814458795,1.2996023416053195,0.04584813301764835,0.029325460331762476,0.06825114137279598,1055.2205792831378,1352.269396449411,701.3539042821159,140.78840087908955,105.87981189179224,0.9323308270676691,0.01,1,0.08295260652086922,0.0747782716817635,0.26598446308228946,0.5506679001986362,0.2855196579427538,0.10146486911112863,3.0,-10.861583918315775,1.5230279088954364,6.807488480363549,1.3564936124430242,-3.265821315682919,0.875068875560705,1
c036,-24.771942254849332,13.368647325975102,-0.6474774163000038,1.079408264758111,-3.1172520094183986,0.5788210752314572,0.8665503349351857,0.817602787644381,0.8534576223239903,0.7785275393709651,-1.9277028968729293,-0.7070908046519025,-0.35508482283520953,12.891408338349967,4.7491127256544665,5.283426921786514,2.972395828022946,4.586274438371108,2.7022986024924216,2.122776426697904,2.0571017975787034,1.6127271732247839,1.478688101535442,1.6463469034091318,1.2771092774372792,1.5969653380903641,0.030500276926942845,0.031616018812469705,0.09014385232997481,1264.30716579125,1379.5028930610692,921.4420654911838,189.96856574147395,111.29715823217919,0.8571428571428571,0.145,1,0.21510717564072812,0.14644292813813137,0.7771245542131767,1.1066070001449808,0.2726044664515142,0.11013460885264409,4.0,-5.344511107834953,2.7483651817850565,6.411307387604818,4.7663600933468375,2.736919909115363,3.7395023915133847,1
c037,-4.204052864703827,11.41732454197074,-0.3946167078270002,0.396378844903735,-1.2700781837060937,-2.1275713356698023,-0.21560594745443162,-0.4242430277640364,0.7064996432007082,0.4971603711929091,-1.2091935943950018,-0.4443492932915309,-0.8498102894292583,5.8303592361676655,4.129731761132046,3.601188887862057,3.6518220268891604,1.8728270750525138,2.0603526789557063,1.9098200024733676,1.5498334716534001,1.735399398697809,1.4137361688170544,1.4169917821651403,1.3734478926906244,1.1673573697478827,0.0711915173194629,0.03679170171775362,0.09912232367758186,1464.4461689812877,1628.4744693551743,945.1353904282116,146.83450891911798,60.970928620958006,1.0,0.0,1,0.19584015737435911,0.08801630863671196,0.3814270901202379,0.7996565956770737,0.20617049335229778,0.09552567792489969,3.0,-9.888783468385547,11.341861039957745,14.806141962415204,3.7574307521651367,-0.2798627616865932,4.035275362467279,1
c038,-10.377245864581399,9.45504345751109,-0.3086975557364254,-0.3362207013688601,-2.5222085513275,-2.908761596175285,-2.960760327049481,-1.9723160018761678,-0.8555504118188241,-0.8229103998550213,-2.2124500713556365,-1.058642110203895,-2.4644489851233478,12.924450773112758,9.301729873341946,4.277694558523346,3.4266951910723216,2.39307269575717,2.442097222761854,1.9274305330579349,2.01555475810073,1.7104694647154444,1.4814478308915706,1.2851445818805638,1.2766042530382677,1.3688902230766284,0.09600355299045212,0.08709663457172488,0.16319663098236778,1813.5773663825396,1538.4085778362876,1858.732157850546,131.54563116320145,24.87862077060871,0.8546365914786967,0.165,3,0.10132227712126864,0.07741770879141883,0.2487424337029486,0.6197479253815229,0.36201199747117746,0.050203183284817106,2.3333333333333335,14.519324668802682,3.063901143450005,-3.3139685317005263,1.9507923509771832,-14.451762526510686,1.45326693381504,3
c039,-20.956381102988665,11.15368129492507,-5.180965239686881,-1.2096816449291725,-1.7223636806521054,-4.74503134972497,-1.4685672590404049,-2.093708903096927,-0.8039338233237857,-0.7781904365555652,-1.7665370896568433,-0.37963657861685524,-1.4297397912440233,11.276233447084579,4.658880325727993,4.520345491101413,2.9889221476325454,2.1665699106926577,3.612016986615031,1.9324572747329072,1.6851290446812843,1.631186141383052,1.405234303861889,1.2140119116619823,1.1957331842639936,1.3864219512160283,0.04077483782578255,0.04235622087358723,0.1181025661209068,1521.7119781285453,1441.5438018981,1427.3457178841309,150.51162664494714,29.031720840044827,0.8157894736842105,0.295,2,0.1194488147577451,0.06588675140284618,0.28885624807573274,0.6187013366627157,0.2784409918183505,0.04288490144907802,2.5,-11.642188849021867,1.913911326460339,3.3132429425429715,3.2336119121360865,-0.6252970442718193,4.470007084559282,2
c040,-13.64145085524444,11.264766580333433,-4.794404138727016,0.26060951023502776,-2.4374576233904435,-0.1439600353886485,-1.5396826315270307,0.05274635233883973,-0.47843115962346705,0.003802827248146047,-1.4762214500591215,0.8687891758696002,0.19179635535694106,10.788605480063223,5.306874520537587,4.647772832320268,3.1307107261606935,2.3467165691020275,2.7612245013238947,1.9739321285899445,1.6726347070306191,1.49656134954258,1.345976079820351,1.5322073350926297,1.5681289709606505,1.5423740131507868,0.07010209443254758,0.08251377607752751,0.0902127282745592,1321.2545131733868,1323.9977392103215,992.9943324937028,235.71646771756963,73.8262630159876,0.981203007518797,0.02,2,0.27990285449197677,0.0954080363743035,0.4388171348941664,0.5861828429094276,0.11797154269112299,0.052136952461217814,3.5,-15.965638811184522,3.0306833541445863,-1.0461884696614951,2.495035218240125,4.631468777545236,8.652710231446182,2
c041,-64.24718683133793,6.712812191313558,0.9486276641808247,1.4018657694055918,-1.2368632727007867,-0.4667572741927712,-1.659964626528285,-0.36677004346190273,-0.22928804068207462,0.48905151182328915,-0.5624107846545965,-0.4212762792523405,-1.4384444280165274,68.15652524938737,8.341444154472574,2.2478524109540103,3.0363928920165764,1.6865421724551544,1.6828411075675593,1.8132405480195704,1.4530177421628527,1.1918633736748232,1.1844817997054493,1.0977588677177035,1.2010980172148313,1.5776220197539057,0.05768794016138816,0.06798001310326544,0.08742325251889169,1563.1153588739412,1466.9144395836095,1616.5364583333333,100.13125673662952,5.053007977726243,0.5864661654135338,0.445,1,0.267419567187426,0.14843220056458842,0.6719466033714808,1.1688036470784717,0.3874099234865796,0.15244354047978148,2.0,-42.99810498932352,12.835801455068271,15.76133106494932,2.838698587022102,-14.638619905213474,3.5182520284566903,1
c042,-23.49067420924622,16.23039591475299,-0.030324529062065075,4.315651831178025,-1.14215717402206,-1.2384731716098853,-1.6363724909239814,-2.244117463247111,-0.7238667076292048,0.3914682022041331,-0.36885072914976996,-0.2115809356794445,-1.4646416380156544,14.365872862013916,6.33009421566055,3.5929113162240127,2.5033142202838707,1.8069228006792453,1.9489731902593979,1.9530985449248883,1.6829545135938238,1.3114931666352185,1.3030434475644785,1.2034387485023255,1.4024610207471857,1.4075866548724327,0.04044200519506653,0.03341311195025824,0.06200310925692695,927.7803789186787,1150.8343106406285,639.8772040302267,125.34047634855382,85.33059680556185,0.9774436090225563,0.04,1,0.2149850321631697,0.11256134088032009,0.3703135860766257,1.0477603076758588,0.37469255805172247,0.1141136135128517,3.0,34.17471093179174,5.040371383253545,-1.6054604150839593,2.9723843347798264,-11.502707244128759,3.2593977794512705,1
c043,-94.8027745994495,6.720970142141754,-0.4970557318392203,0.8360194276903946,-0.6007999914000131,-0.0799313311032259,-0.5194902620413901,0.13721285225244662,0.3976933528021819,-0.204775396408305,-0.4181917591925726,-0.2996693834892085,0.024093354080341006,62.88919261302787,9.077666023707437,2.975621468237341,2.0245110761149965,1.4211960861266046,1.4044858522166621,1.332142003010059,1.1766701732058593,1.0712578639383223,0.7892537557946865,0.9308883808506592,0.8768267043607314,0.785628880614215,0.02324599051424079,0.03791382379345322,0.03087610201511335,1055.9258701060367,1184.624363115749,758.819018404908,212.04115460007645,71.17492546433216,0.39097744360902253,0.635,1,0.1719042004397013,0.12050712108792751,0.35106784700674915,0.8353764732471237,0.36961316227136626,0.0709181332390933,2.0,11.802873826626355,6.480585294712312,0.7974328499168757,6.825969622758441,-7.385982694313952,14.988637328097852,1
c044,-24.737730365805614,14.102770820519943,0.13214043783311202,1.9337394984009988,-0.29418953652131113,-2.4230466736310574,-3.5040408989120873,-1.362300470143046,-2.0579959230938067,-1.0088324703920555,-0.9075373657128204,-0.6050312651216567,-1.3133548128840946,9.589125106899978,7.606655937921375,3.818885586295282,3.8695518755393157,2.746202466190184,2.20718743045744,2.4008235436781042,1.7106676118511215,1.7293600301908514,1.383895501353252,1.3938669283339051,1.1043601662134932,1.28284805291991,0.03532768932923536,0.023970358566673757,0.09752341782115868,1178.8250341175647,1243.6095627951654,1032.2732997481107,147.21534033385075,45.16755157600533,0.9849624060150376,0.11,1,0.21122048842871707,0.11456485571748715,0.4688424175903953,0.8518195245578042,0.31516725639141596,0.021077494208503498,0.0,-6.738916778899089,4.1526035689108936,3.527115430699448,1.4468788653268072,-13.419153755630914,3.3404875577728412,1
c045,-36.1572111590807,14.83118370300455,-0.5809671808326192,1.0740170924602808,-1.7453479365881484,-1.7071545164507018,-0.6098519143824414,-1.0736489598907983,-1.342073602629749,-0.5668135385036343,-0.9305078524546859,-0.7456260921117034,-1.5572683008217532,25.30985264679676,7.314534975035691,4.207684269207694,3.4453444837588676,3.220849840467982,2.5964482304699357,2.1754183202737374,1.8855409561104033,2.1839529257941055,1.7182600616207777,1.3837418749354466,1.3434388136743534,1.3573955074690602,0.037968516400117024,0.03203829571882838,0.06690150083963055,1004.1877096135986,1139.9924366079133,758.6450564692713,196.6605176808698,61.60148715588367,0.8947368421052632,0.18666666666666668,3,0.2461929799944784,0.11029152908029899,0.45486106857742786,0.9147560140887295,0.3449457489497763,0.06885365201029874,1.3333333333333333,-9.940647329275611,1.717004791573012,6.632329234018914,3.4041612256439198,-7.0504730466049415,2.1549960366327285,3
c046,-21.37892321747859,14.864364806470888,3.24158654564439,2.6979367095771414,-0.20689625838725922,-0.9753827275491114,-1.0629807072772401,-0.686058049216671,-1.8818793433943457,0.2562619633699236,0.001281186591665151,-0.2804490112686644,-1.1113107484394202,28.38300424791088,7.667938737099454,2.746654749700604,2.603493737928104,2.516863422636357,2.2843166445450187,1.9038174286998277,1.6795389368483358,1.829628229617379,1.6821525292412005,1.2767674753727043,1.1015544559770811,1.1304135899427878,0.10515675539010912,0.08834031584959409,0.06915882792821158,1012.0248269679036,1253.4747695387382,835.5475553566348,128.54852509339582,91.4216149560328,0.9248120300751879,0.08750000000000001,2,0.18958294039935014,0.08105745486764568,0.3062748608839195,0.7852384964863144,0.3373681088217908,0.05996043026887783,1.5,19.162317507621587,2.734040350591493,0.549144141971987,4.347436711659498,1.4065245878375956,3.480364138921871,2
c047,-35.75778604364841,12.559062352316017,3.9721144788959464,0.45253683122925253,-2.0441068274343186,1.0411180160836093,-2.5732395911027397,1.3867801759448395,-0.9418842836470027,-0.15119145508881363,-0.719647041528247,0.4546538611732267,-1.5227168319077031,12.891065839841358,10.95758148072516,3.7225009131391684,3.814593877112636,2.8341720035381175,2.342534767205336,1.9960100216622314,1.937706408121856,1.922931086686215,1.3650464660119384,1.3895272616764913,1.1924375148552433,1.3352620103445962,0.014712954203187687,0.010593960310984462,0.14941652235516373,1541.6829702067441,1329.482134976243,1538.491813602015,130.557578043703,97.45755721989036,0.9699248120300752,0.25,1,0.18031289228426622,0.12329131561103956,0.4720438404659681,1.2099798084315825,0.3355046809716145,0.052881244728483566,1.0,-18.365465020256146,2.935285832794743,4.7833693338375,2.8083328442473805,4.018382247588643,1.6317663647792569,1
c048,-31.435034466851018,11.406507242138073,1.2527124044498696,4.260214705795004,0.12251413411852806,-1.3486933434604655,-0.8686543739638346,-0.3207554491479961,-1.0255558382764978,0.6864590412086151,-0.3538679891105205,-0.5254773576870369,-1.092683505198019,23.642963917404344,7.52514622435401,3.988822670361726,3.4574908952675214,2.7091859953091677,2.8529590438014245,2.240740685824067,1.547757996240988,1.635929376807235,1.5637620570784094,1.2051925182616965,1.3056299998963046,1.162233381407054,0.0311688513663057,0.026334104944659317,0.09257910894206549,1340.0231092271863,1431.0583916598732,1010.6312597457119,131.47812010487465,63.46725404890867,0.9041353383458646,0.18125000000000002,4,0.17137093585369365,0.08399498772074056,0.2992774584316239,0.8732120736568514,0.17575411765705687,0.07028468405266831,6.0,4.78255120646733,7.430228260593745,13.119672876161411,2.148477645806333,4.93887741362773,4.341949112005766,4
c049,-36.50266416795779,8.598617681748426,-1.9355101695577086,1.9439985909053967,-3.3472226436657175,0.2761244652694581,-0.22961488353763485,0.07690880041532115,0.46178917117172386,-1.018263157812884,-0.3159658671387119,-1.236000103143445,-1.3238819232582126,38.939634654199295,6.613029353198908,4.994386254584362,3.301520822259368,3.058567044679846,2.4411395607563855,2.1173646256810414,1.7335337843921526,1.817525862179056,1.727712996912423,1.2650866387464028,1.519278795660637,1.3417507706744942,0.023661044690410384,0.024759457212810306,0.10393380037783376,1580.9061669693813,1512.9813908837425,1280.9027777777778,223.4223736137693,74.2319785842292,0.8796992481203008,0.205,1,0.17955926559696075,0.10421275617015141,0.3703653866021454,0.941926406601563,0.25929253530582647,0.11140421763503797,1.0,-18.712578613244535,4.250144705788815,3.0728571937339417,2.9031790985950785,2.561121029238045,7.028977962455235,1
c050,-73.80865074338257,8.95382569984392,0.08236949826471131,1.9023902910109418,-1.3069371528754428,-1.2975609872941323,-1.1416282497819525,-0.97818273660724,-0.00285433119819574,1.5348626442859332,-0.7504871015156966,-0.3713845207466816,-1.3047782033953748,67.0286820531619,10.005765773267978,2.0304281751763336,2.6124498557497677,1.8269938192338901,1.9326151806811023,1.6579910630990007,1.545066599968148,1.269563978899836,1.747756175995994,1.1963611239484417,1.1282217480729009,1.6189182205777002,0.04723745840043908,0.05320831798692124,0.05062873897984887,1057.821490610621,1100.5010369579113,899.0825688073395,98.75543976741972,37.22534707190685,0.5338345864661654,0.485,1,0.15323090427439323,0.08455808533360239,0.31564567866278126,0.6888504271732466,0.15792259059766564,0.10554353733124344,3.0,-6.515310846624873,5.374158422996498,7.5973494266633725,2.12073143953659,9.033333673587864,2.700928397166446,1
c051,-22.44852554599578,12.315226500309546,-2.415734349569321,1.4690465426923673,-1.5092455870516066,-1.4735977486636034,-2.2741808425784606,-1.1403794659121236,-0.10187742719562355,-0.6022571671315687,-0.18367380205673098,-0.8502439681472909,-2.20223371373655,15.355784409175271,5.740067433708001,4.048090091705395,3.1924676896964423,2.0911150882835274,2.575834154007884,2.161738740579302,1.7313387662479365,1.701164026286878,1.8100625491615068,1.3636706534014933,1.2171708979730067,1.34607141660994,0.02874989340798981,0.024182056683084183,0.11020643104534004,1395.5916146248094,1382.2028128448103,1191.2783375314862,219.05537601205654,122.11595465632857,0.9624060150375939,0.145,1,0.23249626155109934,0.12521624551527877,0.5252594221815918,1.339946049573464,0.2598206605766132,0.06901408108670119,2.0,-5.422576327614438,12.927921812885463,2.5078415932432954,4.6691111865442485,6.7749410243041055,7.053734492619282,1
c052,-29.272224001954545,12.85481110438802,-1.017317188669628,-0.4800974987674871,-2.2804458072363287,-1.4528629326313307,-1.4464374210571513,-1.424277458439204,-0.628931318957076,-0.7946243850426109,-0.8410428442171126,-0.8024697784373975,-1.1813760972794765,24.89695534761398,7.734151201604923,5.03754019961011,3.4087587369578323,2.489374918253444,2.468619348967342,2.2279143472983542,1.7444420999379935,1.6844061009009648,1.4449947162712051,1.5025475241024797,1.3268863732481246,1.2216651916952797,0.0448846897062506,0.05311125484690524,0.10410927004617969,1326.8130803387864,1293.4272657528236,1228.1664152879114,208.27852039830574,66.7515849420436,0.8721804511278196,0.17333333333333334,3,0.1582026027652044,0.06891130552459218,0.2942194669678863,0.7067981548764058,0.263843593838287,0.07373826803395135,3.3333333333333335,8.83864521939338,4.380787394026605,-2.5527507878028275,4.15711697945433,3.5352980698330563,5.938364019809064,3
c053,-48.20421601694378,4.858096491093329,-1.1449426041074429,1.2441198112721554,-1.444310922120571,-1.2106408602949572,-0.41163547380135973,0.5258045989914658,-0.06780939522936527,0.43103068690964896,-0.8055012947986236,-0.17742366822777383,-0.957907570006831,60.040963687930905,6.380236487806431,4.655944430626594,3.2103490366200083,2.592415501119349,2.4718055240880807,1.7277248267453418,1.363556511613972,1.448051804463014,1.2658189470232206,1.4871987009296417,1.0986746249779333,1.2066558088461856,0.04503302243285068,0.05847794441297128,0.12413413098236775,1997.3871598295361,1663.470703369842,2037.0762711864406,217.16187538807358,41.36856983427171,0.7142857142857143,0.32,1,0.278450843266203,0.12702046019217017,0.5635587960643215,1.4998066920176931,0.2204887453157019,0.026934202337850245,1.0,5.261066775162043,1.746854120977857,-0.5616072305258775,7.106255747431874,-1.633408161110029,2.53134844168245,1
c054,-22.84186396379343,13.797134120442008,-2.7755089230214174,0.2966948431201607,-4.096382874293096,-1.323655069875331,-1.5805995710203489,1.1391292774074913,0.05344728925924837,-1.0966382272569597,-0.7632284095315006,-2.107279138506267,-0.24613847685299736,11.769983393462676,7.749902188002638,4.7294867411947825,3.8054095227081897,3.0906248909423852,2.56448952617879,2.110120202207344,1.5738056189564746,1.8867221647350618,1.6684016333799745,1.3731280099978607,1.6477666510130797,1.155473657417934,0.02986349039534141,0.019498367735876685,0.12714991341309823,1456.2002727175657,1288.8767906712785,1473.4729219143576,182.2380496928663,81.19699900827389,0.9849624060150376,0.145,1,0.16285827054680946,0.10996569286730583,0.44594660861664137,0.955398697156355,0.2993414354749097,0.07058874656997315,2.0,-8.904474763649711,8.36842640464884,7.610385416136094,4.0805559558257,-1.3628238855372297,4.301336379520939,1
c055,-48.87688995485262,10.985380313935957,1.4011779072179606,0.6953767391732708,-2.535563685111338,-0.8830242358504369,-1.9233144430723708,-0.38992723787059247,-2.263946893522449,1.2094274125415918,-0.4811165446329233,-0.19107498992429517,-1.4330549022226,32.166406246023456,7.080465628964225,3.4300421446523743,3.3387593643554005,2.6244261500783073,1.9240178011035827,1.9012998565202732,1.5385909936616704,1.6766189718636972,1.5954073097064605,1.2028606669956723,1.2237013003785782,1.4557205234954806,0.017711796480098848,0.01683553287237807,0.07828243073047858,1245.833478676047,1409.0914728702849,928.2761626550985,137.45889573926993,53.87806775100487,0.8045112781954887,0.355,2,0.3010143486136672,0.16374171733666104,0.6340401905924391,1.6091243296729139,0.20292068367334226,0.07169048658518924,2.5,-19.55459328952741,4.2810591977485135,0.44387831797451005,5.106500568592125,-11.230811620650263,9.996322674540377,2
c056,-21.312778972438352,14.348193448720977,-0.5258189304324121,3.982145505900816,-1.3260962203900557,-0.982564122399807,-0.586124304836304,-1.886983187978298,-1.371636160177811,1.3638840858905064,-0.405522763136468,-0.912030539812611,-1.6982842473366466,24.829671419000746,6.513453391529395,4.252346495274953,2.6636201568461653,2.3921895453446504,1.9581020192287144,1.8423197630322439,1.7511581189141798,1.6727157357840265,1.429497583665811,1.2307223898134454,1.299448785258032,1.0892381180136492,0.05135908572506243,0.037367156415134516,0.08326609729219143,1187.468630629492,1302.7437395186519,893.155526992288,133.00680953864466,53.97612592261019,0.9624060150375939,0.075,1,0.13814544461592593,0.07289324953456211,0.26262154217451494,0.563289093331365,0.22773552584388118,0.12125190031380785,2.0,-24.1782339535615,11.883030555535743,13.038098101135041,1.866531624602436,0.19877384907711013,3.834897713025583,1
c057,-36.384994271868656,13.10622242292874,-0.47165742565959345,0.11082542259664566,-2.8515966969006143,-1.210815171788368,-0.645939629933481,-1.6036812069907682,-0.3783147910981071,-0.3801781958766349,1.1936492168223956,-1.1967612830697538,-1.9890041621777925,37.90047395807949,6.23369205248072,3.849904932869121,3.262451945652472,2.8749863739351005,2.1751006499488916,2.1884598656488023,2.0792260912331555,1.703132305240575,1.7812951087015736,1.4069278488486,1.364241611520477,1.5189639470595855,0.03505220046294626,0.03161530528632139,0.06820686397984886,1139.184194214898,1310.468506083541,740.4965753424658,192.273866759928,38.443614275276886,0.8947368421052632,0.215,1,0.18956661877001063,0.09881068202335166,0.41062656265701897,0.7621063959347203,0.2935202020580681,0.10126215479623264,3.0,-20.202998244250963,7.322718079196372,-1.4898998680280269,2.9786735375021167,-7.758301795561095,3.693511630785911,1
c058,-43.450111781224514,12.285949656217511,-3.6021227563364993,0.4488009799497103,-2.7868099390146717,-0.09427850349084994,-1.3049825374143147,-1.4004677630594644,-0.40953098007458905,-1.6769163599173662,-1.566282466222119,-0.5264031833677566,-1.7226014575889437,25.42033495597737,6.7023764671067445,4.2169585525974504,3.3272307285701586,2.350759276372445,2.2462575747708384,1.7666122267601398,1.8030256444393054,1.3399175588914458,1.5083425906690486,1.421536572077814,1.1187198892426642,1.3173670604397112,0.02446687639885721,0.04199875990169547,0.08498307619647355,1205.2829399393715,1217.9147124686176,1012.8927334472831,238.3506889947139,67.40579070045722,0.837092731829574,0.3416666666666666,3,0.16249892212525663,0.13608543706893156,0.5742652578677058,0.8872521943231567,0.34644163781746373,0.07798478385974196,2.0,-22.12838265655517,1.7793961967024863,5.763768092872186,1.913841198130968,-4.532135153234283,2.9594751734973936,3
c059,-39.976616157095165,8.34885976951998,0.0735670241083963,0.6874961860798026,-1.8713513558085184,-2.8602496391252674,-0.4563518183715386,-0.746485414790274,-0.40993696684806885,-0.8820248133910591,-0.4748393283508575,-0.45181180640606594,-1.6109025199061544,57.97108102624365,8.110250762602035,3.905245114738558,3.01260830175319,2.3107848603479924,2.770808950723592,1.5731460251691909,1.973390402245249,1.9165003304983552,1.4934857592180584,1.3594691441965077,1.1394522064702526,1.4230229825781489,0.09238817609486638,0.13688647509638927,0.10169041246851386,1575.0488117837556,1508.839744016956,1453.2251602564102,194.43201311413455,31.55235170194294,0.7744360902255639,0.25,1,0.24033319876515954,0.09692421049375624,0.45939726400896336,0.8099417096445213,0.3996597033417186,0.025584332024815717,0.0,-9.30973172573216,1.3759306619398477,0.4011743286514339,3.040270676025951,6.072000609114259,2.1861296626845586,1
c060,-32.46737455340746,18.052366687622328,-2.0549299567409705,0.09778781550875737,-5.122974388279368,-1.6953882510948153,-0.9407709986402937,-0.9444182222659313,0.5166154337430146,-1.3758695030538994,-0.7480144789672106,-1.586447905702287,-1.782335571387831,21.16329630892473,8.48206385485736,4.832830292051527,3.25845665980033,2.7524910284886945,2.4228021706222194,2.111312544099518,1.79138823021696,1.5327470654110238,1.536126858215353,1.3940652044878588,1.361583924952514,1.0942918725745834,0.03760058253640631,0.02848667195482633,0.08158191645675904,1026.947526974761,1008.6511113051059,954.4610575428445,160.20701566731879,42.97464094260257,0.9298245614035087,0.14,3,0.32321061768745823,0.12636865088692742,0.6562159587423302,1.0679645948647847,0.3277206660524039,0.07814355842065257,2.3333333333333335,10.67530670732774,14.606120862344886,2.8162465554501193,3.145467223177002,3.4203750684385916,5.051514271725206,3
c061,-24.83403627573768,16.607497940367647,0.6454811444027668,4.567192406158412,-0.861116058587978,-2.5477802070987625,-2.7342393828565497,-0.9937311157435069,-0.9136736546057447,1.763130221548003,-1.3137670966598982,-0.5703455997742574,-1.566600029704425,22.1288943725734,7.609903768209122,3.8418334979170154,3.6779085009154167,1.9514262815277563,2.7014432104564072,2.069492322644216,1.934811632568588,1.6534749582760553,1.5908168507648317,1.4951851189688998,1.3808911039410585,1.4232943524410784,0.06629526073967648,0.06547211224245976,0.06761403888539043,926.0479900406074,1085.594204430071,698.1322120294099,113.53060637286593,70.60833574331187,0.9436090225563909,0.0875,2,0.31832615151884935,0.08895425485598825,0.3884608484314944,0.9083664745979222,0.3027166961311434,0.03917215866319978,0.5,-15.34105820213021,4.905505568549422,-4.527791439981046,2.397163213101342,0.9628029385452119,2.9857072665915525,2
c062,-22.01835732845562,7.807619379767094,0.04307694581889359,-0.10470264255611675,-3.9657595755254755,-1.4247069527282785,-1.6459564111426241,-0.2554599028596516,-0.8036381048933264,1.044931855345899,-1.0163475015969494,-1.4610192163996603,-0.882780638534937,39.02795082539218,7.214330959391089,4.582407836797917,4.017143395472068,2.7211710678883017,1.9824964406366619,1.9248120173079752,1.7773983747251698,1.5908663322107686,1.5752822855364792,1.4017879471410875,1.488122323048984,1.2338746874295865,0.06549488540386339,0.04813876972282446,0.14839814231738035,1861.4735728420922,1588.1691270598424,1800.186820652174,198.07558895091117,25.77639275160758,0.8947368421052632,0.13,1,0.20650094878166148,0.07513881932207102,0.3245575491054818,0.5700504117834587,0.2974479715780424,0.07027257235637806,2.0,-2.223371044795925,3.4762151471616143,2.7328314501849666,5.644211160506193,-7.761577628544505,1.4487424903319999,1
c063,-61.36962642984014,8.632260270581941,2.271872766592301,2.369204433756109,1.5263007066222238,0.24363624731918626,-0.0872888122760048,0.45774828133396744,-0.5033680321804397,0.37994873269151597,0.10090487004343321,0.09577166119482212,-0.22452752451007205,25.594767568857257,5.230416235108576,2.9485472840353086,2.662491750363465,1.77664567230623,2.034283298684444,1.7303482411133644,1.2838272637082961,1.4801904929464889,1.2959950547486065,1.0157923404454636,1.1797547906668955,1.063496968647809,0.01571474663327506,0.0176187081868811,0.046699858312342565,1136.2747416778857,1518.1763321700678,634.044256338979,232.2112957427624,149.3386514837478,0.6481203007518797,0.38099999999999995,5,0.18402942049916385,0.09133483768090014,0.37641156198448084,0.6802933142739117,0.2427096520767015,0.08897807822283746,4.428571428571429,5.701317843941649,9.119695269782152,7.581001820964166,2.326863217786841,2.5657028092096303,2.651841244134635,7
c064,-42.010237753581585,12.801517540286888,0.7361592696864736,2.0676163391333713,0.04450898664301955,-0.5181670352029115,-2.0438314881353508,-0.4369011283976236,-0.8729398693542922,0.740892431572746,-0.3461266917650545,-0.15178412957900006,-1.4092246786807499,33.33076395576835,8.114419291942935,3.004286253115029,2.98482423764933,1.7421415595778185,1.9489697630452505,1.9411468804189411,1.4170549009574125,1.6335369773171942,1.2211106344419806,1.2631918206784936,1.1836800591000878,1.254582041318123,0.030806645539951424,0.027292293628800424,0.06517878227329975,1093.4637537848835,1262.325239341696,834.7936934250697,134.5239960490337,75.5310147717473,0.8458646616541353,0.23,2,0.37676986601777224,0.09030524775184777,0.36901255255948096,0.8242444692241748,0.3354506366379475,0.030212213918606987,0.5,-27.670864702639655,2.245903147972717,3.010761256595012,1.157579301506925,0.01423022919830412,1.2159743487816084,2
c065,-58.98816144804166,6.879008206176603,0.5481173696399878,-0.7246475973363861,-4.216272114834477,-0.6674449350230313,-1.8842181075488502,-1.6350142356342774,-1.397862020746359,1.0347678496904835,-0.13734066294062616,-1.499051781048041,-1.7116793005933355,42.30278451127904,6.046402384414279,3.097966839616319,2.0772086583184364,2.806949855321443,1.4850190114378552,1.960914462208174,1.6113454147436075,1.6235824822758467,1.327472726985665,1.1319339798031194,1.3890080849510238,1.4685377926906948,0.1104958901770679,0.11156156030852342,0.0656584540302267,1326.4880877646422,1406.7978109818087,1069.9495032326897,208.08040629067693,25.531768352341587,0.6115288220551378,0.39999999999999997,3,0.24925925280374495,0.1027235496059051,0.4854308606231236,0.9270347425671511,0.2762733208734651,0.07900883804384723,4.75,2.8763038301896913,6.1475579498240185,0.4161870435257369,2.165109679960721,-4.602110357085344,4.623734392548135,4
c066,-47.78698926878784,8.01497844264449,1.197676692339944,2.932015505287813,-0.8934379638707582,-0.2678197056265095,-0.6457143410146349,-0.8957516104713695,-0.12550931783772115,-0.11618849385355434,-0.059686314854680414,0.3368265762943865,-1.1136244473789971,56.185898592244115,9.835476780523052,4.135517833661236,3.3640440140575576,2.1743036216284395,2.463543287675001,1.9367822011809936,1.6640952905997912,1.7427213654004219,1.232540423673283,1.170692772089383,1.1213559689047556,1.2894569585466495,0.043586803941373334,0.05744509691464033,0.109709540302267,1652.4643188340585,1444.0289524281268,1542.110655737705,156.10433735339262,120.5607591558778,0.7518796992481203,0.29,1,0.18381898198194538,0.06970971354811371,0.28034756027846813,0.698539243275665,0.29555931496968657,0.05034948368194988,2.0,17.92215459227761,2.9572896181933888,-10.935863737655774,2.210393254397506,-12.114052982044676,3.5435027774925554,1
c067,-26.36790563300228,9.304853445694032,-1.4072216873332617,-0.20960471870522124,-3.689670069401315,-1.4997159852629225,-2.3969540779860044,-0.5106737041155158,-1.132987702152903,0.742382731140508,-0.9311839622637237,-1.3928455602498708,-0.9332297685700621,19.26266852171718,7.382077145789509,4.774502044832389,3.3607350089729806,2.7201681292092577,2.1778974914331775,2.0737206703669067,1.8011520639744552,1.6854631868069323,1.406812467403264,1.5713024757599132,1.434711562716266,1.2315291541765074,0.028819549498325905,0.023434569252817183,0.15146066199622166,1755.8796184704956,1509.693376556773,1752.8036560971996,183.0583743973378,41.26874510079448,0.9398496240601504,0.20500000000000002,4,0.22587063905479865,0.07168579721193719,0.3472322100016658,0.646931474832666,0.2597454303735926,0.06542568570011272,2.5,-16.763289698833585,3.831790418584329,2.2788943093466676,1.4808223835338032,-0.6027707444045675,1.5721031867305322,4
c068,-65.6527427746269,8.047822490696076,2.0055040601794274,1.8839109662049498,0.08879796349436501,-0.09571837130180855,-1.677791367333219,-1.0365126799615296,-1.1601938224945239,-0.7051349962437575,0.45964847731695685,-0.5879645198846059,-1.5723226481031023,37.58854262866662,7.181692163610738,2.9278929819264246,2.824615731063313,1.5956845487970928,1.6368357321640576,1.7027181183263849,1.2059042823976518,1.3101692596361225,1.3154549035769203,0.9899294253826416,1.044504331061365,1.341343478584698,0.021037412678852896,0.01741083086318482,0.0648106239504618,1323.0281191514568,1450.8341740017074,1019.8992014881695,102.54091668532298,35.812694600810275,0.6215538847117794,0.395,3,0.15121611555918202,0.08556635127986667,0.3502000531569102,0.8537269850216068,0.24915852722208118,0.07029735169739258,4.0,15.708509390594122,1.4511857918713182,9.395323757502974,1.4676660663828456,3.169010700521479,2.8382889201576886,3
c069,-66.66783150660231,8.855651282207322,1.7740960868304902,0.7879645556007068,-0.9411401925666215,0.9079988937765121,-0.9292664045824222,0.10168701951145279,-0.6135411642450029,0.4471028894017934,-0.1332451506076623,-0.5081950032677186,-1.0445845748355258,60.33071694725293,9.214906223987608,3.171817005130309,2.5181665098715054,2.630599130280954,1.810950019568531,2.1737761653839005,1.477684747708304,1.833871411890173,1.035641612727031,1.1313720566085717,1.245070414329197,1.4502953026521475,0.032903153320888265,0.03986324566531155,0.05300987877833753,1195.3073930237144,1350.2143630394055,916.4640077821011,161.993304559818,75.83700309866734,0.6240601503759399,0.425,1,0.18271095739540877,0.10149597038356341,0.3749660301538031,0.5943213515074206,0.22529298323141944,0.05766451743676256,3.0,-13.797401569806471,11.620925761260041,10.964900913792476,2.8915019318466597,2.940924131482015,1.3578532412951227,1
c070,-50.35685260244309,16.02678398215192,0.07687525923372873,3.4657832061611984,-0.2360980267793304,1.3958968907672018,0.5846194117998479,-0.07796550650263655,0.1536666449262887,0.3997890127142537,-1.4155071670299046,-0.650456582960449,-0.6232726138929668,32.789135175515824,7.52818646995839,6.104899873188063,2.9692311528640456,3.026262743872644,2.750552323155851,1.7897560659564844,1.844945860972241,1.1620048879525258,1.3647819962287333,1.843388741610813,1.4949442289159975,1.166706954811678,0.012936752463940647,0.011982403432090435,0.05839696158690176,873.6462924654732,1067.551764571526,651.3113079019074,134.40425432959054,116.51860818758722,0.8796992481203008,0.325,1,0.1345273680410103,0.06678184729170987,0.2307254775503379,0.6735386414176279,0.29967322750618863,0.06337072908305894,2.0,13.885009377532777,5.912721915570029,3.052892640015181,1.2006655332369525,10.730208544538067,3.239600544554465,1
c071,-44.32136512776153,9.312949230799367,-3.736331820924113,4.857722209977297,-0.7859828991115653,-0.8212991612133043,0.9217553185227378,-0.45340948113720797,-0.09119384524267007,0.9724610585764358,-0.2942677880481921,-0.41877892829018837,-0.8354823221003843,44.83904761825221,6.964478305046646,5.814567518378371,3.8896201235066026,2.333698984795643,2.517795548233328,2.108092345402006,1.649886338710918,1.6891257098536014,1.767949531722745,1.059322278991841,1.3369861665255454,1.2513737852844407,0.020731166939868612,0.024124901784005014,0.10872559823677581,1583.421958486364,1369.9359539390134,1653.8880813953488,169.22925342103184,125.02101806265132,0.8045112781954887,0.375,1,0.2576163872878272,0.15521504517264104,0.5592532766957691,1.4101756597840271,0.32209241956674306,0.06414933137064834,2.0,-23.263307147490867,7.242187196462855,17.035355183896527,3.3270977625736067,-1.256947762293743,1.4958211558030359,1
c072,-17.74816414573786,19.461368621005068,-0.05988359713434209,1.3632195363117439,-2.359724235371731,-2.7711377101531687,-3.156306898163593,-2.2133612184179583,-2.046219617313321,2.312091186077568,-2.063594964000699,-0.9761983063026907,-2.33384598872433,20.00166844867062,4.228919514373192,2.835919864530446,2.197033196872023,1.439764432252508,1.835039119534042,1.3704599495638472,1.3565765690039089,1.2484892941488326,1.511157240495281,1.3105591146572981,1.2566995906111507,1.3860003860665222,0.08666610633829061,0.053206964526415566,0.056689822103274556,763.2035736129865,974.4583161074162,573.1803797468355,122.5097021007556,29.951526841510418,0.9699248120300752,0.045,1,0.0867620042853295,0.06960184722962012,0.2664045309653012,0.7461190437082282,0.22785438729890672,0.054141054356003554,1.0,17.8064526869948,4.673369222618217,7.25299669854721,1.967289819452667,1.9583151473819747,7.934827962827841,1
c073,-24.049680820530874,14.405504719766814,0.8190418837771449,-0.7096906756969308,-3.6060682154331425,-0.6262266421045659,-1.9378522252623689,-1.2642795426790066,-0.7206954211128311,0.6056045759148871,-0.8232815909793806,-1.2116153440678072,-1.9293518718949652,11.5980889694393,5.731722062229764,4.958162852402957,3.541347959134908,2.9684811748433377,2.1053832265211545,1.8679244771208297,1.8058105603125996,1.7267985237234134,1.3544034594582994,1.2382027781211629,1.4238627074304182,1.342647279431895,0.04298653616659875,0.039328612971766846,0.08184430100755667,1134.1587481287343,1285.5476281074143,848.9452141057934,179.18616604289898,61.60539321614683,0.9849624060150376,0.07,1,0.1504359879967405,0.05672967466071695,0.23509528415243938,0.39617374341899897,0.28965888323179617,0.06759281761749274,1.0,14.886052481826928,3.226147616685209,15.164019774891385,2.0218668408313487,5.235422740097885,0.42438159060636205,1
c074,-28.50824293708136,14.293851838131273,-1.6172614365415257,0.7840566646634232,-4.011255370468215,-1.9369317208117904,-2.085852288972251,-1.421844618557053,-0.002721378333296796,-0.1635255227217416,-2.026890372711568,-1.4848115897131948,-2.001038581814256,13.48123834407635,6.364937060616718,3.427492133686351,2.6363834240182413,2.334011903839597,2.164891811628385,1.63396912821062,1.7235217958644178,1.4676235428356723,1.3988797954408687,1.4633492663990448,1.4042095814120035,1.0945840162224145,0.025616155095210622,0.023148853408337843,0.0843976306675063,1126.8971706625034,1204.7631259581979,895.1511335012594,172.6939118054375,43.62893050909779,0.9624060150375939,0.16,1,0.17689147326338883,0.07276188798170194,0.34844634965498245,0.705966477454473,0.1290134432968271,0.1248261969677223,5.0,-13.262404653155398,2.522020575491198,1.4656635057422445,5.322427591045523,-3.296396999448495,2.5214337273941934,1
c075,-35.894788995422914,12.28367750543336,3.114811226986304,4.109307994216057,0.841022063431571,-1.4002310733717036,-1.638621834432998,-0.37509814086957916,-1.7810520943103654,-0.9719356090087735,-0.24627392805715173,-0.026455565448968734,-1.7151822184322096,39.891501829368316,8.481493008507844,2.8799939333391738,3.3418068539418235,1.8725000783535468,2.5059742585453897,2.045982454891245,1.360212414619851,1.5526860663913429,1.6430070922544526,1.2160440142250213,1.0784223955721057,1.247736661429826,0.0505444544150288,0.04682216421760585,0.07374153809823678,1110.2991360201997,1305.4272129823494,797.0063025210084,119.5457094372671,61.25842377620636,0.8872180451127819,0.175,1,0.07616965047804515,0.07346259875408281,0.26176040420947827,0.4952233901869858,0.28539228071746414,0.09843702906200498,2.0,-10.807673477284768,1.518845587790446,6.8437951506132775,1.3792340467545032,-3.302111825870201,0.9284467778901022,1
c076,-52.87814590187902,8.422800465834326,-1.6948106715330662,-0.6979170287795368,-1.9675395568172638,0.15991434829847703,-0.12226081607762354,-0.7313995315296811,-0.9904532945437406,0.21060552151712872,-1.1275801883728194,-0.6169758371900554,-0.7140083273862982,44.730159322810664,7.830487036573886,5.10674566046386,2.5834510233071626,3.187261554959828,2.1063059972523965,2.6422431407442786,1.9210285779823726,1.6647696784403097,1.156036408321819,1.3314534789031103,1.2308121264997702,1.0624971816725295,0.013810417055680934,0.021388189218901066,0.1263283217884131,1659.3984326962639,1465.0065429725767,1692.4242424242425,159.4370077745123,61.735112058688046,0.7969924812030075,0.53,1,0.2174897293163113,0.15157396388796532,0.8244749604085617,0.9382655675650898,0.2711870341782448,0.10874556301480572,4.0,-5.3698860608774615,2.7610207194065604,6.269770786634855,4.982415135785954,2.666534286553359,3.694028793952032,1
c077,-25.89361158121819,16.934682109277123,-1.7412190194715398,3.956843873339492,-3.247343680191695,-1.134224855249357,-0.15641768070040918,-0.39160492625063403,0.6981082692522022,-0.25675742728906104,-1.7004583050537567,-0.35347282205068326,-1.417875614787199,16.045089477724655,6.752971040344285,4.640332462813892,3.67303673066893,2.5237701657712246,2.977825188000003,1.8341298515085689,1.6612732656078824,1.693966789876404,1.4257306953054796,1.8213470771604907,1.363486849990061,1.2002034006636182,0.03460149045262974,0.02464630560923323,0.08233135232997481,1077.5372101623961,1140.9531021582234,919.5528967254409,107.36805105889798,31.857098116554724,0.9548872180451128,0.17,1,0.1933528801760913,0.08607978650276131,0.387363375747284,0.7916683794209552,0.20144107516952528,0.09418573183899115,3.0,-9.892714658735851,11.414780508668608,14.706157588882233,3.651212579684808,-0.2715166292964011,3.9983418062982876,1
c078,-40.2668581029314,12.277040600975376,0.7543616970738084,1.6988133104550265,-1.6513428781672843,-0.6048169896495396,-1.8030683596510766,-1.009468350811763,-0.03362824410289017,-0.04632809817818073,-0.21515361130163724,-0.15934511443060065,-1.4304181692329578,26.480593552207207,8.681847220726715,3.728534555494594,3.2388738968899555,2.0956166153770748,1.9537148182880475,1.9882161818316622,1.5511045613075272,1.318428192825655,1.3040391578526813,1.1189346223289431,0.9909120359543709,1.3703418316747529,0.027283389842999318,0.023799855511672057,0.09683793818219984,1294.6501930102327,1306.956068904338,1197.3179322649758,100.97265213310614,53.71021941330025,0.837092731829574,0.23666666666666666,3,0.10086635211685922,0.07982045866071875,0.2933074375673011,0.6734362220673186,0.3585625077976425,0.05054029473948212,2.3333333333333335,14.504307082281704,3.0366186853746218,-3.448750521809893,1.9843998646168914,-14.491172497720891,1.4675433215496672,3
c079,-55.05785075541884,14.104910950524065,-6.390330695664426,1.9372984826661395,-0.8580515957785134,-1.4560987648705825,-1.4055283120718858,-2.0775030566760737,-0.15483071416291078,-0.23772350631660166,-0.8132664104887123,0.4462538606698738,-1.7172022656679036,33.456514918356106,8.531206900358821,5.5257066899207,2.71597463084313,1.876546259134321,2.0446713467039754,1.5553494781186181,2.0430317795013613,1.2435095622434589,1.3588656491986368,1.1914277487514982,1.1710924997111454,1.337899416124956,0.013636573076744408,0.012605678028310405,0.08247648378463476,1183.1770399232341,1078.0903381920361,1119.7111526976519,163.67362926149207,11.978129857531666,0.7593984962406015,0.405,2,0.11355750502156049,0.06375139200611346,0.2884777795296263,0.5662017797445736,0.28007572059148367,0.03810397582653158,2.5,-11.63862135104926,1.908952850381638,3.2673446657452185,3.246571609637102,-0.5648982561927443,4.524446974848799,2
c080,-10.815259432435532,3.663405433009504,-4.285752228771709,-1.4074346278898562,-5.836283947995118,-1.9849329432812226,-4.861135613791414,-0.5731331612907938,-2.155002427993959,-2.106076545901305,-0.9005551291764078,-4.105639139327422,-0.8508657923618012,5.289804805423354,5.644757523288665,4.935515840580152,2.9338912960834684,2.846601720228534,3.06276178210379,2.420531210764474,1.9877311717862625,1.8797860321003068,1.67841851794179,2.452823661215318,1.8685293839164598,1.5389632735922147,0.060814612838099254,0.030328245443700996,0.17350834382871536,2095.173496965442,1704.4558859176911,1916.4829974811082,243.6971911068555,27.799342082028936,0.9849624060150376,0.0,1,0.1745598121675791,0.08581868761584022,0.2989941931338199,0.9097557589518257,0.23930783406276912,0.09826215152012802,3.0,8.767195102358343,2.458120903017029,-0.13936749785167113,3.5414380714304703,-1.708428989963088,1.2856378678477158,1
c081,-20.006757045441947,9.137495841548475,-0.6727837493247025,-3.61835763379382,-2.105108481009323,-1.998005804176173,-3.544634397096556,-0.6573932452476177,-1.005187326661171,-1.9482008487233007,-0.8147545488843455,-1.5901393158054449,-1.2445779083621373,12.873390874769546,8.90828455166272,7.5076905584700535,3.6496842575661717,3.536760691328434,2.0981807530487826,2.3087927841758877,1.7564186944571214,1.511544958318471,1.7834113467815593,1.508570317845548,2.0295038053892487,1.2208434887376984,0.06483154364088388,0.06757657255061514,0.23517691278337532,2212.345552557665,1552.6126785680992,2485.2015113350126,210.24034017966986,37.65283543316597,0.8270676691729323,0.2,1,0.23704065936795551,0.1026223944039723,0.36014236967797464,0.9267989792260644,0.2818317176307365,0.06276419622439505,2.0,-2.2275115212179175,2.3747846972098436,5.574531606058603,3.1675183818211488,0.31378816087087125,17.674962077229086,1
c082,-15.392064690556237,6.662584263391645,-0.5445191852316427,-0.02725309390372116,-3.6223817007105543,-4.495921074879962,-4.0751742887213815,-1.7275066040397664,-1.442292989169824,-2.2962060237515933,-2.7461182149989507,-1.931898212710283,-2.782526738561246,15.957451254027283,9.336839925039827,4.7809119036610905,3.8687625051696863,2.7281580832919388,2.9099684588979455,2.8953937226954767,2.4049864757835078,1.8389806918870524,1.9251849221448913,1.329607493765437,1.2913854840084489,1.450618039917084,0.08252446667988987,0.0695508560961438,0.17977113507556675,1881.5902995535903,1490.7318692300669,1882.0056675062972,151.17871385617556,45.73052709437984,0.924812030075188,0.16,1,0.35902736653664075,0.1496162015865593,0.930566144540194,1.3545561013924485,0.28030368269836947,0.1508067218133583,3.0,23.73694934365431,6.02230347943848,-2.290132906746406,6.493405034195612,-8.967137695868997,4.411182370311266,1
c083,-25.86314158405857,6.372410430386457,-1.386027861227431,-0.9077696953137494,-5.318588330595138,-3.3871265661541266,-4.028232944856106,0.5338976159034107,-2.945778871323203,-1.2748038971868378,-3.0200341896692273,-2.399511672881362,-1.9593766461291338,15.473147032587738,5.509903285962518,5.4519154950391835,2.8047355029015217,2.9835149171614943,2.796762508572781,2.185859065162085,1.745444061787657,1.6983528276165878,1.6992067680558403,1.6776150002567336,1.336424190868155,1.3376949884705152,0.020991120932901865,0.01508098858632813,0.13429005300167926,1878.2213464227796,1717.481652679506,1665.9057514693534,180.80356673545714,31.040827939138364,0.8972431077694235,0.21833333333333335,3,0.14514049318062353,0.0722421585870901,0.3232156557686023,0.423733119388557,0.19835026852819515,0.06424302801732996,2.0,-12.977562604311494,3.043307525145704,7.224317677381511,3.0193864763562703,-3.1794864559780827,2.66683360180159,3
c084,-23.862423137020688,9.959396653340974,-3.352662566884659,3.5229459105397565,-1.3764021331625262,-5.164692720347176,-3.51977638285056,-4.20544102700878,-2.1300722156720147,-0.3309303020794138,-1.7499386928729537,0.03970013775800865,-2.718271508160666,9.946913254991063,7.255130689408118,4.5643605082918475,3.2929585168082416,2.024131297843448,3.3541120210653173,1.8548827949960975,1.9140206304110583,1.505858148107197,1.7108207637216986,1.5382834624772488,1.3346349595653917,1.366244173516549,0.027582909306976967,0.019898600683372195,0.12324366341309824,1582.5697463122326,1398.263221118611,1409.3986146095717,132.68369359221072,39.407834858670235,0.9323308270676691,0.18,1,0.18716792603856636,0.12207388716945962,0.4091140715527987,1.5469557307881945,0.10606123813338314,0.056120634225050745,7.0,10.496330020099986,7.406643001456529,2.333059416583045,3.7183890502642525,-6.457966439091216,5.143811593092282,1
c085,0.08588474629057792,12.930551457224182,-3.7899604164957004,0.613559305092541,-3.442269983127705,-2.5030934429238068,-2.2125579983108494,-2.2841169553021774,-0.2444214168264277,-0.24136603842735252,-0.9839530199365493,-0.5340631509680803,-1.2268099472564555,5.61683689241314,5.239681374623699,4.063199034717829,2.4807661955121736,1.6086671162526123,1.763166707148163,2.0304552276687633,1.582183026344005,1.3333240169521539,1.4522128121187199,1.1979339953870267,1.2755867819713356,1.1307424302433031,0.1281910588216154,0.07178740951853775,0.11477684193954661,1409.128857678976,1360.606717466002,1228.5369437447523,143.7671325992893,27.364920525323612,1.0,0.0,3,0.18265697774090014,0.08572175927911613,0.3107315822806877,0.6512411356246951,0.25534564814740596,0.057288197341960494,2.0,-3.054921319793035,4.256450501387058,-6.886337146278784,3.324335712586072,-2.856951126838188,4.7616402222443615,3
c086,-31.78488251955121,12.709657517286425,2.963179024507338,4.043649440004736,-0.2559271081570884,-1.4697033439252627,-0.6026840607904899,0.6434530016126333,-0.974257724763022,0.6186419801777728,0.15067366393995285,-0.08457325397584757,-1.1297392160343942,10.602631096041454,10.945907461895956,4.594376857483377,3.7871078366026056,3.095517913741042,2.9805783144892413,1.8814257920237274,1.6723771898428776,1.7806671331023094,1.5046175242145523,1.219667263171728,1.284241907098663,1.7748471124936305,0.023404582489526687,0.020946359104100195,0.11026054785894207,1367.0369487893058,1286.3525287795726,1178.4477329974811,110.25799736731695,60.70519770623651,0.8796992481203008,0.26,1,0.22846697088763407,0.11983219411260489,0.4899946672463844,1.0995399470903437,0.2256076009943744,0.12975211381414142,3.0,-8.788448767000851,3.5898679312224657,8.044996983132423,4.285984173065162,6.341455326682561,0.9523055611025643,1
c087,-23.81654193194652,8.290984521576362,-3.400917423413308,-1.8869276474676802,-3.8152515529583066,-2.1455374674388508,-3.6910568794721765,-3.2191414700949474,-1.6046679413657758,-1.8181262613486755,0.13154592920853816,-1.0365730370835606,-1.8302267606326534,6.353806074743099,3.791998312005457,3.1951970870130824,2.337655093053906,1.6818334008017954,2.372428110823277,1.5610631787147848,1.7456918336193508,1.5348584472240148,1.6617886783209688,1.38943803733047,1.337169564420901,1.4085958858473933,0.018335773136702614,0.009395670238216181,0.10994076668765743,1560.377283329518,1572.8859024285186,1188.1297229219144,279.4318279335351,53.47715182125015,0.6466165413533834,0.045,1,0.18330983635093062,0.06715218807381827,0.27295309085197766,0.7363192625081125,0.30554231078312055,0.07388166989652917,3.0,-2.4366734366885714,3.3455662583068513,2.163667323402415,5.776558308498504,-7.8312891988017475,1.4166012485156296,1
c088,-31.392290712305506,11.33880607817109,-1.0273789243740656,-0.1937473060978224,-0.8787484967277319,-2.5197251464396784,-2.1868910957675607,-0.43309668353699926,-1.47080321101301,-0.8480953893995029,-1.5647581482421788,-1.7282363713367064,-1.1319518111958222,12.915060772626134,6.211182508658846,4.089499660496688,3.8394502493943485,2.723881341636441,2.9250735233202665,2.6738491759075553,1.99866105171175,2.0476373823852714,1.5363811854351377,1.6319878663662566,1.7663946855783617,1.4339925345936635,0.01893913468046243,0.016505826273476874,0.10625098394206549,1420.3191179469084,1477.6660485521363,1122.4023929471032,155.99437178907635,47.638859953939864,0.8195488721804511,0.32,1,0.43519518804776913,0.23902882267579323,1.0621013590145656,1.3673228419660945,0.29762638481387527,0.11091790407764049,3.0,27.573199576971774,15.790120238489573,14.45287464151867,2.0043261995758264,-3.086176173169535,2.8680614335046766,1
c089,-33.395039116837054,7.177817618043364,1.8895045654197953,1.4004555639349696,-2.9952512600992747,-2.346804181315734,-2.4980941696570067,-0.7053583687256012,-0.8145405997452502,-0.5204950126218058,-1.5827084064488195,-0.5355346608721702,-0.7191299591961793,9.14132026405567,6.992460307263031,4.529571941552184,2.2067547444842885,2.1662382512324125,1.666900675352199,2.030036614592094,1.6000048808341774,1.6624078086217375,1.3148556983057729,1.6986276064881758,1.2817865448250823,1.1217696359898026,0.008963674107465996,0.006640384537960406,0.1810355006297229,2031.4701149691837,1756.9683216164067,1933.2887279596978,111.07697322072875,31.41068146045704,0.7556390977443609,0.3875,2,0.19659999308910459,0.08608649606524127,0.3246756833576123,0.680729664060757,0.29897779381376116,0.0706571661839844,1.0,3.7478298373687693,4.2340895648360934,7.315489760920349,2.2627012300621354,4.861321729143055,1.0771817673738324,2
c090,-40.212409580307,10.457205798429149,-3.254555473303342,2.920833031626493,-3.041724210684853,-1.6334349423598566,-2.780157161026789,2.545223062607765,-0.1464288778614253,0.8854932785407656,-0.8391392322645829,-2.2163627453438832,-1.2793031963886554,11.03875626892794,5.957440136436481,5.765207335202986,3.9513940264887433,3.251418162076551,2.6111745560565667,2.3135982311896623,1.8132079359893025,2.006953884564952,1.4624894688318846,1.7182690542259356,1.2287317475724708,1.278532488011271,0.006670442853793533,0.005165212693115555,0.12914239609571787,1623.852209096577,1403.8804850158838,1630.6675062972292,174.52404090351453,54.93997517154791,0.7819548872180451,0.49,1,0.2342003971762658,0.0888367632883125,0.40309281560648874,0.9951636850261716,0.3018307274719386,0.06851758662411933,5.0,15.316458733939726,6.49061793945419,-8.19128894693796,3.4903680499155274,0.7458867784046427,2.9984842801624634,1
c091,-48.53024380546746,15.735855275193401,-2.2209465131675348,2.7438502418238366,-4.0299032188164965,-0.26916472526266816,-2.8162208870574377,0.16105997862450747,-0.8747354577989499,0.2572909589394089,-2.136429283576893,-0.4599098845812044,-3.0346761945898457,13.043180155320908,3.978424674727168,3.627730087339679,2.927918514299421,3.016282930427269,2.75636120632801,2.102012899171614,1.6115117602814282,1.7520554565637303,1.468548705153471,1.7272721449751476,1.3209003026486887,2.2236163783954566,0.0067272792575520275,0.006126289132849482,0.06876033139168766,1064.910989764946,1244.3314579950593,700.6454659949623,172.04821516140072,20.512903369481776,0.6879699248120301,0.515,2,0.1840269832881648,0.06240773939722971,0.24388385337676313,0.6019427399110746,0.274635028998389,0.04306203429947683,1.5,0.3516302519222618,5.2338847977922685,-11.634216980606048,3.434022541288682,0.3337328422177029,4.269112884811669,2
c092,-11.75015440267672,7.188995058010915,-0.35909451677094817,1.9536955007007444,-2.4167999594881,-1.3362082505335033,-3.420935385712986,-0.8137822242605691,0.1460619288610797,-1.140764813273009,-1.0319451079703685,-0.8544676241293512,-2.0082108500738256,6.182825382247846,4.1944264473899615,4.261629188170813,3.509939871542791,1.8268534916164383,2.054882121445367,1.5310051319538354,1.2138217792769002,1.632933349260014,1.3506725725067712,1.0856334864235633,1.2903317811147161,1.3883121542132657,0.03081463653864229,0.016428135792256816,0.16108607525188917,2017.966618344577,1790.7769656552844,2028.337531486146,104.6706888874541,28.469764436979535,0.8421052631578947,0.0,2,0.2536073553197015,0.08188195046001945,0.3365947968328554,0.7380281440133274,0.2751652051928799,0.011424562834524149,0.0,-17.20772542226382,0.8911605010580106,5.249736424171786,1.4430467237037938,4.897628356549779,3.3900032237756617,2
c093,-10.929472376745682,8.450143083989987,-3.308548102780126,0.16221825880105956,-1.338106560915115,-3.5956677959219157,-2.014281601507828,-1.8873965955972605,-1.7340448750132278,-1.641592685264151,-1.0402865882745487,-1.71488740025594,-2.9871788968650526,9.967080638942729,5.695929621767755,4.447376364564848,3.362662675956,2.596945047659087,2.924029579023914,2.3218402507857503,1.9311312163319834,1.9726732581749058,1.8319036565134796,1.597668296725396,1.5004419783451208,1.4116549042298228,0.06893801507244154,0.047532334247688185,0.1264857525188917,1665.441511768328,1523.6624709581772,1485.3589420654912,192.87229479930568,21.59926019720534,0.9586466165413534,0.045,2,0.3437979785118571,0.15238400922035283,0.699889768321803,1.6097744813911579,0.3260893953030002,0.09526178142409042,3.5,-31.161022465914673,5.934057696992532,-5.481658736778496,5.4195311700791695,0.7839194389451538,2.7913668805056044,2
c094,-7.033789676324304,15.869607438241284,-0.13183625685809805,0.23321502287764057,-1.1697497986690557,-2.1353823761352926,-0.6015986989497456,-1.1243056290674251,0.07500909436254648,0.11236106805384234,-0.6085067107442735,-0.012076572390333749,-1.6029076465942538,8.879191640364327,5.555672553126312,4.283237631266578,2.990742705067529,3.3586154428679498,2.719836539008341,2.7993748399880567,1.6614372398645652,1.5914592886094083,1.649639445585447,1.5002152774449122,1.4264670100876835,1.4848127545545706,0.11268559610222809,0.06788638565447117,0.07677207965994962,1073.6970720300988,1245.5345194827623,838.7122166246851,152.63079969593556,65.0157418189164,1.0,0.0,1,0.316418974064667,0.11216133495780822,0.4904938154885522,1.2573838845754133,0.23175922300212634,0.06947392630075783,2.0,-0.34021207382168733,4.703988726765336,-6.458528403432963,2.889394067337024,8.27024028624823,5.713230574816204,1
c095,-14.586734521636965,9.354596550246983,-2.789507266374734,0.6977326634138042,-2.7392070975548113,-1.418103893387812,-1.0570987679881818,-0.11933810570824328,-1.4227617685275575,-0.7267586109535983,-0.6305307229720866,-1.04349963762962,-0.0900667752779403,8.712728785814338,5.452288023582877,4.639412104628282,3.8070855870395643,2.6325623027600566,2.57709538476894,1.5367856121302998,1.6333739159432665,1.5053191773524242,1.5293411615686145,1.5911437322592028,1.7583786597433553,1.2378523445083112,0.04582824249186417,0.03494607389282619,0.14073323362720402,1703.2107053982884,1549.329701118427,1638.2241813602016,237.89650854709214,37.17291604860361,0.8345864661654135,0.05,1,0.23744161090955168,0.07230343047011077,0.3475844538274202,0.6094079052383254,0.17718999649744763,0.1016948885134777,3.0,-13.474388001233713,4.075205139910521,-4.115052723974755,1.3454058572110503,-12.327457910636246,3.4472571287474096,1
c096,-31.92289568753462,9.440619716708447,0.8134849005398532,2.005664132145298,-3.926103567331741,-3.9393146577711025,-3.5463473820752274,-1.911988016067058,-0.8402192059465232,-1.39840591951218,-0.7104152981660317,-2.431120378689628,-2.025373829201369,11.484455324994062,7.016007221776538,4.470128519694713,3.572704181445997,2.9638342752338342,2.4384118905315586,2.1853505212591373,2.0290596422932925,1.5813469652068397,1.6747306771401924,1.3484620294130214,1.7515477204977719,1.3661636906139998,0.017311834606750894,0.014177285992225903,0.12065220599811084,1633.2258745447032,1570.1830190430103,1313.3461901763224,130.55226005392498,19.440059873079186,0.8421052631578947,0.28625,4,0.11855057036917133,0.06153433607383348,0.2625380635577718,0.44387872193096845,0.27035374262933876,0.04950437344978201,2.5,7.058786151669141,2.5632918824413338,9.695829187489727,1.111641193892763,2.855317941245197,2.0108458298123697,4
c097,-29.979020451960604,6.179794824698095,0.6724786189818238,-0.3051690462718203,-0.7894731808631792,-2.1477193970935615,-3.5355923412193744,0.11715617675305592,-1.9159356337797138,-0.3803761705201702,-1.5121618017644836,-1.592042003518749,-1.3693338427634314,15.476572761271141,4.663365485610375,4.7384098563009385,3.5590996470919523,2.9305360551314332,2.7611380625296267,2.5147944792401,1.9905870454720014,2.060596405723966,1.6010202539377656,1.7376017786436606,1.5824445595432144,1.248854979298041,0.019029335044677707,0.014793491618875948,0.13786504250629722,1992.8207207217354,1938.2144860109142,1483.5484886649874,244.77406975366932,35.41824808470367,0.7894736842105263,0.325,1,0.14707766229865324,0.09021874361118593,0.33320637645829077,0.5877486539555078,0.30408960779439104,0.03869183838491929,1.0,8.945089840907126,7.09034107703883,3.7846350949160006,3.86926041811665,7.508015369670429,1.68389534928319,1
c098,-21.3043725391876,16.796586592651,-4.124042984906563,1.531138194513382,-1.42742934702568,-1.5967609628980448,-0.322519223967014,-0.7658845224694698,0.5819132413730305,-1.0209900129292098,-0.8669913936943684,-0.9193196901260997,-1.7920602389713531,10.096323197487793,7.799783122306837,6.362683939758234,3.387410598167728,3.020832226069457,3.1352643577048753,2.721121020773038,2.1391709469382225,1.9268243857430243,1.6354365474586234,1.4353124461800189,1.2335690269839172,1.3777020601644416,0.044985199129749735,0.032922506538055604,0.09141313759445845,1186.069059796889,1119.6730867128472,1058.3280856423173,164.43302588874585,38.95757698504085,0.9548872180451128,0.03833333333333334,3,0.1615890977368136,0.08875358946325469,0.32954019874093105,0.5743055841616348,0.27586058656059437,0.05767840033136431,2.6666666666666665,2.9416290185885656,4.064652292434828,-6.065144213064042,2.8787739719312544,-1.517767824617895,5.640383901401631,3
c099,-30.282575465072913,15.581636873642315,2.4100457344407302,2.1262247223998254,0.4208444028374789,-0.9352667761325142,-0.881983435216121,-1.082877670472718,-0.4627029050945799,-0.5012199824582112,-1.0235031195972557,-0.6562843836752987,-1.4162171865904563,11.186415789671566,7.60342681464542,3.896106583608489,2.4660042879237802,2.084841571373409,2.1692002499336387,1.904302705399333,1.3743168135073935,1.626686244612707,1.3091524955906313,1.145762751217769,1.1411338099249366,1.2202630601932176,0.03229126416016434,0.03127959220255614,0.07572664121536524,1115.9102110877513,1329.232997160155,810.6633081444164,91.0151817954302,26.491145223579895,0.8057644110275689,0.2875,6,0.06978980779326081,0.055359138818682346,0.2327517109396707,0.46426579450159117,0.18634661736760935,0.049987394676583946,3.6666666666666665,-18.531244896817302,4.880544380993613,1.1352368509546527,2.107488092626884,11.995284368626736,2.1280585134341257,6
c100,-35.865916653840046,10.522669606337724,-3.3289405520469697,2.971606522445632,-3.0924103999110213,-1.5931487024285218,-2.786695771443901,2.5402763405244047,-0.12564955585503015,0.8572375080121303,-0.8066919594453309,-2.25705160256732,-1.2364569243936234,11.073845434401953,5.954637943997798,5.742955365590778,3.956024928487216,3.215968430051779,2.5918726736700313,2.26919668710723,1.791751784929935,2.0091327494707993,1.4300370411764207,1.7067672375603222,1.2426453942625497,1.2631949824585407,0.009419032925513453,0.007293320091718577,0.1292850676952141,1623.858287329709,1402.1922410798825,1630.1952141057934,173.8484291126147,51.801225563451126,0.8270676691729323,0.4,1,0.2153514465807951,0.07169489182475977,0.3553016447929908,0.7867978461303105,0.32937043802735355,0.04239917417994074,1.0,7.932772151212561,1.5497651800296606,-1.966455499259573,1.212780084183812,-2.0345117715724377,4.188691152615055,1
c101,-37.26108116968193,13.571957399217425,-0.8841369219257824,-1.62042999135728,-1.9849681167762427,-3.150447572601859,-1.708055517452927,-1.1986716158101676,-1.182147472917931,0.06888336372436812,-1.3592053975958902,-1.2507919606705036,-2.088667756641923,15.416785536296988,5.878124930474443,5.4237588502913585,3.466368365946071,3.659089972982353,2.6123930203695442,2.0355649806593665,2.4135436777235935,1.7991631294495833,1.672683962138873,1.4603898299822835,1.3077835915852605,1.5339995950046967,0.0183246791154024,0.023015734493570552,0.0988173016372796,1289.3842232486381,1378.2923679646672,977.5267632241813,142.3874860742189,58.52086311437983,0.8082706766917294,0.35,2,0.20523426014551777,0.0941506466937575,0.3937911967802212,0.9076247744435237,0.18479141731721754,0.03504332053974804,3.0,0.13313919508242578,3.292127315362361,-4.941129216359385,1.9780159618483908,1.3934659127621192,2.287257551938513,2
c102,-42.87854721441179,26.53850590833214,2.011247997634907,3.553880293696892,-0.6333430674199154,-1.4202261562699057,-2.0244671810655586,0.04500735279420198,-0.4918606619567142,0.7339597239221345,-0.7567259816330396,0.5066973702317675,-1.0147939885049708,14.670976147938358,6.377878273686046,4.998452187505483,2.36397682234686,2.5735173236195874,2.7870051154454814,2.3029199858880367,1.6529572694703853,1.8126564702870835,1.9372311481757338,1.452819890541277,1.1553587618650938,1.4473155318741528,0.029761208176789882,0.02261619295179923,0.03284890585642317,473.43613726283434,650.841739554899,345.2455919395466,111.70990343315775,75.4521792887774,0.9022556390977443,0.26,1,0.14109697778100366,0.07874934506618837,0.30001346651578875,0.9213301230074051,0.3211131273631448,0.028007913435403955,1.0,-7.601897049364603,2.743442446798515,-4.348886559344762,2.205634497966003,16.899173237531514,2.605464750171191,1
c103,-24.139179771554684,6.3779043717282695,1.9287534417977639,-0.5791018202204035,0.5804599221494434,-2.510686412793891,-2.0266742643545963,-0.951171584762214,-2.0513208162187127,-1.2284338031690158,-1.481601222030091,-0.7269158207364462,-2.853885463504443,6.142469374775382,5.384356877316953,2.8513000088752745,2.7180556472516186,1.4844175925614487,2.4840813255075727,1.792654164805411,1.4611783925457087,1.5637775037771937,1.5471643719606232,1.2722922845465698,1.045312758057982,1.9903908239403991,0.012782824413348711,0.00626956021105042,0.16794415144836272,2101.7534645414494,1984.8430856426307,1880.58879093199,117.73483632676336,29.967238725044247,0.6616541353383458,0.16,1,0.22384197701004982,0.0945088540550067,0.37939595161765377,1.0364999902027077,0.31197905458762887,0.05406574688243859,1.0,3.9505154297338736,3.9227902759929822,-3.953818156971435,1.5944129239020706,10.110601519864058,1.3800122778566906,1
c104,-24.468133267147778,11.752701383959558,0.8660979414126182,2.9692935434583725,-3.5802354716672586,-0.3248317668084243,-2.3860687446462103,-0.5310912470643927,-0.06839521911785204,-0.950967213879864,0.13023005233803095,-1.5654694798882214,-0.3953448781912819,9.560845980821004,5.160589043908971,4.668451041282413,4.484770423370637,3.0356988540654335,2.7358626310430427,2.2123532029483632,2.0744306163235136,1.5391236999497646,1.785342796703411,1.771308541630996,1.7537907256885341,1.2446054894824545,0.02464714759755993,0.017143795867319157,0.10413796835642317,1485.9465862142993,1567.7748555393073,1159.2018261964736,193.93458602067045,36.035649620008975,0.8082706766917294,0.1675,2,0.2775116452660698,0.1179461292115983,0.47933005826724645,1.3567254590958315,0.2692183033969602,0.080415941625465,5.0,-30.08284734059027,2.3190478457159913,4.354010954477601,2.900112252953118,-12.421451419615392,6.050169745597184,2
c105,-13.286952256933283,5.663411699553197,-4.101274749147501,1.492588843549217,-5.8816564046611655,-2.000923585190799,-2.738172335934383,-2.936812672819562,-1.151630036736512,-1.1825763261511197,-2.9229637732977465,-0.4974830323181369,-2.1597971730127448,10.643864933725684,5.940594485003249,4.247219003936503,3.6827546011144308,2.4141435386214036,2.6516090956546847,1.6195392549135461,2.1352851400280444,1.6157230882237708,1.4716825234230158,1.5569023022489388,1.2051501700760765,1.5932755752261525,0.03913447673911255,0.02756267824818566,0.18428742915617127,2141.371345257737,1622.1751689125897,2593.435138539043,120.05716291655277,9.504197375263491,0.8947368421052632,0.145,1,0.20096882752037107,0.07110106641733833,0.30611515599194555,0.8367418534775911,0.21966673800941444,0.0564301984660349,3.0,-11.274648798978317,3.7915982223690623,2.2601685692053617,3.0806626918381106,6.802582685649728,1.8179891058920625,1
c106,-13.623848010729768,8.560702522544391,-2.945209256612675,-0.4160452295865368,-4.869631410651401,-5.278784555292507,-3.9020428630474484,-2.9587214976684866,-2.970581601017207,-1.0801105004385312,-2.757647931950555,-1.9431220515615488,-1.2591030555531246,4.915581613447691,6.095523028782964,3.869528407859506,2.7391935600987116,1.4201762382336667,2.65938320444102,1.4756187157753022,1.3888743701640607,1.636213968835544,1.2842847051880424,1.124394109982263,1.217009539043342,1.0609440014859077,0.04228155665450753,0.021141925779177385,0.1266284241183879,1631.3460953835831,1499.1312646642966,1235.831234256927,166.54492268993775,58.11118668270751,0.8270676691729323,0.0,1,0.21854296675856513,0.09177210428596563,0.37311050746453406,0.9639133460392075,0.21503710132958212,0.08211952623962504,2.0,-10.38221990879705,2.125256518979553,3.985163669091051,1.1626239698779337,6.383096702417829,1.0739388133463037,1
c107,-22.327380851833944,7.811678817568998,0.2228156070177644,1.4904884330661443,-1.872329371745415,-1.1669412864927613,-1.139614947513863,-0.008577951272258487,-1.1881177972209085,-1.996952896304902,-0.965154156430448,-1.7345821615678574,-0.63228429411524,10.043488803141635,7.221887712738413,5.4973785034951685,3.5581704207816474,3.0246949354989603,2.5643754334040887,2.0164749475142565,1.6097627800973315,1.5940253259804873,1.667005731601302,1.6133411559365856,1.7086878246048773,1.172488729155441,0.02668196793070566,0.021332921536911246,0.16141077613350124,1927.873371280185,1662.6706246539038,1869.7654282115868,210.47187767816973,31.966384565196833,0.9661654135338346,0.13,2,0.20764864831878083,0.08794357174850997,0.4088902225583566,0.5250571987239745,0.22489563460420497,0.06728539905552103,2.5,8.60704130572232,2.942175385193401,1.8429015906232245,5.1724803008516425,8.023645240270877,7.045999822954187,2
c108,-21.982456745238796,13.574500530522842,-0.1192810306924297,-1.7515874796760105,-1.4929269285003612,-1.7445193264504741,-1.995432400045682,1.3718184834152758,-1.587671116647712,-0.7441592676157646,-0.5210221915321303,-1.5148975114210148,-0.4407428012397712,12.240189295215613,8.638485723158553,5.732253146704651,3.603108776096179,3.191020698533364,3.0035215585223938,2.28204288317309,1.844691949272482,1.7353699296821417,1.595630917640885,1.5943266396337217,1.762394978618327,1.0867182564317146,0.04737241593607409,0.03775470293206963,0.13486893891687657,1491.5182240801978,1277.170608183733,1447.339420654912,197.65106072942683,38.159377757692916,0.9624060150375939,0.165,1,0.2012576162992759,0.10534549750715054,0.4434617306716727,1.107162038584263,0.2887682484329174,0.05805584342810711,2.0,-0.5765357494213679,3.8786365727070917,0.21227294454937137,3.294801266432062,1.4195889447863497,3.027518708472209,1
c109,-29.790060112209154,13.73817918027765,-0.48674913849093576,3.8446695081503766,-0.06663087282804579,-1.4815274552256397,-0.6947379581401443,-0.1662672653143907,0.03239389619740859,0.162670040352568,-1.6676310951822082,0.035844880307531427,-1.819264727954748,11.287697015887142,4.899232146155293,4.602663033834444,2.6652041220286513,2.162823839966634,2.3845873175448022,1.841492376726468,1.7065989977213913,1.5199089309256946,1.5896326305306918,1.5142382814467814,1.434265383705295,1.1909996108550924,0.01398669997313876,0.008020311068056113,0.08295615554156172,1213.682544795483,1347.960538600565,957.6511335012594,147.58584930126352,15.346697807672111,0.8872180451127819,0.125,1,0.23348739102614707,0.09542226290995029,0.3443695914903046,0.6066203952606191,0.3590461220014284,0.044187530633788136,3.0,-10.120227376371087,2.0120838996647015,0.011411258841593499,1.8382384877586222,3.4864413688524802,1.7526539035469066,1
c110,-13.642419494352332,5.072040919981418,0.2756425245812248,2.3438789353314946,-2.1961705466221417,-2.1926961206882467,-2.2273932034570287,-0.5441358444231029,-0.9768798122610336,-0.5934095312613868,-1.0581090734000889,-1.1221378095473316,-1.6919617009975154,13.440840551675334,7.373267492003064,3.6689780661610323,3.06565492724667,2.785478009489336,2.704440611890747,2.5181528171762104,1.5607436856362809,1.9983976611961456,1.38958870299579,1.1583704858800539,1.44941496777651,1.4418867451503994,0.05284318173571739,0.0477992985888369,0.16749645780856423,2015.4458572327744,1757.7419560718681,1790.3022670025189,167.72414974180563,57.329937728212485,0.9323308270676691,0.14,1,0.04364192742988502,0.050496139575807696,0.18499043876319596,0.33127311707899104,0.1816864780127545,0.025184862790100793,2.0,5.169296335088246,4.375342044234848,5.46929467606543,2.7628048705357786,8.081800437789807,5.665087196181456,1
c111,-21.757344564081755,10.219192773272562,-3.1696121439518063,1.1551906124751121,-2.9717978430363035,-0.08582586246535205,-0.5779418120404776,-0.7091196220409811,-0.29661892252840394,-0.47660389504988826,-0.9628174218386146,-1.0292022103858436,-0.6657978888104795,5.8672419400684666,3.350494406797492,4.431641689190307,2.8567710040339316,2.6161248457441584,2.504147611137996,1.5353892362145514,1.6752676779694295,1.3045824392013101,1.191389184178768,1.2287750661278052,1.466721233040381,1.394075555525455,0.018460393447047863,0.009981013603716641,0.11401428683879093,1553.1031977793514,1496.9284963277835,1374.4489924433249,234.94681167324748,53.81705600316287,0.6842105263157895,0.045,1,0.26793437055677444,0.11826287582566083,0.4886071373748721,1.3324228881951894,0.16694316652361454,0.06060272027798472,7.0,-20.417904525869798,1.7644523762080833,-1.563190258481241,5.752891057266957,-0.29443648503398784,4.880441939042474,1
c112,-15.392064690556237,6.662584263391645,-0.5445191852316427,-0.02725309390372116,-3.6223817007105543,-4.495921074879962,-4.0751742887213815,-1.7275066040397664,-1.442292989169824,-2.2962060237515933,-2.7461182149989507,-1.931898212710283,-2.782526738561246,15.957451254027283,9.336839925039827,4.7809119036610905,3.8687625051696863,2.7281580832919388,2.9099684588979455,2.8953937226954767,2.4049864757835078,1.8389806918870524,1.9251849221448913,1.329607493765437,1.2913854840084489,1.450618039917084,0.08252446667988987,0.0695508560961438,0.17977113507556675,1881.5902995535903,1490.7318692300669,1882.0056675062972,151.17871385617556,45.73052709437984,0.924812030075188,0.16,1,0.32547273753592587,0.09705869059941784,0.47527894770738005,1.0490503087950191,0.25496291916311864,0.13560800882389135,1.0,20.34290693637542,9.501697936142028,-1.0681258810017,4.603831857706546,3.5697645690693363,4.667170475516981,1
c113,-25.671052040701426,6.908919739575701,-0.11266974301109092,-0.8528628115049788,-1.3759871603278548,-2.8491981985413686,-2.8727377939410736,-1.5583177449276377,-2.3584455898417804,-2.9769643741389373,-1.653526147579357,-3.357902665100003,-1.5795407692676673,7.729170707971703,4.528259059234864,3.841699832783921,2.760766960310959,2.1821242328691746,1.9778465852425176,1.794399192037662,1.7085261978811537,1.361330101410402,1.4388487132914698,1.5392346240763395,1.4236267195050365,1.2439004402469878,0.015517383859004958,0.00962410191426172,0.12454000708438287,1828.5003945161648,1863.7580239640959,1301.2437027707808,180.19890325080434,23.66021528012716,0.6390977443609023,0.0625,2,0.167075996508253,0.09873298460191242,0.31785501203981126,0.46767907536670517,0.32423053093176174,0.06917238421007958,2.5,-5.907729305390478,2.6037828385569544,1.6065495540351122,2.427592218657655,1.841336015544527,10.128013520899788,2
c114,-13.786256333256272,9.295076712173483,-0.5285302753217027,5.498528411518202,-6.093325349555164,-2.9457995510188946,-1.7242223475806153,-1.7437158569809694,0.8040666117682227,-1.9870664055643195,-0.031089470723204494,-1.6665269981745001,-1.4121382758161494,8.612923528383098,6.614993078846655,6.213021581448053,4.024727133284444,4.389995007925098,2.493497948827701,2.4905644826937534,2.2585806782341873,2.0492228992367973,1.9449329059622567,1.7661374203625209,1.7984676466201037,1.494373280224737,0.07166392086136004,0.04373886086399177,0.14057580289672544,1764.880158403323,1557.5746849549942,1484.5717884130981,210.48814956390038,31.44613491907452,0.981203007518797,0.0225,2,0.31394528629403495,0.06857214690758345,0.30116190085507166,0.7530928503904445,0.27250494938880926,0.06442380741789933,2.0,-3.4802166638769876,1.379408876279453,1.4626115478869142,1.6174289112152103,1.8014004795216574,1.3368024732038304,2
c115,-23.495850950779218,3.0344501453157,-5.177468339837561,-2.576400549774376,-6.516377483009952,-5.015952641276256,-3.0244719041042374,-2.2905057350208846,-2.060661224046526,-1.4930787951284206,-1.331827357981887,-2.3625916774950437,-0.919021036200432,12.89307571395656,7.400706889040161,5.905418219241629,3.613778495912936,3.6303426216468804,3.3219828019513433,2.279722066740189,1.586111397898577,1.888902483593229,1.6336730354291882,1.3230661390472838,2.1806665914025842,1.5465532589523998,0.03621098876323905,0.028427797932510785,0.20062086744332494,2185.933813313004,1614.185845663662,2260.3117128463477,229.61153797163374,53.03239895084516,0.8646616541353384,0.2,1,0.2629249097901786,0.0889101519434246,0.44600501342809173,0.6021664217404581,0.3086951224206721,0.04287962756738875,2.0,16.078532935789703,5.259996204312513,7.903112705200204,2.9327427354687505,6.210945680726362,2.6349373282288697,1
c116,-3.829472194413136,14.099900502114762,0.4998142230488885,0.27707963413621606,-0.9662436979032443,-1.361461636229383,-1.110602472376614,0.27353902284413467,-1.0216174342407713,-0.9677561137195659,-1.1618173708349548,-1.6168073759450368,-1.56422114247989,9.783706136521694,7.638974308721866,5.290661429185585,3.0916399339428087,2.1419550235783116,2.6540863345019816,2.2681004606306696,1.5506227372418835,1.419655354207101,1.2710827825535602,1.5506015885876816,1.6926705146771999,1.346432928268158,0.13685807355866253,0.08429528181995846,0.12411445214105793,1378.7112448355779,1286.8479451618946,1330.132241813602,102.74061015231817,29.699458787536024,0.9624060150375939,0.0,1,0.25890503942958465,0.1317358905108531,0.5736091405349353,1.4821144080141662,0.1494396219986169,0.07393368446646455,6.0,-0.12591797733587792,2.11355539953352,-2.279631645004055,3.0042288864567834,16.698853451781538,3.3288709241375867,1
c117,-11.439483364414034,17.50226015163467,-5.284058326234584,1.7206288716286302,-6.061478773508702,-1.6178932100479948,-1.5803175528882751,-2.181602671600066,1.0805405024337946,-1.6603438935628894,-0.28358869239621187,-1.8866235857802294,-1.4703485658751063,8.762643652088087,5.220421216246486,5.256517468883874,2.689877864968121,3.680304583493002,2.556441891717297,1.9215034091132128,1.9742278632869374,2.2374368599646863,2.1506487261445253,1.6151293162056273,1.9916780862430419,1.7043984487863564,0.12318288782255901,0.08545538816391522,0.07144157352015112,1057.4392453435185,1140.411891334963,689.9008186397984,206.3964010891421,22.555437580314667,0.8947368421052632,0.0075,2,0.18542499785092453,0.08547323963625492,0.285134472844138,0.48630445090112207,0.28841974016536653,0.08556087140924404,5.0,-3.9744178651545994,1.5091937656262528,5.295486158088005,2.4655028659796514,2.1670982171760658,1.6974911916569857,2
c118,-3.9971641538119345,10.883184191447842,-2.5557867396754443,0.4530032932513689,-3.171564146542215,-0.7257867029280441,-0.9897161218267323,-0.17892056045722599,-0.5527988467751603,-1.7032013644361046,-0.5934820030020989,-2.238217232402448,-0.5774214117651606,9.337165504215161,5.372919000309018,4.87227927003478,3.2145903067162305,3.250521688004751,2.4898896906371273,2.341519068923899,2.0692490169636133,1.4894801832957945,1.6717823250910093,1.7255119214232633,1.7799369760306034,1.385898522758204,0.1346608157403183,0.09564709623773282,0.0989538235988665,1431.523581087121,1455.6823372839492,1050.1613664987406,251.50636770827484,47.88598922115903,0.9642857142857143,0.0,4,0.36940947727643586,0.08187201095655168,0.36394243864070636,0.76166283778301,0.15596052535116406,0.08073088440695889,4.0,-16.652383769512667,5.3017696669857415,2.875651146378395,5.467574623888973,-13.767645971408413,4.901595942071517,4
c119,-18.951310080821855,12.860587774051348,-0.884468212307877,1.2125066389966466,-4.069425908413635,-1.567548133638343,-2.092040204406104,-0.5367043977550724,-1.1350237493621422,-0.8857423748383416,-1.7629532494858078,-0.8956520402582081,-0.3513814721390799,8.750100640477392,6.657482157250737,5.298210613145348,3.128391352034671,2.629824320477082,2.089143943363612,1.9187857094713199,1.7742440661804308,1.6999956862406786,1.3907750719187275,1.3824710745294562,1.4071445954917965,1.2798571613397258,0.04228913490040481,0.03563994740906581,0.10614767002518892,1340.4757963426393,1330.6203454273623,1112.169395465995,181.90253027001685,50.551478338198564,0.9398496240601504,0.01,1,0.22777144606519126,0.10408030302836545,0.45979576168319636,1.2024902013009902,0.14189116127208712,0.09175617947885825,4.0,-14.827486245540856,10.774349629843142,3.717739760108003,4.936733404745299,-0.3028038878071495,3.2893900127610216,1
c120,-31.675763036555093,16.31582715090205,3.3417862881324787,3.4473830255118534,0.38193480922817563,0.11381995874127004,-0.8523300622664325,-0.2124499173660959,-0.8128685184562223,-0.6379689780128485,0.16191568403516898,-0.6121381040068171,-1.4544572054184683,12.307176128671038,5.30074213421835,3.1372819051229657,2.7567932855165935,2.592206072834274,2.3493948473136124,2.084085268775497,1.4217038643037831,1.5554936828469819,1.607253649595211,1.4441337381596682,1.2871733625641664,1.132973310532813,0.033643425955521215,0.05333734607092123,0.048242679471032744,827.776149055184,1165.1189171696824,508.0289672544081,130.1062220958794,102.20081186812631,0.9548872180451128,0.175,1,0.19404904350426438,0.08074686578820879,0.36652266196782574,0.9428780801230076,0.22340641748528672,0.05134922277942249,4.0,12.089558415585428,2.62761253692945,2.411107554641301,1.9380793952317146,0.418488838999381,0.910388306306601,1
c121,-37.7940414496068,17.746869685968342,-0.48308661943928005,3.28332345062147,-1.238768240001646,-0.33245590616800663,-1.6950684186083775,0.8887927851499235,0.3578646982320741,0.5165998578243624,0.4651004358649865,-0.5577629958986549,-1.0839375073071984,12.861333136770984,8.207974866663383,3.6442147339980355,3.4364113066177486,2.1089514201820325,2.7272005528611163,2.1542381970262254,1.7108061094318243,1.5561384969834602,1.5958237810626552,1.5650177608393934,1.471158523437754,1.3741989410146043,0.020408141940142573,0.02492951199672485,0.07273791719143577,976.9995067890418,1059.9815876602502,783.7688916876574,253.89740473231987,147.21321770276325,0.9624060150375939,0.28,1,0.16037083424666743,0.07514722272243195,0.35946093699836534,1.0986039685217832,0.23902774359664744,0.035257917562255964,2.0,1.1180944637586339,1.951701438627771,6.106465832326239,2.676838890675448,3.249816551437383,3.3434237532774493,1
c122,-32.63185471605553,13.131012236757478,-1.8420404333478637,1.432764516176981,-1.5681406720544968,-1.2414531478170767,-1.6284638364412132,-1.1169258343245825,-1.3808524217625489,0.5390205585353521,-0.4088988269180456,0.3955907115993166,-1.6608053647574934,25.775705198678235,8.240154012353017,4.06316941847449,3.4223471015323472,2.627640254324488,2.8360058426085057,2.091815453061019,1.6581461903324848,1.7603762308124375,1.685566580578957,1.3897278608204118,1.4668629615289293,1.4449951698815158,0.02638596315395131,0.02467444487355779,0.10782442748091603,1365.996612431324,1309.8132158497554,1217.296511627907,135.5867682812101,40.1210524671307,0.9204545454545454,0.32575757575757575,1,0.18965570307055024,0.08645038363838412,0.3303375887661597,0.7466999270050962,0.2824851008912682,0.03017158176441664,1.0,-0.33894951939856743,5.510052556332129,-7.914281445020591,4.081877536127835,1.075616583716507,4.160579357757197,1
c123,-31.612328841399954,17.949545290883353,-0.8155373212663712,0.0359801343160703,-5.4013579015344355,-1.5730244540788147,-0.6392800589321789,-0.8418160830572887,0.7642191331325027,-0.7877765473425438,-0.40570788762735993,-1.4135181642840846,-1.5480310074414378,12.662800516580026,7.991796395019758,5.515761895877204,3.52730937160412,3.4511769067164098,2.7231991228140395,2.292772453831963,1.9502692315119243,1.6794414745123505,1.723554159873871,1.4066010745135746,1.5856032413744556,1.1775088889220289,0.031299668606024754,0.02403635518142213,0.07739196316120907,1000.0385137842068,1036.9149654826908,865.1605793450882,176.9680210588945,71.41300354632739,0.9473684210526315,0.13,1,0.2820578244690082,0.10719708910521016,0.5584433098529868,1.348467885903163,0.21246572073657582,0.05987530715380746,2.0,6.516325266940538,2.35202884856474,-2.303340988844681,6.156768399551064,-2.0955618322747074,2.558378377945353,1
c124,-23.406076942904587,13.540675449383425,3.1263346069804974,1.6910625221205473,-0.8495542587808655,-0.7043206510274362,-2.395437590836699,-0.4554784486819402,0.5351048156964202,0.5494486065353319,-0.24361991686724555,0.510459085811742,-1.8193648496714667,9.125342071074385,9.012848964103535,2.8062329753091846,2.9445732963856397,1.9586438213375488,1.9381150813151597,1.817590825741007,1.6033914636560571,1.685205119869969,1.3264375945847182,1.193915246739007,1.2138430326405214,1.2639407629740484,0.030261974219254528,0.018622354913267188,0.11612484256926953,1328.2184576707134,1348.8151972640208,1221.1901763224182,122.17778811657882,106.16274085993207,0.9924812030075187,0.075,1,0.24007369283267163,0.07211259257851015,0.3718603630019367,0.7648198171021449,0.2542104458195243,0.045691401676119674,3.0,-9.328886018270312,2.4597003840891403,-4.949582681206109,6.247919912262951,-1.5635127243781484,7.2756618915315565,1
c125,-26.705473171263346,6.882098574045661,0.9196659779881713,4.218758300407286,0.8030423835520936,-2.912708898515306,-2.2528792249412204,-0.7785907743388673,1.3464412749329326,0.5707185065563372,-0.9679130110722637,-0.28018189682238287,-0.3514303169070519,36.34927672364879,8.8424047355894,4.137893294110762,4.054583283022829,1.9643631190190927,2.3893167261685675,1.9862312490160448,1.8124715748208147,1.6352414942350486,1.34931923984132,1.246858231656451,1.2439687694497006,1.3192144724280035,0.032138084724306674,0.021611006368768653,0.16316758988294314,1947.8591620062914,1599.3784516517796,2091.5258007117436,121.62376740884227,97.96123892964833,0.91,0.14,1,0.13528579655363582,0.07373521487614237,0.24026074590085447,0.8004188639639888,0.29792626172198056,0.026678591285055866,0.0,15.119554766421926,1.901234801780178,16.60791472364742,1.9146449903330933,3.4394489068150746,2.293078322136587,1
c126,-31.975580389941065,8.94579401614824,-1.022638152214934,0.061046855514878574,-0.31480987802546395,0.7956400565691567,-3.296382096404488,-1.8212243105672417,-0.667121150883335,-0.6531078716948532,-1.0403221426269416,-0.6635400456119973,1.0984448173822268,30.169432435932773,5.9525129806719415,4.6379091105814165,2.752156216217292,2.388788428243264,2.4893004566917,2.2188227414664263,2.2485567893173624,1.744626725607137,1.5928891448542863,1.53383824597442,1.4456349502289463,1.3657435566860807,0.035846334641968326,0.030415414693571806,0.08758802816901408,1446.960229446771,1502.6712080581237,1033.1858407079646,306.37177272928585,38.37317193345201,0.9327731092436975,0.14606741573033707,1,0.1475912054401611,0.06827683497571249,0.26742736110387405,0.7603325575953719,0.19464565533765998,0.04879354746784339,3.0,18.07395723867495,3.0051897590746575,11.280012649312576,3.6408415216058385,4.450203770051664,3.313802410663469,1
c127,-38.45463035274375,10.666348014592922,2.351190615557683,1.417716975379266,0.10312626653469717,-0.7117807911725691,-1.5876168611822286,1.0554515493631564,-2.0192644460554927,1.076974278915723,-0.3697152059291124,0.5341826897655013,-1.5636520277410069,16.775621405723623,8.4775364822766,3.7397916235257624,3.421185889672342,2.362857729415903,2.8171633638037594,1.9590201941351104,1.714441354189961,1.8099772790871007,1.5076362200754512,1.3486678517824195,1.1662316792268776,1.3433053392679124,0.014221197397162932,0.028230422049761124,0.13309784319899245,1587.3999965750727,1532.0262162159302,1362.8778337531485,127.2847827782984,84.3008418548076,0.9041353383458647,0.40875,4,0.12652957699044562,0.06044522467096913,0.24705361132639403,0.7023754775852313,0.227912542925791,0.07673726414107905,3.5,-6.280127860806548,2.315434840690247,-0.23215520577927531,1.2744029557248546,6.54261814820778,0.9497978211131801,4
c128,-22.003264379291508,9.352656380095324,-0.8662210043306294,2.102879975543684,-3.020080269062545,-3.2843897542106673,-2.799919645119745,-1.16999820658894,-2.312127720911922,-0.8187291226598116,-0.5115560633396592,-0.523846214292996,-1.5347143046412968,13.182251235102308,5.615633566999252,3.4343201450908736,3.687591657140259,2.201518094724307,2.5915679332198294,2.204648862998832,1.6644833885412436,1.8196821341715954,1.8311149204313695,1.223558758539902,1.1981840313411287,1.0953106061841182,0.035729417071201086,0.0347896229256187,0.10436181517632241,1485.4796364518365,1486.5592890832097,1040.853274559194,182.2112267157811,60.29899863365112,0.9699248120300752,0.15,1,0.22550180722697052,0.09371617422004658,0.39691653799057386,1.2447735256572763,0.24526202548495107,0.07173564542577704,2.0,-1.6388676480366842,1.9243745046469733,-3.8404729249866625,1.739181624869466,1.5834197080548051,0.6342809803116151,1
c129,-25.90518019117889,11.149741324615656,0.5112709130549894,3.5714957354813657,-0.22006398453755516,-1.750352699068541,-0.7430739233000485,-0.004778160450930914,-1.1494710862640147,0.7549504704186316,-0.7448835658911883,-0.06361846042043792,-0.6737448562938194,13.60140220577577,6.15592562793276,4.55789458415724,3.2136044058184927,2.1076514394761223,2.5069930430504077,2.339672870891211,1.8337052978588055,2.057090795398195,1.3267989967756935,1.827555056368261,1.5618117238314924,1.6970169228946745,0.03290703495346241,0.02806921431326383,0.08351208280856423,1300.999106777363,1463.417916150207,950.9603274559194,244.30043886453797,94.8720826536083,0.9473684210526315,0.105,1,0.30593327453702573,0.1280148860106306,0.6215426633450618,1.0705083112125633,0.31395213172482417,0.06998455480517551,4.0,-15.219919609502474,8.17499545912139,2.590021549664405,4.148428834233981,1.9952775762480126,5.143107091669963,1
c130,-29.185203981403774,22.810947142753204,2.5201134724179113,0.12267570831768383,-0.1724467256451316,-1.0065266191699205,-1.9347061050389478,-0.45153134593419153,-1.2648737572448225,0.4429375109259623,-0.6086963224655433,0.3468347347193152,-1.3341931911506508,10.072403119200946,7.2983842249934145,3.5848205308543477,3.333576427757301,2.795220031899515,2.3933948094306547,1.9649520047084623,2.0449504766078825,1.5353740912306753,1.5362052324529218,1.3152173690940618,1.4341575429261602,1.2410232569940676,0.04175185064764264,0.02694694030270822,0.0488724023929471,675.6832490265728,875.3366201288978,533.8476070528967,124.03630731230868,51.39999272670946,0.9924812030075187,0.04,1,0.1771341344145678,0.07935650853492186,0.3153936955687889,1.0271675110299303,0.10647626414697793,0.07485697502512585,2.0,9.40860301130017,3.1441552432793456,-2.6077837292119934,3.7634950609545537,4.0316976111940726,1.0816080636698806,1
c131,-25.845471991617572,13.000724895302314,2.708858470741276,2.4563960531809763,-0.11727558773493357,-0.020253025904042963,-2.4477500074421843,-1.7940554532925816,-1.8308312779439406,-1.1520858487355665,0.6673796156328899,-1.0318465515252526,-2.6302333474251935,10.921904644377989,7.2881098029728495,3.4493499541016908,2.892131898043732,2.194389062884319,1.9676742070621553,1.6126301177573101,1.4761462779067227,1.5325994662243463,1.6932862872678216,1.3266417724069555,1.324524984599047,1.5208657606444733,0.026775597854343452,0.01626516141085513,0.08844163255667506,1205.790911495916,1367.2979434758508,923.4886649874055,104.03183936097777,18.479413764795197,0.9849624060150376,0.075,1,0.18913808679375813,0.08381082647513967,0.3396713060317248,0.9473456586240516,0.26704704677138874,0.10841290903132096,2.0,3.2824035126273365,4.1772315275613705,3.463222466206461,3.93584209629958,1.683382342710198,1.9161037922089577,1
c132,-33.4809082353633,13.510279347847845,0.8014126643583074,3.5202671775141976,0.014271296704355889,0.825940620640958,-1.213400931972704,-1.3243066760790803,0.2224536287277835,-0.9127711694332433,0.8897622094967346,0.4559704538693881,-1.4422268406813192,14.522800567093904,8.51106881289747,4.234656352094305,3.866998232993819,2.688284698986319,2.276283996685612,2.0274316588975534,1.8310066879404099,1.7079164734602814,1.9177089868453812,1.2409517004416146,1.3281648161449646,1.4054588479489918,0.01781567051244552,0.017810396878779586,0.0959048331234257,1265.1589141121835,1285.2332834048473,1063.6807304785893,149.06583837962563,116.09779332756817,0.9624060150375939,0.225,1,0.13396452874304518,0.0983929839416247,0.36064182357127905,1.2351030631683326,0.20844367049695478,0.05523758490170892,3.0,-14.158678917543952,11.630671969190077,9.742034622551314,3.104891979527603,3.0116493904530164,1.4379657934409598,1
c133,-40.18397219613351,14.86206673255727,1.5456167864819117,2.8983727214780517,-0.7004289405725337,-2.2391828414333435,-2.802810892274081,-0.5208121733494859,-1.9611154540783426,-0.6821205067019225,-0.11200530081038135,-0.3932416884074914,-1.5442949046421233,16.392640335706762,6.771248435777389,3.2806683640242214,3.433510343063249,2.7102470074018616,2.4896097137477535,2.2534318205725303,2.037742445731899,1.5309085860167149,1.4494602817292976,1.3018519290724626,1.3588206968254777,1.1607109485509188,0.013655171677654442,0.013438814409384993,0.08030935138539043,1075.0414237189957,1239.2275444581267,823.992443324937,147.43165789922813,75.82770392735156,0.9699248120300752,0.38,1,0.1045591683668159,0.06670142735896857,0.20150817382697755,0.6469418201844728,0.1587023696833353,0.1279935141290033,4.0,-18.049695743038512,2.952295523315931,11.857943507171571,1.7296493248336644,8.675711103954248,0.6629241782657332,1
c134,-27.678727695063394,15.28481586426033,-0.23003943673706606,3.5971551576671903,0.11619213151864577,-0.05442767028495738,-1.2807550003147379,-1.59086792915367,-0.37333508450910713,-0.18867384624151595,0.19987402867051993,-0.28105050519733576,-1.3900442486212898,11.279548815614305,6.374103395661281,4.526732689306427,3.2978821671204117,2.0959587265933535,2.1490296611584037,2.157640113697181,1.6128728116769437,1.690930430763208,1.7322087440407994,1.2849908614579093,1.3185071352807813,1.2595689630834845,0.021112201903309497,0.014232381165130701,0.07466152392947104,1094.36268296491,1255.6069733660786,783.0604534005038,97.4010073106901,65.2985893826936,0.9849624060150376,0.11,1,0.1508880017402197,0.08516312831678668,0.35035628704077254,0.9521313672089814,0.2523011114466294,0.08502744924840563,3.0,-11.528926168620242,3.095006283473733,7.783763383079865,1.77640213660935,-1.1234670050738527,1.3258993849100238,1
c135,-32.63185471605553,13.131012236757478,-1.8420404333478637,1.432764516176981,-1.5681406720544968,-1.2414531478170767,-1.6284638364412132,-1.1169258343245825,-1.3808524217625489,0.5390205585353521,-0.4088988269180456,0.3955907115993166,-1.6608053647574934,25.775705198678235,8.240154012353017,4.06316941847449,3.4223471015323472,2.627640254324488,2.8360058426085057,2.091815453061019,1.6581461903324848,1.7603762308124375,1.685566580578957,1.3897278608204118,1.4668629615289293,1.4449951698815158,0.02638596315395131,0.02467444487355779,0.10782442748091603,1365.996612431324,1309.8132158497554,1217.296511627907,135.5867682812101,40.1210524671307,0.9204545454545454,0.32575757575757575,1,0.2287567290656083,0.09383772897444852,0.3925418600257934,1.0233293241000005,0.2581899337578809,0.06309902605836132,2.0,1.2395881487026452,9.120818270707423,1.340090564848752,4.083959423332765,10.305038779297487,5.5842087698898295,1
c136,-26.91725357426281,4.588184296304457,-2.784644583215674,1.4703524995006683,-3.451841568706722,0.08811977984279826,-1.1058958306361715,-0.7254309508769912,-1.1207952456856791,-1.0699427304522604,-0.21213421972277846,-0.45509010283912116,-0.7618876488792763,15.616628062639174,6.448083331966446,5.856533763687737,4.045921622855596,3.4220466477727176,2.876951594078556,1.890251089777554,2.438956202885919,1.634372894881381,1.5613725300225065,1.4575485869203237,1.367495024134165,1.1394749216797597,0.016674917019030955,0.01433327454977942,0.20533886964735518,2214.919923775167,1644.958866948677,2388.617758186398,194.6225938727709,30.69003505647508,0.9624060150375939,0.26,1,0.2539806806878441,0.11760385630333733,0.5261578845946193,1.1384632067947589,0.38733936616511777,0.04845228446412678,1.0,-31.644152732594435,1.5942022249143357,4.432297253023771,4.722127480501694,-12.959271423695292,6.02500333787772,1
c137,-35.34664024248545,9.764858322423747,0.7617690400609862,0.5373207665703196,-2.394900749820119,-0.518248375531726,-1.4684959862420373,-0.0677544239017528,0.40484099012180214,-0.6766302793577845,-0.1829658695880127,-0.18211268614426265,-0.8395862998156817,35.90535941738233,10.485818713666008,3.9132738972913006,2.963953564120346,3.0144127976115027,2.3062711109358895,2.08735936362276,1.4796015135366578,1.4053839376301265,2.102043324350021,2.0283264584435368,1.6214278730647356,1.277950574367363,0.033994051868772926,0.03162676534284399,0.12930715460526315,1669.4434881365594,1460.9608993251613,1547.84604519774,191.21768426031323,54.151073145127576,0.859375,0.20833333333333334,1,0.20522156628831964,0.143003668301896,0.44141358738921926,1.875855689313191,0.4316948725799152,0.046570735134051175,0.0,-27.253467727431882,3.062064425612315,-1.5823821064697274,2.151476804967591,1.841482919666041,1.2577495345910248,1
c138,-22.438514471948174,13.74254281291781,0.6560267894526267,2.7128102210000247,-3.8537457502713175,-1.0753357702508712,-0.7357195994430542,-0.7697329786432431,-0.3416146257635463,-0.43883621400820116,1.1272904717845975,-1.6099643102694845,-1.6828397241984456,13.003225652640914,7.010516978821135,3.789179981284473,3.4855283572021545,2.731795037339495,2.102929604729778,2.135390140190723,1.6640393874149746,1.617441392783138,1.8491392425653173,1.3733282639104638,1.7023582622259656,1.2279229998397723,0.03284587045491953,0.023008539141234047,0.09837698756297229,1283.267436852696,1329.8281018721912,1072.3787783375315,111.17337001345712,54.96345057792641,0.9661654135338346,0.13,2,0.18347758987300158,0.08670491760316165,0.3239026891336009,0.740376757734617,0.08959621072097429,0.023623078907623336,4.5,-8.740151745878514,5.137508426785768,7.963847860253858,2.7578371542190823,7.225573062721892,1.4704775629579259,2
c139,-23.91416327465255,9.571494405779395,2.2774665594902848,0.9320446400103971,-0.6821481212051326,-1.0732455829390908,-2.608465036331931,-0.6229520995229771,-1.023091563899924,-0.3186147505863388,-0.004380443125330214,-0.12336105622911386,-1.5078576917730275,11.750165484097163,10.53426786885711,3.340847053827185,3.1024699172149934,2.423254723340678,2.0863323485802336,2.3645827547500127,1.8419577479539624,1.553856214514962,1.4613805100578463,1.189386319088803,1.5536260406682536,1.613722857428719,0.02758091014207308,0.020789845613779133,0.17067951039042822,1793.4094782458537,1493.6768625830614,1826.1964735516374,106.224079738916,54.029163754214835,0.9624060150375939,0.18,1,0.16965152118948867,0.08572677523336855,0.32867009362889493,0.9583243053496373,0.29853699044735427,0.020518047166860037,0.0,-13.252213819683364,3.078662520140601,2.3854066829430485,1.8152374735720938,7.809312662800251,2.579079843578346,1
c140,-29.053240091115498,12.507096370903703,-0.44881610926454035,0.42249789986569825,-2.8043699490565834,-0.5289857383960245,-4.930968227837193,1.379962313124992,0.4490571553938737,-0.688494713619299,0.9188704440349946,-1.7275176032003046,-1.3028696015595764,9.613934213933172,8.913952182257912,3.8677870099905904,3.0877675424666955,2.6404476492147317,2.4998739234898606,2.038092309239702,1.7669147247169947,1.6196316501976025,1.6890644367518275,1.2859215694462696,1.4851534303035359,1.438912250807528,0.01975393272227832,0.01693272842777872,0.15436575094458438,1566.1226131272917,1370.3149628856,1613.5862720403022,168.10838418511702,99.08251992467889,0.9924812030075187,0.285,1,0.21866749264649957,0.07583623203781471,0.31961065949113965,0.8044236563696558,0.3385254841481827,0.08858714381267133,2.0,20.940189118157228,6.82266409437899,12.76264814956593,3.2674132187972993,17.254581448539017,2.158674872075272,1
c141,-33.76970614886769,13.859380060691478,-0.8179596047215515,-0.9563069832455984,-0.971853706814839,-0.7102576318405571,-4.073679222389896,-2.2818805154120962,-0.5683371983274463,0.04615411741581289,-1.204406619767883,-0.08514545083614485,-1.9275019409131713,14.078917074052823,8.838295411367067,3.899139116643594,2.7899606190201953,2.068874233060759,2.1058163589954915,2.408437655361014,1.666689850333974,1.6031718331249138,1.5369001918686753,1.3021412176921714,1.1787042903611702,1.2218873484824757,0.02001009183576034,0.023448670370311897,0.12988533591731266,1386.3531263448328,1267.3978412861904,1431.5245478036177,128.46571839717478,61.877090988049424,0.9461538461538461,0.38974358974358975,1,0.17778021505426075,0.07687823338292661,0.3697685223036506,1.0082334177812775,0.13812579877142947,0.09746540512062475,4.0,16.844368074553813,2.7003340029297287,2.1490411687465576,4.459812735455446,-1.1128280041330516,9.367176151489646,1
c142,-32.68052107676774,9.757425268150449,2.2938126490812634,2.158599322253917,0.6004968404331195,-0.23754521580486876,-2.0469375389607682,-0.6922771043970423,-0.3931954902924426,-0.044010218766441685,-0.4928184866047498,0.0762507223319464,-1.049795717652663,11.970002388562337,8.10333412638024,3.306499924297195,3.064720909300475,2.5904131916526403,2.3190481855658254,1.8158384147576205,1.6588620320964007,1.5434760150527547,1.5195453122269398,1.2663604652366551,1.1750557754055317,1.241139671587264,0.012946152250250564,0.010271515643800133,0.12949415538413098,1584.4932478533397,1548.6083852563725,1379.6048488664987,102.47028718793702,56.125751675082626,0.9398496240601504,0.2925,2,0.1756146173579462,0.0897058457955014,0.3221202077945208,1.0417947084172998,0.2836586052683644,0.02964789905084493,0.5,-4.683179680582847,3.346268177340284,-3.1835139288986296,2.2252522411960856,-5.289131602656272,3.2051212662617177,2
c143,-28.880172896845362,10.619619453955208,-2.1276347371778264,2.2669701383726166,-2.87784816954573,-2.2908420722856992,-2.7565532904628594,-1.4191957080086894,-0.5823509060148381,-0.9883244418395639,-0.3260411823713167,-0.7408704037989704,-1.2879591871751817,14.586964501033728,7.0528235055462645,4.8917658052825574,3.6142286346525707,2.4419460157320416,2.599949561217069,1.9500265260656515,1.8630721191464665,1.7758433191241438,1.5685713641361037,1.3471730560337896,1.2955486888574839,1.1011415416835684,0.018192457212860617,0.01471363314678738,0.1404675692695214,1619.4978853706152,1395.9347203414316,1570.9487825356846,125.39600257262941,56.31535308283255,0.9273182957393483,0.2483333333333333,3,0.18322323916826835,0.12546841609933715,0.40708213397530707,1.1838622081329222,0.17439799171842738,0.06625327152271979,3.0,-7.226841099364292,5.369833066995863,3.599517487452299,2.431373458991923,9.208146293105516,4.395714639816767,3
c144,-28.4173941174351,13.675601794055577,1.5227411773718298,0.73816016356441,-3.0713317332288286,-1.0246868246087326,-2.2279371130427106,-0.4944464074046341,-2.7920436135966296,1.1717801822155196,-0.6886062671190939,-0.3528786360276243,-1.7916945382854077,10.368246311753566,6.440839714769455,3.9125793933547075,3.8486319222468754,2.7018543346224266,2.244365396844468,1.8888181161282738,1.6960023507375799,1.6084966312665923,1.6640547866026782,1.2562467282773822,1.2907895531457318,1.4310956044767338,0.02432860926242239,0.020292614009768804,0.09079817380352645,1185.9486137018043,1336.1121918507904,944.5056675062972,146.79396687852028,58.146061053423345,0.9849624060150376,0.175,1,0.2232688586631711,0.07778237477136417,0.32173215495600854,0.8602539678626574,0.10484950541274926,0.04363543508288595,4.0,-12.1817719784843,0.5229996561305442,1.844669328825697,0.7279734256756359,2.074827633207196,0.5832708341154268,1
c145,-37.17672511181233,11.427096216269167,0.7997352928098894,2.405227031953396,-3.641882781969798,-0.480018838949647,-1.6865249642439006,-0.18868426711306474,-0.8790721836093939,-0.6387464503979632,-0.23268685676028,-1.8522131573586258,-0.5575518722432152,26.96639256328112,5.941844145242069,3.7985174445463525,3.2173215999674287,3.041290784230638,1.9573277772439528,2.1207747493390112,1.964188550922561,1.4565531348758032,1.3241801335877328,1.2860278403732548,1.6034161110015688,1.2099179130868771,0.012751354863427536,0.009086713987516553,0.09885594399109793,1393.7764456607947,1464.982193809068,1166.0932721712538,186.30666733691731,75.03319407306253,0.8761061946902655,0.26627218934911245,1,0.2027551943917467,0.09039373522113082,0.30397908542798324,0.9552472595796269,0.22561846470698282,0.04987067819158173,1.0,13.833052861859615,5.622040365182253,2.9961597311266166,1.2330479967490342,11.711344264656812,3.5280060763268013,1
c146,-33.03076165285456,16.495337844955063,-0.8215740335416923,0.691516602061556,-2.269335216152433,-0.4528002628381416,-1.380525492731459,-0.77496931211916,-0.1638187222253214,1.1669963937484487,0.9276181960232812,0.867800244330112,-2.1065712341343312,9.619950298176553,8.419888586973997,4.244149110703094,3.1060477926078893,2.416383498462078,1.7098568560848149,1.5612079177318583,1.6659822020607276,1.3247791981994224,1.395009201231795,1.221069263547336,1.1038582340647527,1.5954014673764942,0.022414526890063256,0.03547277529966844,0.1051980198019802,1174.1376121495623,1133.685768149926,1090.3465346534654,214.70984689297535,130.13729660524135,0.9852941176470589,0.27450980392156865,1,0.2074730169361803,0.07087774881433857,0.28194643326464425,0.9416508275020099,0.23136468986684036,0.09759128121157774,1.0,11.904918284846174,2.81207523877424,7.5943227519117835,1.0378946811009633,0.8155071688270782,1.9033164199875368,1
c147,-37.146853710879405,10.486625934657319,-0.30068681098122657,-1.111845279674004,-1.9683119316684825,0.27377754742427096,-1.3653111552342712,0.02535352178159412,-0.7779570521397623,-0.5076007182390297,0.3530303676150306,0.3675204587785765,-0.36574194697124845,10.35031898833019,7.701153681570877,4.236152765885786,3.782935607062957,2.555790139669509,2.5460050760040422,2.1214767706267583,1.809397756195349,1.4945641396085358,1.3841874578269724,1.3932569360430525,1.4326937958536496,1.2882797938155732,0.01233500576724366,0.014604087609533316,0.12436535736775818,1527.87778888533,1481.2163271869033,1427.4244332493702,201.55887061841645,46.06305451305047,0.9624060150375939,0.385,1,0.10962267469850104,0.13308294174337806,0.5686798473331767,1.248478334684885,0.43835968877507014,0.10822147704054412,2.0,34.9473317267034,3.5084349247759206,4.973716350158718,5.342304146804389,9.14391748234801,8.606272732026909,1
c148,-21.860447804015976,14.04574751967433,1.923969502038361,1.1842746899329906,-2.5879347543872138,-0.26400208382184814,-3.522759399956707,-0.9296959669227928,-1.7141670113780914,0.7735307145269265,-0.7154891547271495,-1.0679790188485927,-2.1051715914712537,11.256520723032388,6.705137673823922,3.5143818433087635,3.1120339720181276,2.6922324050920667,1.950773927068423,2.0004915656521667,1.6913056082200983,1.7546556292867188,1.3309467993665687,1.2870625300937322,1.3555284880933796,1.5104513508128772,0.04263366086709165,0.03974237561843246,0.09035048016372796,1176.1827718633008,1325.573227658004,911.1303526448363,132.83125739509123,83.06400594505008,0.9774436090225563,0.045,1,0.23960225358744833,0.10446404740966812,0.4027925361805723,0.9671813324153423,0.35887773672241047,0.07967114046521193,3.0,8.214451228853653,5.999885857616121,8.132056745680565,2.2740734940199405,12.440816561414671,2.4763292195668374,1
c149,-17.320196278967657,13.146947567423418,-0.8725367667244369,2.865738969214284,-4.384415742005462,-2.3317089566470246,-2.2003519755595864,-1.8280519843857521,-1.6241187773590542,-0.11397598174669063,-0.12119947538823642,-0.795083970573087,-2.1750383797071344,12.472452995778728,7.6667135897140515,4.382677093885832,3.2136715644686005,2.3895104475011584,2.735441180903656,2.2702498641960247,1.7207997015921928,1.6611265160255484,1.74537946072505,1.1843353212358552,1.348789010710147,1.3598069712809044,0.06553899848873374,0.05201738172365893,0.11460711193324936,1366.0039298490162,1285.190486108224,1159.831549118388,145.80198666837072,34.69528931836297,0.9924812030075187,0.0925,2,0.22831425818003923,0.07447703499603421,0.3070300123576108,0.859243159101522,0.24538949148207814,0.07154052935910367,2.5,-4.206079891807844,5.223838055576326,4.4117174466828875,3.8629756977158696,-2.473658835978593,8.102893668048424,2
c150,-27.42842169766328,12.299568871790663,-0.045661612180804674,1.524183182298991,-2.0455622671270373,0.044241638794182137,-2.4790894873528906,0.21986503634093396,-0.286408831684354,0.7661432686266811,0.01921298059306793,-0.6402629836340004,-1.8699343479102164,11.564171713454153,6.6411535841181415,4.079137955038973,3.056662029675081,2.505301559294635,2.4964387567844337,1.9216051098602147,1.6693755408807056,1.6252223244519972,1.4916889540723373,1.2504207607802031,1.314455934911316,1.370806443034352,0.027451030249688608,0.04547070779022775,0.10428801952141058,1338.1943738604257,1377.3948253594285,1081.706549118388,156.14420667974565,119.07756453613378,1.0,0.24,1,0.1335166581818338,0.09427441709324313,0.3097479820648815,1.1554674222118202,0.21179665727939248,0.09515592865486618,3.0,-21.925389814846444,4.286488551461722,6.2249439073227055,2.36615939249395,-7.510442115395881,5.177019509220831,1
c151,-25.583610035341135,12.267347271780974,-2.2561355278382558,1.0830670315439097,-3.600705590868434,-1.5100139624252193,-1.7033141841555959,-1.3006924888957276,-0.5157703044181573,-0.5241917811438407,-0.32848740986467784,-1.1339725901117768,-1.0467033384998317,14.985824102704843,7.75645826975917,4.923154323974248,3.6151027853931508,2.9185973787495865,2.6834967307916457,2.263247638360566,2.011140735731924,1.7238353819727577,1.7345177287352098,1.6717531514524693,1.5312583507749307,1.3307494457977138,0.02818961763827079,0.018388312663194965,0.11507448441435768,1407.5804327590727,1307.9038113209608,1272.866813602015,183.25743200287167,50.72787733609387,0.9436090225563909,0.1225,2,0.22887164757212752,0.11086983761367059,0.44310454678681044,1.1365084126052902,0.2743447032191688,0.05642359882657051,2.5,1.372101433277692,3.5934542920632273,-0.4767472382600854,3.3801230700285876,0.1940789995325729,2.9109162695209374,2
c152,-39.78295259860872,14.692641168242616,1.4523828073978116,2.965758128991278,-0.44168881019520084,-0.08732498383922414,-0.7602332685400046,-0.3870195279918436,0.3848244816487075,0.5011612677901812,-0.2638855271982172,-0.1686081670647132,-1.0172407173701363,36.217082925063146,9.017154789994311,3.212943007010501,3.1061309811625915,1.9735887152373381,2.161961428822191,1.8220505010235533,1.7697266989776013,1.287944947158783,1.3453955144942957,1.439107540577339,1.197118907246249,1.1402039174674836,0.03360405268314518,0.033254307626367864,0.07740856986899564,1060.97417283609,1189.8891070625068,924.2334905660377,181.48183823035072,137.67620349292014,0.8831168831168831,0.25,1,0.11657851336484679,0.08564681960758798,0.25670717253062564,0.9665031023287095,0.2370933455524822,0.056260040085554366,5.0,-13.961675058744566,19.438438501185598,9.377261187968957,3.677990503187262,-13.593755240869054,5.082101521657074,1
c153,-24.690722309535687,13.32410633179977,-1.840908689003257,0.7940066852104063,-2.080828279819298,-0.58823125857464,-1.208960313894582,-1.6043964906860568,-1.144868234721552,-0.8348413257785129,-0.8375142268969294,-1.1511430244254404,-1.4120299455566903,33.757333410284424,6.610403391745309,3.785517252220689,2.5482390567987587,2.572227131245387,1.7549043353283191,1.8147368393532646,1.776142914400766,1.6152280973836888,1.4723771419464742,1.4556513289904334,1.5888819967437957,1.2902160899702724,0.044510444416936405,0.03272184690313044,0.0882084216101695,1269.7372304711123,1319.391125205128,1119.8843416370107,132.368377766867,8.172635805361395,0.9292929292929293,0.13513513513513514,1,0.09634202986375477,0.07036840461127218,0.27830289492693827,0.9402080197212994,0.23679808548835296,0.06829064936129378,2.0,15.03863892652556,2.351697484497684,-8.52343980909033,2.9994927288143365,-6.9421983832371055,1.9975903750407642,1
c154,-29.053240091115498,12.507096370903703,-0.44881610926454035,0.42249789986569825,-2.8043699490565834,-0.5289857383960245,-4.930968227837193,1.379962313124992,0.4490571553938737,-0.688494713619299,0.9188704440349946,-1.7275176032003046,-1.3028696015595764,9.613934213933172,8.913952182257912,3.8677870099905904,3.0877675424666955,2.6404476492147317,2.4998739234898606,2.038092309239702,1.7669147247169947,1.6196316501976025,1.6890644367518275,1.2859215694462696,1.4851534303035359,1.438912250807528,0.01975393272227832,0.01693272842777872,0.15436575094458438,1566.1226131272917,1370.3149628856,1613.5862720403022,168.10838418511702,99.08251992467889,0.9924812030075187,0.285,1,0.21509049262591415,0.09129457811650031,0.3931436593546444,1.0469439641580955,0.202097482175773,0.04365156803417315,3.0,8.845533710440433,1.5157635180076254,8.204351595522894,2.976524189763506,13.481631002187507,2.1895417339424585,1
c155,-31.33132973531828,15.444118109657996,-1.3933461531315117,1.6213126625597578,-0.8994329334075646,-1.428385887854454,-3.0915283591150775,-2.425963696135209,-0.7451264492169446,-0.6632340090389026,-0.39090203038011945,-0.3959560337456882,-1.1749976922201366,14.797965663205236,7.484411465755957,3.730962754281259,2.455888965267099,2.0478481235540373,2.3059723816808977,1.9902331247057619,1.635884379340362,1.7060333446708202,1.6534260692319258,1.4767447651640648,1.3015909699865869,1.1402506190426422,0.02100228188244295,0.016742013454081685,0.0900454581234257,1145.7141030887985,1188.1440638059303,905.9351385390428,149.0167409049981,51.39519084356807,0.924812030075188,0.16,1,0.08588254351146322,0.07024266391535065,0.39827729450193033,0.7845682592869635,0.22611397934614694,0.05896319338456055,3.0,18.12561628336222,4.405815389931076,7.250440745763665,1.6350574106721674,2.4446609822090997,7.905383817415684,1
c156,-31.975580389941065,8.94579401614824,-1.022638152214934,0.061046855514878574,-0.31480987802546395,0.7956400565691567,-3.296382096404488,-1.8212243105672417,-0.667121150883335,-0.6531078716948532,-1.0403221426269416,-0.6635400456119973,1.0984448173822268,30.169432435932773,5.9525129806719415,4.6379091105814165,2.752156216217292,2.388788428243264,2.4893004566917,2.2188227414664263,2.2485567893173624,1.744626725607137,1.5928891448542863,1.53383824597442,1.4456349502289463,1.3657435566860807,0.035846334641968326,0.030415414693571806,0.08758802816901408,1446.960229446771,1502.6712080581237,1033.1858407079646,306.37177272928585,38.37317193345201,0.9327731092436975,0.14606741573033707,1,0.2177378958033688,0.09043227893142163,0.3894140334467348,1.0668775687348508,0.229923739978385,0.06771350178341014,2.0,5.635210769726889,0.7427602784228977,2.498629267354091,1.1412344183455854,-4.382054895330949,1.43663518988264,1
c157,-14.976138618932527,10.717366218582441,-1.789870724094831,-0.1861154140749004,-4.114915439280821,-1.1586563017882436,-1.5023802170999596,-1.1686223926304542,-0.4808770540840954,1.016701385417088,-0.1609664538512273,-1.614704172237777,-1.4876355575317404,12.871907700944798,5.907350743550331,4.912066737351221,3.038075626897236,2.257734661267987,2.180547102830441,1.9436571235096425,1.800006628634791,1.601344161364144,1.551101276533967,1.4545423649704854,1.381479112971905,1.0926389513549983,0.06548094110651055,0.060744630376839664,0.11002440176322419,1470.5536538751635,1420.0987168792008,1238.0352644836273,213.01858794551106,53.29805258028787,0.9774436090225563,0.05,1,0.17526949501643055,0.08605728286470721,0.337193086084327,1.1728795281253166,0.3341172054793041,0.03529226297247187,2.0,9.013333795065599,1.4656696278105905,10.098117305602578,2.2391899088793195,14.320401612548764,2.1629868170951574,1
c158,-29.80430751355134,10.13275887176278,0.08667133805704814,2.912989407903597,-0.15149689083636372,-1.1157007931649303,-0.6890788971189664,-0.905694148412814,-1.4849982558094172,-0.23636837331739335,-0.17406868512099274,-0.09141405231237658,-1.3324229591372907,15.40720228322697,8.227866157526533,4.050832591057642,3.3393718121958664,2.732671925081455,2.420217353235767,1.8529765325663574,1.6053637043230509,1.7512372583402624,1.4735491235267812,1.1733285786134064,1.2329134263365626,1.3737578552677892,0.01915708463881628,0.01861337539655129,0.13159405174223343,1592.5993247072038,1506.5435665505886,1514.2212426532326,143.94754543085187,71.9711454834292,0.9348370927318296,0.26333333333333336,3,0.13481182849434176,0.09527696020594767,0.38969636014768877,1.1486296550998232,0.19781060823582172,0.03170254681720556,1.0,-0.21433265139467786,1.4158944805404168,-2.4451536519776527,1.3631155514793818,-3.134727827294286,1.5767641707016467,3
c159,-25.268534444526832,12.397069959692475,-3.470330919470661,-0.555979405077228,-1.9373797228581846,-2.0340938011280847,-1.1681116082957668,-1.0463265346423205,-0.4091811444586057,0.321831333232302,-0.1765396124039035,-0.13198051628054783,-1.3822785472854637,15.460756932193965,6.086627997909921,5.705906030587842,3.6512094818399725,1.9992469811309845,2.84410941783259,2.020258237511916,2.0619805311248003,1.4680319261709531,1.5913418775813373,1.5975523653398058,1.3981402879319598,1.4204469580557633,0.03651500020661154,0.03280367967603698,0.09776940333753148,1311.7175769973092,1308.8806839504766,1047.7015113350126,216.9202939216114,63.3404320658386,0.9699248120300752,0.185,1,0.22377622721656837,0.10909969295930368,0.43254454016192034,1.1535645859672496,0.3666583900643777,0.0476095649224171,2.0,-5.876536479623105,8.2224349206597,2.063481953371713,4.180085979350581,4.170361663553806,1.504969540412864,1
c160,-14.969660006222771,12.645908896573317,-0.8657798434497528,4.692682125545702,0.9040415252054447,-3.1885959104072845,-1.4584141122012868,-2.6311277522543883,-2.483871576695467,-1.6422128260031552,-2.131300866562893,-1.3089953790207172,-2.6800129433772977,7.366122548386835,5.94157006769632,3.5679186653650596,4.2194550441793,1.6819883913636646,2.839991714032483,1.9226799445103235,1.7525133336107903,2.1609438749772383,1.5444977443122685,1.4315032196194737,1.526076622411124,1.461968038870311,0.05670010914401745,0.02439250383122834,0.07606856108312343,1203.1187655490187,1350.0086135662443,831.9426952141058,153.10811666866897,54.57494580243682,1.0,0.0,1,0.19697891561810635,0.12718174765849302,0.39466653890849585,1.070943293895348,0.2795093940211345,0.09760761562472764,1.0,3.598240488373344,3.7814956703085314,2.6368950653757417,4.429095251991782,1.5097775445088806,2.069096985180318,1
c161,-17.3393161145602,8.21118925673884,-4.747645946027319,-1.2195058850626856,-4.885367320620145,-0.8991498908451748,-2.528846755104286,-0.6412574636937367,-0.4663006062598396,-0.9639254788706743,-0.7998764154524477,-1.5144831636255802,-1.1646727200669222,9.911581451554039,4.144740282678453,6.193177267540583,2.8759398198665966,3.483945221614891,2.370335754421278,2.224280868040541,1.9714154618268203,1.500322829488103,1.7194670220076547,1.532359629035703,1.5305042702628693,1.2205039395291446,0.044788807314629135,0.030689584134371572,0.11706942695214106,1633.9277956943424,1525.8069271380234,1288.4130982367758,236.9841480861981,46.46414815750982,0.9849624060150376,0.125,1,0.31780194684438856,0.11437312103396943,0.48444005656069244,1.1711515330894948,0.11610884106407678,0.0812488766789413,5.0,1.1067469947363935,1.1949961325554594,3.8823590701753172,1.9805023090509757,-0.3726461096322486,0.7774915682066456,1
c162,-12.178762542973264,12.606790200114903,-1.6295458251525727,-1.315412238209086,-0.7341859631043108,-0.6230201734912924,-0.6708620829895309,-0.7402229388419019,-0.7684451183574303,-0.35555187739282873,-1.152439692151165,-0.9545992791978926,-1.081196402258856,9.321350101944716,5.098143392548554,5.123544884263536,2.895641866839709,2.6861451341475497,2.24368648419148,1.559829401438342,1.3018989015042384,1.1591000781547556,1.1365695922684367,1.1944479540909918,1.4873450477167358,1.2701768266555835,0.05929791376798436,0.044432802453183054,0.11779016451511334,1420.671449119738,1430.691183801805,1287.6653022670025,183.679372803813,38.09143450881807,0.8458646616541353,0.005,2,0.1487652292126675,0.08673786370250813,0.3276156861775268,0.6579238346214304,0.26327757492664006,0.1063034535224113,4.0,-9.32489905213831,3.852716608231348,12.293750219496545,1.5778996737636204,-5.007208394854823,4.363630550858073,2
c163,-25.26109352886065,11.196821734882013,-0.1577802687713473,-3.142013999564571,-4.699778668668979,0.6571216994652089,-3.9595432421741927,-1.8902152726576342,-1.4902997024893938,-1.2536742243241406,-1.2374973004211776,-0.2470413583260871,-1.9805916300395077,11.934717038739233,7.269474153618068,3.388652007686976,3.3619151278362627,3.804202635549688,1.8699512923219062,2.938156768200379,1.778337905100875,2.0819992509891887,2.065584139275544,1.6746231061839245,1.2333202138073656,1.5079321005308333,0.030407725962827273,0.02562295649132775,0.12253522512594459,1514.6038458117127,1474.16699637304,1406.8797229219144,132.6264567750256,36.03145689095803,0.8834586466165413,0.2325,2,0.13756825763979336,0.07528380994026826,0.25980548115166663,0.7265511277681527,0.2343885033142897,0.09105614388157798,4.5,-7.447635690410382,14.232969289959136,3.0088679325174077,2.8757236821708183,-3.419360479541067,5.29354533636106,2
c164,-28.20670412674666,9.550130309382991,-6.355059925983231,0.46462032734817554,-4.081755814336421,-3.3207128074130843,-2.9100001113665392,-3.225686622908261,-1.4617648507054974,-1.7856100678539641,-1.737433920692691,-2.1159024745072985,-2.24773875208662,13.294737662182179,8.140804770970993,5.452982389466288,3.221437287729918,2.400009010548109,2.3520778195218397,1.8490267626965633,2.0283623468085605,1.4163003732462929,1.45870522265715,1.1771828753679678,1.2710791036381706,1.3836032697535388,0.024547384790348778,0.023871455002062097,0.14687139221242654,1691.0740340187076,1385.622954161763,1651.028547439127,151.45270974888572,56.72602853200036,0.869674185463659,0.2866666666666667,3,0.11832842539621068,0.09167772845470852,0.31881907148636734,0.7246273473292618,0.20243302170733232,0.0706559631364206,4.666666666666667,-5.99236213216145,4.468258270803282,1.9431168119719249,2.6456113882978687,3.6275224945908957,2.6183481626311544,3
c165,-23.430672008492028,10.724299258887044,0.1337773589781705,0.32790618766914054,-1.4440841732705543,-2.0616386720518305,-1.420353824928478,-0.9094122768143347,-0.2693769090471494,-0.41952352401679854,-1.1075574308277687,-1.3352269438915456,-1.2632553535449278,10.665678800354112,5.489032473161404,4.335371138816674,3.116439468591627,2.3190971966701195,2.42546958433669,1.9380276058597818,1.7896773871011784,1.62445955963303,1.5815375379905101,1.4245374738792473,1.565490165554921,1.661914021303544,0.02749761825633276,0.025041389032532897,0.1210494726070529,1577.2977347304195,1599.3681817608056,1287.7833753148614,154.70615546904563,47.70905143482534,0.8345864661654135,0.22,1,0.29445496047201447,0.15637671402120526,0.6441262638571046,1.22808825302525,0.305348185044139,0.09209355547674292,2.0,-9.080280710724558,17.393006194449814,3.851522820810883,5.275619847107299,4.5084629326330035,8.220791290965815,1
c166,-16.46023197457655,8.791152913652171,2.7427444496198814,1.5551566370962788,-0.1705273661617417,0.5755352157649672,-0.021325052246715867,0.7844323223882392,-0.5229585651517211,-0.3284934430736302,-0.4072552353075124,-0.1070009435982578,0.4275246744326933,7.700059981606759,3.9031397574126867,3.6275718496608422,3.093992930608943,2.2835198401902033,2.281698556718735,1.647570658752606,1.5406049098537198,1.5745371514461575,1.4641742266515747,1.3376448299384158,1.1895229502942732,1.217501236701927,0.03726216043259855,0.027061109510182143,0.09641156328715365,1542.5555201750647,1807.4844452025754,869.0176322418137,288.40387312906745,70.84776970442682,0.8571428571428571,0.0,1,0.25774318914520206,0.14099501098446285,0.7477338848829793,1.5283768690783839,0.25808488547107805,0.10050717732643234,4.0,4.98207573368866,4.566833003431782,-3.2089356453486477,2.54354000951036,-1.7023703501512342,2.0215471725680225,1
c167,-26.90892658185383,8.568062226490452,1.7807426303092182,2.5001350305726837,-1.543649645878683,-1.6184979792296017,-2.821084301098073,-1.6924893757524169,-0.3169306571493813,-2.3798408705273753,-0.8282226001125185,-1.463156306339009,-1.692847548999617,6.867166968230676,5.128768267404204,3.9631007420723585,3.0338728754199664,2.269622636295081,2.130494149154693,2.125961474319874,1.9145292071623115,1.9357207460122936,1.3459648245952407,1.3060923206552217,1.2707212673375554,1.1734975714823188,0.016634831945465667,0.011859637747160695,0.13044775923593618,1771.825044751067,1760.4042537031555,1401.474601175483,169.57329165962292,33.17375939573541,0.807017543859649,0.19333333333333336,3,0.1955961336888167,0.07044981745180619,0.3520426386391353,0.6374515729706116,0.24623150212535538,0.1235885531884235,5.0,3.517911533728625,2.520429003603609,13.794155107894255,3.2166293193381517,10.334180698705081,1.7078301587043263,3
c168,-15.836628206503898,8.211575935192112,-2.035767946032573,-1.218176543656587,-5.201936152472874,-5.329757698469055,-2.6949660009573995,-2.106447072318314,-2.5957476240492308,-2.0641506317168354,-1.5351908571316988,-2.1069400929590323,-1.9099214845313732,7.320442968797556,4.932855812533059,3.9962664271449135,2.901567814951035,2.7255155097033392,2.547066859809206,2.004574609313004,1.7604934994061237,1.5701896141946285,1.179692291228899,1.449413113252031,0.9913688730203007,1.105278874619917,0.05063299148576269,0.03730205845077592,0.12593966467254408,1627.3647883466392,1567.353433383906,1304.8646095717884,209.10519466122847,23.534060814646114,0.849624060150376,0.005,1,0.1942436634125644,0.08750521656451747,0.40407886776981905,0.6880331647078427,0.23116120852172795,0.10736742739981063,3.0,-20.762065356841713,14.69658750805781,3.4553608453826246,2.976226275824908,1.1293892466269504,5.780051958252012,1
c169,-21.658279369561846,4.409792410446698,3.088021630616777,-0.2751900107516414,-2.2105527530625713,-3.097687589005343,-4.217508459364595,-0.9776309040883993,-2.4100413478735456,-1.2935673633194877,-1.0433853592628242,-1.3817157902289119,-1.4536132686665733,9.459305045518168,5.657645263122564,3.0967652257461524,3.5038428078631156,2.516747226075615,2.622047794090989,2.3012859478174716,1.952268993720265,1.9954043593118316,1.430789317779921,1.1623365521860993,1.4419643109718954,1.3552133873140273,0.02948995565988867,0.023340925844712077,0.1762732210327456,2151.1729524203183,1993.9402188003755,1868.8208438287154,172.83650247351196,21.303910345392858,0.8947368421052632,0.20750000000000002,2,0.2008913227856164,0.09545133831883215,0.3840902679858233,1.1559222086815937,0.2992688369424181,0.03764030573596326,0.5,-15.181392504293193,3.7230075898905692,-6.284361434222605,5.133480156746529,-1.9960627807010427,4.565305551704078,2
c170,-23.108007469281894,6.469581875049995,-0.17993272097959456,4.355951750737692,-0.38203595147346997,-0.5617536250134557,0.06963066821416986,-0.6358130908494104,-0.08632725796425442,-0.8835427098316639,-0.8627179297711052,-0.9783578210540986,-0.8581485687495163,9.818309635883534,5.654109468680469,6.942727622812458,3.3643985352049084,3.695063437350091,2.611415001466127,1.7028228411225137,1.8019067716941217,1.7904276467831157,1.3609282353205108,1.4655619714142332,1.1238093384034953,1.0843548789666546,0.01979772836351182,0.01493090873278108,0.18442518104534006,2169.2145061270853,1749.741797503845,2430.454974811083,186.66198118938047,26.096577281833625,0.8533834586466165,0.1875,2,0.2620052475754,0.11463236745871423,0.5138151818051081,0.8773819638660879,0.2740732338532398,0.08920785910107351,3.5,4.487937179509707,3.28071795159085,-1.3142701321453292,5.094265109420361,-9.56679431133864,5.205607795796,2
c171,-15.796017692547972,12.823821188379682,-0.8576485595851138,0.9322366355727565,-1.2220836314517898,-2.1878375519623936,-1.8601485777398437,-1.908405105677018,-2.0777418899078812,-0.3882474401573248,-1.196250989827684,-0.594322365352714,-1.3875686904178248,10.154438220204986,8.620066377151847,3.7273274725179815,2.148048851918554,1.6469953560335062,1.804998384496502,1.510760121313857,1.3617033334517992,1.4205922856701008,1.5084306559563783,1.1090250927422083,1.2217570733696945,1.2407131360690753,0.04800303926220764,0.04284886846356138,0.13243860201511334,1471.8889845498556,1390.7675695746793,1480.478589420655,94.45702100367113,31.84189774831503,0.8270676691729323,0.025,1,0.16067218813149245,0.0727023036746903,0.2798735120668883,0.7192224564168,0.35792151269788525,0.04860261601755726,2.0,7.132240996457089,2.001739426201135,15.280794042378115,1.8438123441327925,-4.147828846779069,2.1256151282784383,1
c172,-21.77385917473327,9.945193244907962,0.28645422593963427,-1.1070371269530406,-3.640280068545629,-2.701586868740896,-2.984100773789327,-1.0955204095363138,-2.1344344064460268,-1.1217796877453015,-0.7760630992133465,-1.5238835389087773,-1.454926148277366,11.461600247431862,5.616845190758916,4.872797201424355,2.9928275016000847,2.9198801564778347,2.437190131171648,2.1349462589528727,1.9184324804671058,1.902692771208081,1.6002931944961674,1.6030411844215942,1.4072839840341456,1.380128848463527,0.04173380445595285,0.03229947226199596,0.11294178998740555,1521.3011412764881,1568.4213393146908,1234.4930730478588,211.06731554697865,38.2332037238499,0.924812030075188,0.105,1,0.24011777804388548,0.08337677810534178,0.34115070053636415,0.6991276560236012,0.3034519256059102,0.07185694485834396,3.0,-1.4646572895837067,2.4153323229530153,5.866968953782134,3.1177490699284376,5.051461825370524,7.592999500896219,1
c173,-24.329740047194925,13.888432190785247,1.9522561496870339,3.066533851253782,0.7578311990980029,1.567648595503032,1.282595450192744,2.087406942848335,1.72860180371518,1.4239541998644236,1.6025556832484742,1.4058965480908068,1.4063180806360163,5.345349199402735,4.169333537373811,3.7283892926102413,2.606444672580282,2.463702949846859,2.4152247425654094,1.621129487673355,1.7936502225429942,1.588298929162559,1.2783850794177432,1.2408262002934696,0.9897031032509659,0.9825520100468261,0.08876569536539018,0.0696745012718591,0.023609689861460958,681.5325339709469,1221.1817654428137,182.61964735516372,372.7013089811582,64.6953821752672,0.5112781954887218,0.0,1,0.3158104391916489,0.11171158808953156,0.613825202170543,0.7674744038824155,0.1957072471253575,0.08065180155626889,5.0,17.761484646893262,5.3467150801158025,2.0558235203875723,1.4279389109507794,-7.177187027435033,1.9223812581473012,1
c174,-21.702709089306087,13.288327833588212,0.08428283947438975,-1.9444077318494157,-1.301764025827877,-1.9371027309933906,-1.8011344805845968,1.1689833228864122,-1.4004029230693198,-0.9233779763576279,-0.3516499220924486,-1.679864368720405,-0.28223673022075807,12.234697390696294,8.589871062420187,5.678208998682246,3.6132430478898767,3.1672358819483835,2.9924633471097555,2.267030043710619,1.8334068798896626,1.7454339425827057,1.6064379822886625,1.5863876728773294,1.7815395302823285,1.1046326907394044,0.04748302865112291,0.037751057390679806,0.13611362562972293,1523.9330734709467,1319.1722675586554,1461.272040302267,197.65106072942683,38.159377757692916,0.9624060150375939,0.165,1,0.14942303650741212,0.07868347942100862,0.3180890852357438,0.539737635361719,0.1073247622313848,0.029391736503152965,2.0,-7.597236646066415,1.8189995719088579,4.0253658650107855,1.6269561426059553,0.9652267565949799,0.6470567347745891,1
c175,-29.516770498065668,13.566297841362054,5.9864921258866515,2.4447510213189494,0.650158862105076,-0.3224911918250738,-0.4800588197982424,0.6636858789168587,-0.6472666025658727,0.3708955873003966,-0.11403242847966791,0.21831044135847733,-0.42255472441813613,11.243395763665134,7.976329582698033,3.7115128145897884,2.6352775859102326,2.537954249030053,2.4936270667606877,1.8968086245712807,1.7705388430784452,1.6588959243990025,1.3847740223492213,1.1109184575348212,1.1015712821702603,1.1307912071880337,0.028216609480199092,0.02448423733778366,0.07880146017002519,1204.657004957624,1482.1792835888195,927.1489294710327,179.51782467614777,119.17621916504174,0.7781954887218046,0.115,2,0.08723975265445423,0.05279234482246986,0.18505801542717007,0.28539822182291325,0.11426601765711301,0.032005974793049695,3.0,-9.901522831003218,2.0328060091898603,10.84414320861394,3.0228700542167584,-9.57870777332708,5.034752827868295,2
c176,-20.512682810310043,14.342072857631644,1.5458739785765017,0.24525896364663943,-0.9828435550652076,-3.189988972347504,-1.879422376519418,0.5618759645453344,-2.5093931106842433,1.3740893729575585,-0.5455219494999799,-0.4001432132180182,-1.3790140999914873,14.68343799836037,6.137827458719314,5.01164104034534,3.013721321868231,2.930995742406643,2.688749590606764,2.482092889185972,1.8575925252095509,2.08183284168643,1.70994113832518,1.8117532596528583,1.5245858778592882,1.521336855131217,0.049808582752935086,0.035876049387469265,0.08249370277078086,1204.6846659224875,1388.004335816995,797.7015113350126,135.6623591433339,71.32075151031559,0.8947368421052632,0.12,1,0.244250173519547,0.10860339344318949,0.42184102259192724,1.0453073650698366,0.23380910321309717,0.04649686488009692,1.0,6.294490375142913,3.9791715289797223,5.929322166029981,2.423531524676578,5.848354305642643,3.672362541010468,1
c177,-0.8928734930129643,14.834139738554068,1.2864979423559255,0.16736618683413843,-0.8485594222510293,-1.3827005957299143,-0.8796681961965107,0.11200332889538897,-0.9234280012051277,-1.1614884048685528,-1.036977341755361,-1.817426486111566,-1.4399886268944222,9.115498415848965,7.128776616745724,5.086152991573103,2.792425611304189,2.0903490213602214,2.594768371879878,2.2358400450829654,1.5098284642452167,1.3957874121638747,1.2268527954253527,1.3865169032841758,1.5312426059160396,1.2906311268495332,0.1807867668896072,0.10844851478712131,0.10888794867758186,1293.6549215202976,1301.3009472131216,1166.0107052896726,99.91967419572822,24.863560819719957,1.0,0.0,2,0.1018230213009246,0.0622156817963835,0.31218936317221824,0.6283692823092143,0.17135238851473267,0.09002132527224863,2.5,-3.577127890601344,2.419535905801898,6.502981900300071,2.0068558430146313,14.48965852700946,2.2609306290962534,2
c178,-30.519501575807546,5.258672946912007,-3.322770861982905,0.5282832020090403,-3.8353250051509256,-3.1903781525155366,-3.083727492078657,-0.9386791836382322,-1.7443951708666647,-1.583586709137506,-2.6333163254397483,-1.5157267251016282,-0.9477206314940566,8.23555744820534,6.488613079351453,4.840246548695395,2.9153205874471593,2.833258573754966,2.3502746523272413,2.2317801206979815,1.7774985199024054,1.59062376595485,1.2717298177835146,1.51010305816237,1.359291153276425,1.16168810464569,0.010771061210828293,0.008377683480227547,0.18066160264483627,2012.1808102932566,1636.3202459208765,2044.2380352644836,167.10980477210796,26.959271034619952,0.8796992481203008,0.315,1,0.2304905010542818,0.09901506904317482,0.5059299547332972,1.0126021750186984,0.2749867113463602,0.09237172434639204,2.0,-0.6642547390409763,5.650720191518904,4.218645189075652,4.1784497155957885,2.145434128075428,3.7320444507851787,1
c179,-36.41698316292559,16.972325285626603,1.0889491281555441,1.0588399583991177,-1.9764600754369994,-2.313109018532977,-0.8777452782041038,-0.7239469685447673,-0.6026487907934928,-0.7728015847298046,-0.5120278680373582,-0.23884118589360528,-1.3765621642092176,9.512714126771435,7.033337418943688,4.646409673373521,3.113742401365702,2.671001708741368,3.0551870239476524,2.154330920466996,1.4983822943001281,1.7252415880214693,1.219698276625967,1.4553657519528969,1.2954654753685393,1.5130134176317407,0.014174904653871093,0.0109520500428044,0.07808318246221663,1089.8007499758075,1215.9261337865678,850.7163098236776,119.97237606528572,21.898285604916786,0.8909774436090225,0.28500000000000003,2,0.18028553509950723,0.08298743811558629,0.35710075018556753,0.6897064605659644,0.3385267832357812,0.07297699929824744,1.5,-5.485601877083244,6.326840202820616,4.000508554774596,4.939548505862469,-3.015615086560242,8.35788442324235,2
c180,-18.10175107516541,13.735065623180624,1.6298546326527426,0.9107987790835821,-1.131699481176295,-2.3511226835897383,-0.8447885255193956,-0.147536866792976,-0.0149412736557345,0.08269567149677323,-0.4813108895621855,-0.48545179778667796,-1.0772110298918178,11.108907325942305,4.441218374567168,3.5735932648941633,2.5364337919999778,2.06475270264343,2.8112750509016866,1.7765490219066487,1.6198109865049028,1.87266878773256,1.5085244001685858,1.2629622275517614,1.205693586905685,1.4707327606736569,0.05895889102261108,0.05307718488881003,0.07007881375944584,1176.9527017409036,1466.8007389710347,682.8557934508816,174.349715023945,52.39397339452525,0.8270676691729323,0.15250000000000002,2,0.11308306123481593,0.08393282280526332,0.2741321069545538,0.6619721389073888,0.3887462723475923,0.04730393452453732,1.0,28.118236813387906,5.5647398758560875,5.0592759083506795,5.280833109901722,3.932802403710164,9.24602255952388,2
c181,-7.382087986697756,3.2161900675430264,-4.344716138541058,-3.7088572069314676,-5.023341928331883,-2.7508968952704667,-2.9628981584048644,-2.0374516599466945,-2.3329415909539017,-1.7369023211241816,-2.41651308536996,-1.9728194628830846,-1.8632907822590488,6.975263576464167,4.473640264546147,3.011609371429617,2.7755993978897093,2.070112886363394,2.1409368921168723,1.8242351719503564,1.6366814996005874,1.6342053531677294,1.4106831013688839,1.4202900483925773,1.3137665936093623,1.3813973515885523,0.054774405643408644,0.03700911565361831,0.1576594970088161,2101.1930046281823,1842.4490675713062,1849.2207178841309,198.901392903709,41.24201933773011,0.9360902255639098,0.0,2,0.2837395400270598,0.10628648388333559,0.5428280590225188,1.1653099459677811,0.36208508602130285,0.08143935354352566,1.5,-13.869533607897655,12.798841302572047,6.04370697024139,4.189278236734037,-1.977789216034184,2.8071170349982575,2
c182,-16.212343290102517,15.619718614528386,-2.1218730694535113,-2.0670664436718598,-3.73894041702627,-3.0494817387084865,-1.422300202712485,-1.3157662042824592,-1.0922761534892824,-1.2255266649041427,-1.1602063300838699,-1.9925940484779199,-0.8707181960986591,6.195923029304467,2.92811864745569,3.6217760521586917,2.18327562138278,2.988789054550143,2.138225058656145,1.3753483221512168,1.4200508151986957,1.1949751560570152,1.1718460037160132,1.1295144016450105,1.3676715405604902,1.3380490902135729,0.07571147436549391,0.06255663282442427,0.06944663098236775,1009.750295720382,1206.2115815857617,643.8129722921915,275.78150063915064,49.030835932302445,0.8571428571428571,0.0,1,0.13159266718709653,0.07109580608621352,0.27196707277550497,0.6766645579420384,0.30536006165318563,0.055169782797889214,1.0,-5.759406807551399,1.9391845448576024,-7.473836204834742,2.1630052355515064,-11.886621796483164,3.8185092116586565,1
c183,-2.8401647452646968,14.090275188856843,-2.3315522453851787,1.751531754084062,-2.0690330649801156,-1.4048139814961424,0.2746325701638807,0.922092533659475,-0.6474356888781576,0.45284600449114876,-0.8123455440984233,-0.9761873744082745,-1.1913973788487882,7.417336862127488,3.8777734290036285,3.9225369508070766,2.6854309088299204,2.1488462168870353,2.2778570332766033,2.0449817410606377,1.3377658609204155,1.6753199103270122,1.3913671507352068,1.3291522201009827,1.339326851871522,1.2450237512048705,0.11820031257269362,0.09188628360354066,0.0866410185768262,1206.5096031063993,1311.1984638726522,948.5595088161209,160.9349533997938,47.00387084538078,1.0,0.0,2,0.2612437613573776,0.1588142284305289,0.6653946689603314,1.6778924921208982,0.38947958204228283,0.040609384183501865,1.0,-25.994164957439608,3.1165488401804975,10.853535761897412,3.416529171815628,6.115773901795077,1.9796096711674491,2
c184,-23.46067474496939,12.115519845021177,-1.202753952478268,-2.8686164681447703,-0.5004382242331312,-1.9526899236230162,-0.7189883358251281,0.4318057528373431,0.04077338812038622,0.651001606051694,-1.3876978719584185,-2.7917599766259946,-1.0195331908597791,8.866702405519973,3.9697761270860847,5.212692024543665,2.891680797072973,2.8184651672767904,2.370476928002849,2.11449477431493,1.8819402946596608,1.5440933566751105,1.4390109075869595,1.617758166737617,1.9031551557214423,1.1709210261548393,0.026433038091952295,0.019193262730494848,0.09956017789672544,1421.0995044908836,1559.9426656056226,1071.001259445844,176.54598035477358,34.15876508331511,0.9210526315789473,0.14,2,0.23963756960396299,0.09567610873501786,0.38475295583254765,0.9728722662246849,0.2528816263013633,0.07848619018781763,4.0,12.611481162603637,1.7255799410477017,2.636381474367324,2.229324658733624,5.2390687273510235,1.3705592098231332,2
c185,-23.474460267726148,13.36535660944871,2.33698318616396,0.6396526508938446,-0.5987679608718489,0.5987111111275637,0.16595585416284098,0.2735567301324207,0.17938550031037892,0.1190591134338021,-1.0217228530418967,-0.9694707927600824,-0.9756342664149598,10.93108667346803,8.219111863867115,3.85817480939562,2.3031939080996238,2.047405717382397,2.1181635630454263,1.5829338520734415,1.4629787852760492,1.4007916940774408,1.0220657699402482,1.2321483005534932,1.4182878776943064,1.3277082580785269,0.037168964912787726,0.03381131945563961,0.10192655856423173,1364.9562863239282,1457.9757470080572,1127.6763224181361,144.48616302314574,53.749277627691704,0.6992481203007519,0.215,1,0.16621994371017293,0.08589132417957729,0.2795153646083618,0.6845546222765656,0.26184563451724713,0.08188373343998358,3.0,-11.789203285055644,3.192720329612358,7.2415196804074435,1.6121115386074794,-1.1905022022264753,1.3082572872831222,1
c186,-6.447860080344284,15.316802727037485,3.3692843176993024,2.488946422173576,-1.2171848897321358,-3.014196378543813,-1.1552764724703437,-1.6067894399085718,-1.0201361342004298,-0.5929690500299201,-1.9932520047389997,-0.7166302296470913,-2.805049251506611,12.25421147561994,5.6786242205999145,5.116769546861088,3.0952848628046215,3.2613792015571192,3.077661445855211,2.353193861732157,1.96911157663434,1.888989583308469,1.4446123060524367,1.2939264976741836,1.4104719392156015,1.4823567847953507,0.1880606315458941,0.10642278709716675,0.05801978379513014,971.5423838877672,1297.2080767066002,557.1735936188078,124.66708153854945,23.219046530123197,1.0,0.0,3,0.22053900556659076,0.09701748757458022,0.4235919968350938,1.0628381367706583,0.3135949484059906,0.0484958167360399,1.3333333333333333,7.915938254697008,2.819675710957845,4.285729889770565,1.9437226828184706,2.275737753844906,2.2599957318849984,3
c187,-29.88050802068139,6.159762888711476,0.7000546781385771,-0.3073332352107817,-0.7565549410218559,-2.152332549775959,-3.5587748993489483,0.1361684608750401,-1.9326995478772642,-0.35193944024480317,-1.4906601291482393,-1.586008544316262,-1.3747944268606924,15.391141279281632,4.748252412558338,4.794949242982749,3.5166424940554895,2.944617583184437,2.764422841287534,2.50727598740901,2.0107853452952544,2.0820432916522202,1.6242719338847174,1.7516971323655182,1.5920551813514807,1.2581505592246045,0.0191151292232787,0.014844080212176137,0.13939015270780855,2002.8171333481662,1938.3128957594804,1503.463476070529,245.0402341441988,35.521030247948296,0.7894736842105263,0.325,1,0.17772460723585368,0.10520857139735997,0.3780215307105143,0.7116446815947686,0.3135769861253212,0.05436218526420328,2.0,8.978006074708167,6.956667620263793,3.8610706081312496,4.190951898076421,7.39244791289443,1.7427132824974796,1
c188,-25.74525117089802,6.351527858926748,-1.4141844777808512,-0.8923628821532471,-5.310753308368142,-3.381450280939136,-4.0423283386042215,0.5520752533739491,-2.971442970812125,-1.2699917256866444,-3.021875283594182,-2.398175068299189,-1.9508213248241641,15.47247773403552,5.514241170735083,5.4402222966816085,2.8031991343348746,2.9716647934598726,2.7895347978272103,2.1706166308501715,1.6935702533514752,1.7061942083929906,1.7017270326771976,1.661378819089757,1.3158709275378457,1.3369041092921565,0.02109381762119004,0.01514839629496241,0.13382432042401346,1881.5852891035931,1718.004429411499,1669.7103274559195,180.85779337805283,31.0262473215635,0.8947368421052632,0.21833333333333335,3,0.14406379831961627,0.07389830857927211,0.3337731371401668,0.5374366049551215,0.1787419837416593,0.06619902072746923,2.6666666666666665,-12.622027664306268,3.470567832667562,8.94013020989282,3.811098791678847,-4.1566400134804935,2.5569857366941284,3
c189,-12.499549080181595,2.674722266564938,-1.6302910351577982,-0.12707119358160623,-3.9750854939784337,-1.7050787244172376,-2.738170258010888,-0.5512405656739556,-1.1552754599310318,-0.9162421296807026,-1.1186448962949314,-1.5820361686387554,-0.5649566939845752,9.57550307357662,4.902264211853829,5.295894992397349,2.758173579904759,2.7013902586494676,2.5486545821945947,2.0462915086831446,1.9213031516874426,1.4696173123336327,1.4234697274635573,1.452776587585255,1.4384995951081292,1.1627249309158163,0.04373937345768221,0.03245112693498515,0.20166630588790932,2412.08401460217,1846.2882663889195,2442.4984256926955,246.67938091447104,42.48872150758106,0.9210526315789473,0.0875,2,0.25830316008940113,0.11765931372670893,0.49971992685285094,1.278748677226035,0.30795257773357676,0.07581344494547343,4.5,-3.5032275683768948,8.919979633018496,-2.295449860865328,3.8135334410091053,-1.8635424053809515,3.8748005639811516,2
c190,-17.50720299072315,8.450804889760924,4.6041625633635395,0.37919086233520494,-2.4268925507818464,-1.2416870192302845,-4.11668445457637,-1.622699794421818,-0.6615405182896581,-0.404468855694474,-0.823987134219248,-0.7583607204704448,-2.3474728006269343,10.63370815510531,6.691942737762758,2.9140902413541543,3.198345921438365,1.9406222726939801,1.5979001670633128,2.557323353320396,1.9057777292669473,1.596369779478983,1.7670854228277895,1.33683149166471,1.3928866130006008,1.2450627007122756,0.04945457503307598,0.03685955885444281,0.12344783139168766,1684.5604005102855,1779.0527065875544,1300.8107682619648,135.73666293972468,26.610929866397925,0.9172932330827068,0.15,2,0.21666388636579303,0.07181397021572442,0.30567850466405344,0.6124328666258363,0.27378764362181673,0.07923913174020111,3.0,18.53453238605771,1.4306303367411086,8.706488030808494,1.0012514715711118,-0.12106382929691609,0.6988991698613402,2
c191,-14.545509103244491,7.437791554737704,-2.4795327454006806,-0.4571899266904117,-3.483410392112819,-0.24597521317735316,-2.2459990314209413,-1.209363186082732,-1.5032541455968644,-1.3916932106171611,-2.2156587288995695,-1.1694015716963437,-1.6371279791147288,6.900104415289014,3.276797173731528,4.5736633798923485,3.0095325891049933,2.6350138391868723,2.4900099838378122,1.5132175057633193,1.3399892492101222,1.167868847669501,1.355155093192006,1.2429210518341125,1.2057506824548792,1.1382054568150268,0.03281096134185488,0.02118609895417066,0.1247982918765743,1735.6003237019406,1682.8556850727123,1264.2474811083123,208.55639099538067,58.36589103651145,0.8571428571428571,0.01,1,0.22203457136785268,0.11836669738299613,0.4641139468968147,0.8835862152410875,0.2720016309630867,0.07073104412888113,1.0,-21.468879122763486,4.646312962163608,11.20853060673676,2.0847665301871983,-7.7121572610688975,1.7558278665509717,1
c192,-16.423960913335588,15.138051019890549,4.084434889224221,-0.6066885241850094,-0.23483814162195638,1.3088908955682497,-3.489694056263811,-1.5242744586252188,0.7874408567026575,0.06192675149700758,-1.398312991680632,0.1751175154072299,-1.5629763038594546,8.586290747733974,5.595935788261504,3.2608274235536765,2.855316201829231,2.855643159642808,1.8128168305393326,2.5365679093591194,1.7605505180299197,1.7827652895994455,1.6153795674358908,1.7676297894206594,1.295162805009459,1.0863653122643149,0.05836746720497841,0.03962955333722516,0.07661464892947104,1109.6148386575435,1392.7765212716092,793.1360201511335,125.84259682045315,60.76696856119807,0.9699248120300752,0.0,1,0.23924423540186218,0.07008013068186934,0.2704389587202152,0.4938396983098866,0.24011458298098148,0.09229114626498526,3.0,14.581494643950826,7.876632879136642,6.964648539337709,2.0832750710702337,-0.5152173526927312,1.2723840654607304,1
c193,-16.40068801667053,15.52207906454077,0.6330773511302318,-0.16904589225342873,-1.944066626393529,-2.234810314520689,-1.7882499726146415,-0.9357622687295365,-1.0853139607616273,-0.8883017361744286,-0.46805008057427056,-0.7488810406186649,-0.5733726265840426,7.176534545509276,4.918542705828581,2.6592661936985147,2.204929411725486,2.217577499203205,1.7652951048386345,1.6090921613363067,1.301134223742115,1.1733137812497558,1.246244738452737,1.0272890704249167,1.0050248766319243,1.08887001340887,0.05842355657020804,0.0511391141070127,0.07618663413098237,1053.8568080386528,1288.2013019450796,740.4754408060453,154.6523859848008,54.25206827072122,0.7744360902255639,0.0,1,0.2198053045550452,0.07807309176555771,0.39756987951191164,0.7561796409037336,0.36168966282948084,0.06792012485792276,3.0,-19.74559799253391,3.6134209039486453,-2.519051936315322,1.472991608174481,-1.9741174989199637,1.4784348895541353,1
c194,-17.37203338914146,15.175338896008782,2.1030303488175917,-3.3162208872600893,-1.1281463967384702,-0.9104745054557132,-3.026772668505089,-0.9214894201669758,-0.9640265568728132,-0.749605532918815,-0.5136271821339143,-0.9352255912906129,-3.2585442345435163,10.46959939290928,5.437423257758189,3.2603373698426488,3.4597211425418544,2.3791435039385354,2.040552733607006,2.4088948608364165,1.6411622800660077,1.8362733017016175,1.5228180425235696,1.5847839746388042,1.4897246738202472,1.819186141444818,0.06324245330280828,0.04126806535989561,0.07409772512594458,1099.9725893043856,1368.2455462590706,741.7034005037783,135.31918251799462,27.777533423673447,0.9007518796992482,0.10300000000000001,5,0.1299143883861114,0.08318915399912989,0.3186633246003364,0.7513078899095211,0.20706855226023727,0.03951610453600171,2.8,12.289744464307606,1.9931158156592723,-9.899894459305882,1.7646543442187728,-2.5231601932772483,2.3885985278104993,5
c195,-8.991021123144668,8.337383538859175,-2.800660277192618,-0.558390968610718,-4.724311118643146,-5.39005645328299,-3.763965958646982,-3.0954481139161074,-2.829217723103408,-1.2299901978559682,-2.6100384436306143,-2.062982187441019,-1.131793213130979,4.951541356463796,6.061557310625474,3.8501050185164316,2.7236211409240654,1.4142933574419416,2.6463652113246217,1.4748607522844819,1.4061044661698303,1.6118717851962419,1.2525224845522818,1.0852203317089408,1.2280400366311905,1.0432922488333374,0.05988349201239237,0.02975939829173091,0.12750413255667506,1669.4316090390575,1545.09392500954,1256.375944584383,166.5344512116268,58.117069129018,0.9323308270676691,0.0,1,0.2368580721447946,0.09428448175470773,0.4453666119643109,1.0018173283964242,0.2841711914203543,0.06015061932380084,4.0,-10.880003704855833,1.9266814005669808,-8.42714155663415,7.521991904761796,-0.7433401717011375,7.4874298896583555,1
c196,-17.51623389433513,5.569050342465652,3.697035149612794,1.52023330942819,-1.4117179546397511,-0.9431958082497099,-1.9568624344115428,1.4247301698819386,-0.6807822613642052,0.13756721193108348,-0.2099152321958819,-1.2256965162891538,-1.3409447530297856,8.2112187829285,4.9659735063601245,3.7076027292215046,3.025132945241149,3.170535668943146,2.3647587656528852,1.7233794231563802,1.648432393424284,1.6286779518393915,1.495096776352837,1.4629670990255574,1.4029392443686577,1.1179350071625296,0.026163876603960457,0.017987410744397483,0.15964951983627204,2204.668697506067,2037.8528588450945,1806.9505667506296,186.06605878593234,36.54187071859782,0.8571428571428571,0.035,2,0.15850526280437693,0.08813598396684062,0.30883909632070555,0.7181051356313657,0.29204159833394594,0.11030891417093569,2.5,-13.430448765618808,4.395235417458965,-3.667717139475793,3.337926102917222,6.972040428125512,11.490475925563981,2
c197,-27.898692204995882,7.799005789515255,4.244848650250327,3.750405801526146,2.4390901378153935,-1.2539385590952872,0.2378190852413146,-1.27037922342556,0.35462607780679206,0.35229048638463917,0.18418334273053136,0.46506731747957075,-0.4281745217868693,9.617522586220268,6.662939260163715,5.0415827083328795,3.2894897543908024,2.6950124572127407,3.488620372823931,2.269727215137216,2.0553039564074846,1.9126278792432287,1.427422231894066,1.6705297906350323,1.3421645315277166,1.284774283667087,0.021423462568090787,0.014649115683893286,0.12134629513014274,1762.9267613606225,1843.057461018845,1328.9515113350126,247.9851628635314,88.88286077302847,0.8596491228070176,0.056666666666666664,3,0.20393908393512994,0.11725594896162361,0.48218945865616364,0.9428372418470263,0.17628201820443143,0.057354191667084393,5.0,-1.0688624776219813,6.604988331264093,-7.795267512112846,2.6672107662843487,4.477091839691615,3.8567649721344863,3
c198,-22.410145654479514,12.593935001658814,1.584636604975571,3.211534562501783,-0.4122957049410095,-1.518628697001837,-0.2743750099876507,0.02510145447252638,1.0652340503152808,-0.45129947183580577,-0.4751491744250503,0.13098741714770412,-1.2878295025930118,9.156718796286864,5.860174776015539,5.998374766842811,3.3898038665865036,2.715264665953141,2.566781753328118,1.9047886009771493,1.8793654319919089,1.7665757058487626,1.2911992358023106,1.0987454173248272,1.476518181650011,1.3222206698093808,0.028995490453113157,0.01758769540898863,0.08816612877833753,1406.569606009301,1543.4282667903794,1022.3551637279597,165.31570898971697,63.744345770503955,0.9172932330827067,0.0,1,0.24083823665377038,0.08497484479401672,0.3843116349221983,0.7041086651569807,0.2844376086842619,0.08540080267684759,2.0,13.817678767358885,5.338863138715425,-0.7576971684013551,2.6207017401175814,-0.13889872806795192,4.424417914815504,1
c199,-4.180582460494312,7.124993978866965,-2.3303109901079417,-1.329426982299041,-3.3605034225207078,-3.5187956183823332,-2.1201601057732673,-2.6286172098682865,-1.5224912614690234,-1.9963806175638814,-1.0585492531330245,-1.849530513963484,-1.4846160785746794,6.661627106956577,5.4975445205429745,5.699337769966081,3.2682508017931666,2.3342138472862515,2.702686512787971,1.996420163454393,1.646916610603983,1.8610137174219907,1.693037066446192,1.2301154334496556,1.2314950243962035,1.316025905951687,0.1059654948549626,0.055339247561106183,0.14937716467254408,1822.101069500132,1612.3651787831648,1648.535894206549,246.0132202618776,42.03546581610714,0.9774436090225563,0.0,1,0.11671284704442327,0.0773237688005303,0.3198488093964833,0.6203746417429252,0.22042211872683315,0.1198450061050937,2.0,-17.32882864589886,5.6047976856961546,18.917364165572685,1.8563104161459574,-2.235778295748942,4.20081030859292,1
c200,-24.68857209072368,12.522522255438055,-2.160427616307467,-1.4516154571958053,-1.6203148243145271,-1.0726816728484234,-1.9897493651553704,-2.058525505259333,-2.2458001460633175,-0.7301708258260357,-1.6356618982818707,-0.7115452737829762,-1.6127274261951428,8.509977418216648,5.029896131415205,3.021156845133104,2.9052739581310236,2.018213798051009,2.0359697354946826,1.8337815173497933,1.689039483346336,1.7736842617707234,1.3507576202912148,1.0741125985960607,1.290941841134032,1.342176138019687,0.020361636582035162,0.01606905125306486,0.10664087098551638,1374.174741937033,1419.374635496999,1234.0798173803528,158.32329260516818,33.64556622404339,0.6992481203007519,0.18,4,0.2223919392037199,0.11645153625462226,0.4562383072422246,1.0099837945224022,0.30732913368594095,0.0590974874596854,2.5,-11.749398409832779,4.953838178711197,-8.118899074859481,2.509487903421997,-0.6595194635198359,4.688713775448517,4
c201,-29.611246418799087,13.657147934749636,-0.4869721923124902,3.824898042844271,-0.07985883758026491,-1.4534387438027987,-0.7018828881975642,-0.15889288175846347,0.02212043063709375,0.15809303115650924,-1.6423745780869632,0.019708334936652545,-1.8057816634017312,11.221400684225198,4.882909123880943,4.614468935770099,2.648081222480331,2.1612060582072,2.36270230024749,1.8369833676885683,1.6858655427126248,1.5043450960784595,1.5968190374202285,1.5162708891835828,1.43391290495327,1.1899797375453467,0.014039975927736514,0.008050476097848116,0.0834382871536524,1221.7555993940568,1354.6717569256982,960.0125944584383,147.5666092820235,15.330100177249115,0.8947368421052632,0.125,1,0.21827387361851053,0.10388646362977752,0.38195856572111075,0.7608291097757709,0.3435837611596494,0.09894809544726467,3.0,-11.671369936167421,2.1947035112801987,-2.9535757158072844,2.250310192775463,3.427289872589562,1.6925414221939907,1
c202,-23.9482914117304,10.2478127656734,-2.293791908271227,0.4084692454498543,-2.8816578049543904,-3.435482043967591,-2.1920877398532372,-0.8964416049123904,-1.316288013847971,-1.3513443954872126,-1.092923125179702,-2.0719145441563254,-1.2247964744623323,7.82689066643898,3.377590328186825,4.719616504088082,2.807067954770545,2.0540535680188827,2.4820499777770713,1.9629203763537184,1.5987393314390974,1.4535377890846286,1.215023833283683,1.4875191714037856,1.314808438646769,1.0397260591983786,0.025805032649065068,0.016135439761648895,0.08550456549118388,1384.1309257168446,1518.5459878407116,799.3545340050377,220.83495700457286,20.288557309223364,0.8571428571428571,0.175,1,0.23626154216558806,0.06780157838896815,0.28767683945391925,0.5378648567152217,0.3184719625993402,0.03591572304371018,1.0,4.76196410838078,1.5229436725153305,3.9109354471700892,2.7590431005632383,-5.092774412995514,1.4096287511483905,1
c203,-24.413845259626456,5.221371788826831,-1.0159537701064827,1.0800134775458845,-1.9119900652871824,-1.620833738454378,-2.9809651450876147,-1.3334950365467206,-1.0204415610331503,-1.859443730668306,-1.240983332444011,-1.1447621833568622,-2.1931347644790034,9.41501842830087,8.151361865411369,4.096008722292871,3.039655863800094,2.1001369117680397,2.4787500507124602,2.5313252058903086,1.6371468205552553,1.5628788448572657,1.4597423360364365,1.1405232173260749,1.1471918311919722,1.298758282890372,0.018516877529092448,0.014900815040129587,0.19350040669605373,2096.788049464127,1696.5962716763588,2089.5780856423175,116.33199687009831,27.696759541778828,0.8922305764411028,0.25833333333333336,3,0.054782359633119726,0.0425058397573489,0.15478559732763733,0.33049165104515893,0.1524811247154826,0.08116269542614295,2.6666666666666665,-7.638588196114934,16.491099509031788,11.301666994851095,3.3214667721903837,4.056792401723005,5.072916527559461,3
c204,-17.895989151001285,5.183410880668623,-9.667008927164538,-0.6839392779491096,-6.672357403686712,-3.5406714201369422,-2.46289822450411,-1.9847016604566725,-0.5101924591609927,-3.384623037560587,-0.3069200508934653,-3.761128329326074,-0.9945703000577709,11.468249316759044,4.1535245553847275,5.793071172958299,4.039508673796837,4.013236684306356,2.8338056308360273,2.41129807981805,1.9466782113755912,2.049927413358168,2.333873328032252,2.099574043789085,2.055005466552594,1.5267501323415267,0.04304359270620596,0.03519726722963659,0.19355124370277077,2043.7316970616644,1517.6441478472789,2368.7027707808566,202.77849442062097,49.54905085400269,0.8872180451127819,0.21,1,0.1547793506741867,0.082541291975109,0.3520432765201776,0.6973889552611269,0.3352867019000063,0.09665479080766533,2.0,15.20981349844659,4.33759022839896,8.138567786601781,4.211150195061007,-4.708854758336403,2.3872464509241764,1
c205,-4.415186953183842,10.137865166750093,1.2248489447525546,1.5884166912574478,-2.1386683169721894,-1.173075393326457,-0.04421105434535741,0.5913824843866697,-0.3701744648548785,0.1737712557872537,-0.6257880863565471,-1.4955112280989211,-0.7626827517153725,5.0673460228462845,3.0464898229215196,3.3570860047157387,2.4543203025272917,2.0022766798406453,2.0808303942391677,1.876455836464702,1.6002817006984393,1.4016122823846784,1.260059024987324,1.3568119156264626,1.2483446538611553,1.2284956340099933,0.08118010595776931,0.039701807676844544,0.08387368151763225,1423.6028405025777,1674.5808942997214,783.1785264483627,247.49604697458153,54.376891704895115,1.0,0.0,2,0.25657307062478085,0.08715533225470505,0.4623284001462404,0.8090186983155606,0.3028791778863934,0.08701079289643152,2.0,-1.9691191379348696,2.8129170629945692,-5.0972980476918295,3.954704054895081,-0.29417244452416924,4.544773834004607,2
c206,-14.596092386543411,9.92669042208886,-1.1616328850748303,3.0832852538365105,-1.579837934494858,-2.955760910271797,-3.5705282779129353,-1.7203419442252708,-1.2920553803160106,-0.27333710994472243,-0.9863045046722914,-0.6258981147109393,-1.555667545563829,8.266938346786324,5.987522277021773,3.729503723367934,3.118793503848145,1.765381309996759,3.0069350686542617,1.9524045813315016,1.862396339799878,1.6085294695605623,1.2497446435115056,1.1599585197796622,1.2316582171670285,1.3917130030738805,0.04106975361632888,0.026126223145053168,0.12242699149874055,1614.8372474251566,1500.0695698279715,1338.7122166246852,129.34204599362033,19.336454050297483,0.8721804511278195,0.015,2,0.22337047063968601,0.0896946645046397,0.3865336809964549,0.8740916456071026,0.31942461376048237,0.049463254658428255,1.5,-18.702376946205035,6.375183468847037,-20.455177000281623,6.624373797893847,10.728585175624636,3.3392541242572507,2
c207,-14.12326008161759,12.402718701151505,0.6148286071513487,-4.973154900661199,-1.8356366929720471,-4.370053769149161,-1.4313810071997888,-0.8649470752619031,-1.762771001587979,-1.4671391802629192,-2.368668239813181,-1.0282737019310726,-1.6249593997672453,9.180481831304046,9.169999331696346,6.174130045817282,3.2572885424188303,3.036162414186821,3.297991873417948,2.5127647555377974,2.0398694489140574,1.816421216116646,1.4545923013622872,1.7990466985837648,1.2285100149616208,1.292430459707337,0.08341514690111017,0.04564720571174983,0.14867364609571787,1610.138848786875,1380.0050511787786,1603.8255667506298,200.01058161729335,40.37326420581517,0.9924812030075187,0.01,1,0.21483132636929994,0.11298635183448524,0.4369698587522152,0.9782147067727683,0.3184648375517451,0.06631292375809746,2.0,-14.58594046906466,2.065726321432164,2.5710336245593464,5.528425948455075,-8.104495619954374,1.3167303651297078,1
c208,-19.412915930670863,6.4463722446152625,2.0307612810363445,-0.8900887743013722,0.581782522214088,-2.2851744152823943,-1.561966727242151,-0.8051813292912383,-1.8027707709490761,-1.3037322737130275,-1.4389190402576724,-0.9503279895037672,-2.5389191865231973,6.587140613648747,5.2017065726030935,3.0744217049141382,2.783795091882111,1.5913592498815596,2.343414520110209,1.5911780689816093,1.5215025854025324,1.6786386293416997,1.4783088100882387,1.2444316936402637,1.0148358757246432,1.6303395940590601,0.01954342486752117,0.011093153064568664,0.1725867180940386,2187.8964557588447,2052.337292024425,1845.1406381192273,119.26523741524828,27.31414317331539,0.7568922305764412,0.06833333333333334,3,0.25623576578849244,0.11877143733035178,0.40754640047291885,0.9626483769941796,0.2614552733556305,0.08252865035762406,2.3333333333333335,11.551633456074967,3.4083308001258756,-4.890724280094568,1.306584063903947,-6.918242317434289,1.6303212372068208,3
c209,-17.56247688056817,15.06904809435458,0.5427394739822415,-1.3068619336588523,-1.3544025968011364,-2.3216407808790525,-3.6529271277596163,-1.2507144566293902,-0.547643794971221,-0.658856460695687,-0.9761427205049765,-1.164463930827159,-1.4495735435677695,8.380896213784851,8.141360936793282,4.068449034156014,3.1682217584360313,2.1869446459515416,2.6366967596259068,2.502892165887465,2.1008353671221305,1.7129477470033627,1.6028265947063398,1.4637632468444108,1.1490407128170714,1.2175899892885962,0.05675370053953271,0.03817441923420004,0.11408808249370277,1297.0218880900202,1274.1415979986525,1284.3986146095717,112.23941634137887,54.00480038466359,0.9624060150375939,0.045,1,0.2145575278973885,0.0606727782679079,0.25130148469561064,0.663876439940214,0.2228231053838212,0.05385223385944255,2.0,10.9062645779939,10.145449537642058,9.60401498791378,2.1733249149160665,1.6881489784856802,5.0671618652005375,1
c210,-0.14420614374473775,9.960304255263518,-2.6232991917163577,0.3280429548875704,-2.389487888145884,-4.788460248884675,-2.8030796079073403,-1.5014818661919456,-3.076599415954471,-0.5873611636046844,-2.2596650727497782,-1.4820840282442473,-1.0432258423956264,7.857203499949564,4.70762384742346,4.629894983416326,3.485396760120974,2.2270913048375522,3.3755748749108014,1.951692307292461,1.571505366270061,1.587671372466163,1.726112338985269,1.4849437202473823,1.5036843085335418,1.3462727288315754,0.1299024159531626,0.07184618193730075,0.11546068167506297,1603.6842460089624,1530.4822504141248,1378.0698992443324,166.83439341899032,39.74778263598867,1.0,0.0,1,0.0876466907573792,0.06953051533670972,0.24006852850603058,0.6425116175177026,0.2730372887027437,0.044104631941184025,2.0,-16.0081549552272,7.088093611519109,-1.2768497777221932,5.970700938638433,15.013527818247104,8.653406879130893,1
c211,-24.51022833746229,7.825442278500907,-2.2567812259534334,-3.107953048107139,-5.088969267644964,-4.613928642692716,-3.5152377267908728,-2.9559437336449856,-2.9195515709124975,-1.4676502421991453,-3.205177241959354,-1.8363256542627049,-2.210786379754108,12.32662120103873,8.456212072385647,4.412916229261278,3.2545786669348207,2.8250708669492433,2.6618567591804356,1.8452131867141706,1.900582758807549,1.8037899543421092,2.018422294425961,1.413829417190239,1.490346324580866,1.1922126848884735,0.03712203768701562,0.02822938274852373,0.13892769993702772,1641.0311769329662,1477.4346443453694,1486.1460957178842,162.10505370077325,42.67538017918873,0.9022556390977443,0.205,1,0.11407558081916959,0.10768340626371271,0.38521437656675694,0.6347414256763212,0.2491301805948503,0.10391724797621266,5.0,-18.970136262244544,8.462430458899545,16.70963690869413,2.3316291374605727,-2.3588989550973833,2.126694217380626,1
c212,-12.941649059865112,12.018416492484633,-4.955850578400895,1.893927706607469,-4.1792032839942665,-1.717985847889132,-1.2749369692334158,-2.072492700888688,0.9711801467757453,-0.7564209812296739,-1.0818497910093885,-1.4819573369551067,-1.9641546139037593,7.6157601095244045,3.9897868282522855,4.0549923673478645,3.610982782653292,2.9865716132724462,1.8756988485219004,1.8854739058949541,1.4505778706643395,1.7361343673770187,1.3535321883262388,1.304260431883668,1.3762980496380701,1.212647150371433,0.03909956092065557,0.021812117427327127,0.11217759498320738,1506.8021030791006,1384.1344132818406,1464.5780856423173,136.76104380910314,43.27896282659012,0.8922305764411028,0.0,3,0.1951993904688011,0.10934068132955271,0.4486442850621299,0.9077752499516349,0.394689653041421,0.08410299814908402,2.0,-15.720337310568297,11.883839311894674,3.099095601326553,4.171394376734735,5.232605587030452,2.090718114589163,3
c213,-8.540283138806604,7.374520416930891,-2.3561182125307285,-4.053263317174206,-4.2565568064489,-3.759693828689071,-3.323481644475779,-0.8104779798136592,-2.197916628066979,-0.9086472449749329,-1.9353397992301464,-2.1395611876908465,-1.8722935615034724,11.086372964326022,5.780039364426262,5.514144424771488,3.221335690816539,2.780465144182699,3.4871864491918805,2.2980307034651823,1.84756547625868,1.888754611246296,1.5292421179176419,1.7081935523548446,1.6201535567592062,1.6181128782298109,0.09195956031992691,0.05384521669344378,0.12777471662468515,1683.1327134982814,1630.1992728549988,1309.9811083123425,226.1353083269575,56.034350650470486,0.9774436090225563,0.02,1,0.22136114580610605,0.1031850016193577,0.4383988892909887,0.8894739293464847,0.1678863456865144,0.09636948288124669,3.0,9.915187943645892,13.315805942068634,7.280451015607684,5.49368908888175,14.519129394183517,7.368988534573967,1
c214,-21.02888334329108,10.418125566321809,-0.4079498741328777,0.6824657962810461,-4.128497510794562,-4.342813131178753,-4.753136605864613,-3.700837112095079,-1.7983901939457927,-1.6397926525579418,-1.1080632134297124,-0.18023163238562637,-2.7402193679675415,9.203108946289811,6.536085761954209,3.3173339631650824,2.869003147927289,2.280340381122578,2.373891489461284,2.1234347938005538,1.6658144571994165,1.5400671124363023,1.542320751355713,1.228723655054369,1.4388526664370878,1.851102034007806,0.041264827648164484,0.035126078298219524,0.10904439546599495,1446.6331548460207,1452.8275741775394,1104.8646095717886,155.4543956523805,66.10187935559611,0.887218045112782,0.073,5,0.07779695755435047,0.05499422119670498,0.20554236545617002,0.3826749976497011,0.20963417315234062,0.057626781319593944,2.4,9.949247418741876,1.0085204933072407,-1.3775597419610748,1.4020680447419038,9.594905251807456,0.8669383489791928,5
c215,-23.18719850189362,6.835343013444664,-0.7324857663181031,-0.29074787970420995,-3.335184483946786,-1.801720853340899,-3.2146754650164664,-1.5377481383354024,-0.900800884481796,-0.5625368637798305,-0.7360038106578134,-1.8079307700074283,-0.5739528069754595,8.843514805971237,5.424559314141686,4.548111993332642,2.9050229329283694,2.7531924304711777,2.3571275607605244,1.7931212663865324,1.806986977789764,1.4777422690650515,1.670298573108308,1.387523365951693,1.5719634205786888,1.1839194627726297,0.01985236429355882,0.015345008330067198,0.16421173121326618,2019.8339437359773,1766.7762852657133,1886.6761125104956,199.40055574508378,25.435894151856218,0.8395989974937343,0.2333333333333333,3,0.13764178544576575,0.08354603215210081,0.30511258636652233,0.6938833611767642,0.2898457400666286,0.06606273137778455,1.6666666666666667,10.532500836235963,3.1697857622594454,14.875721248840492,1.3685513934183888,11.816182751622295,1.7532612945433508,3
c216,-13.607759878048125,4.740648022273897,-0.0019393417412496628,1.2453679464386282,-2.553496779293476,-2.0059646749031654,-2.49358444736036,-0.7288752045451042,0.07343886200446502,-0.7686182273952376,-0.5349717670555678,-0.880457467767451,-1.3226951626781913,8.89857423319326,5.553717686473444,4.843596428154613,3.24772261855396,2.4419418702303255,2.9148385867210003,1.9208898154711853,1.8351026878097756,1.6519831656146835,1.7716792280192342,1.2479816437302984,1.054486146305731,1.8143975889406492,0.03738170344659902,0.028023963553923396,0.20639168765743074,2349.0370283320794,1843.328315850306,2243.4666246851384,181.12187444637246,33.19777883321184,0.7518796992481203,0.065,1,0.20756039021807435,0.08966591505727754,0.3841140981812301,0.6816973150783484,0.20988654674995197,0.1237813791777681,2.0,-8.441721727758797,9.661484801338533,6.503281732213988,4.736570336888104,5.77085783804675,3.624914190235816,1
c217,-9.619382997511057,6.804573671334337,1.549038664054784,2.0781973197649566,-0.40808090213308074,-1.7901695550741383,-1.4286514046833367,-0.2133987649841341,0.4000520369232555,-0.19027413518447667,-0.37148139653235934,-0.6141509239285938,-0.8494489196723775,8.225526004189524,5.425687516854676,3.7204727656452365,3.127072478736652,1.9502445273504971,2.5262059668073245,1.902203061232196,1.6858164190430944,1.5165918130242515,1.366946109391555,1.0499518955736642,1.2399466224433884,1.1271202683395407,0.04641129232323991,0.033094723466102954,0.15318994017632243,1969.7189774845695,1872.2558905424587,1516.6876574307305,145.73065374669636,79.58767578452182,0.8646616541353384,0.0,1,0.05518163437129422,0.06265338623245374,0.25545389570884536,0.41000623610878817,0.35023426801763446,0.13201273390002452,1.0,36.4273026482969,4.194453562574855,6.2201249506835055,2.812063637463307,5.630155435345886,5.590362169507695,1
c218,-24.09255281084097,13.352103789521662,-2.1944375210755576,1.0940609538671011,-2.0101825026865505,0.3622103368797804,-0.5992137979425259,1.4989507525919639,-0.11961486096321455,0.10042847978986336,0.8737134990708887,-0.6772942832724089,0.811366691143044,8.87977098628062,5.651397931638162,5.214188080609124,3.3716671879652904,3.516686404985638,2.4828396657687715,2.3356512309758726,1.865829936803647,1.5842770678182863,1.5553904558612341,1.5726354292761935,1.9350211439069132,1.6206169202810852,0.04265225310939998,0.01318264111359859,0.04631989268471873,904.85609123747,1227.139927147249,460.3536943744752,230.47785846404827,47.16425571151631,0.93734335839599,0.0,6,0.24851520345351283,0.07749953967883659,0.36831942148685504,0.6720836452590495,0.2266907244636338,0.11512685728980365,3.8333333333333335,-5.409891408712251,7.143727677557201,2.0116569132260183,5.155059205144853,6.508954608413874,5.2605794851013945,6
c219,-16.879147267504813,15.1945893761378,1.6689396184795915,3.137973150854277,-0.2932092668457017,-2.4172172349118966,-2.2447543059533026,-1.6676224905346997,-1.5577192010959786,-0.7155068367708001,-1.3992446000335228,-1.1536385223095353,-1.816934312778241,6.5518457874787845,6.001707164326935,2.969349886377752,2.489501101415503,1.8737310003799352,2.045210137453704,1.9148709596263702,1.9362475180369458,1.526458904094804,1.2541843885841586,1.1452708488748962,1.2032117861640304,1.3676615042467224,0.07128458164883379,0.04835120846645648,0.06770505352644836,969.9368657867203,1214.507748460476,709.146725440806,134.5908053692426,19.032425752469194,0.9548872180451128,0.01,1,0.06392604518327699,0.04615228682588219,0.2185254017796383,0.3937650770500042,0.25577301463247754,0.07197584709440434,3.0,29.30553617829707,2.547940435110233,2.933377252231624,1.8549555974347423,-8.743419368764046,0.7824536237689992,1
c220,2.842324500289553,12.619217955386217,-3.6802259122529923,-0.6737458024250695,-1.6241279824980734,-1.4970313243387174,0.24703247501159986,-1.3703700789511055,-1.6855689603246389,0.21918990442026534,0.43060682043814114,-0.7609626944993915,-0.7948671075852376,6.010276924815981,3.774560252538897,3.432630244797204,2.5761879745060368,1.780968843689617,1.9439956086722838,1.9748183526672465,1.6528059719656478,1.6785717571775811,1.3696263740723689,1.2724078745646419,1.2219745968718922,1.1977456462779532,0.14464350640884452,0.09343083304460961,0.1065855242443325,1399.1434138451361,1417.2947761161727,1151.2122166246852,141.47583482941303,61.604865774842274,1.0,0.0,1,0.20771432496887446,0.11713236310792842,0.4365344267900098,1.1396360316762482,0.2649168126728894,0.0676411995374115,5.0,4.781187395102607,3.60866877238244,-0.30648391474890846,2.8739553943973504,5.614437348821903,1.7646880693418046,1
c221,-24.178772475362337,13.937011799917014,-1.5805102571892014,-0.8669360705984409,-1.9388368952055002,-0.8941463904333308,-1.8288609897686354,-0.06721703284761951,-0.32216725449811895,-0.5175632081231266,-0.655902666596034,-0.8759532131807091,-0.0946187012884332,6.815826216970495,6.2536240513156,4.108251140504661,3.462889491107968,3.1505389982250493,2.1954181410599776,1.9691708298097614,1.6476366260336055,1.5174983533980317,1.262152643961999,1.2494090199155448,1.5846755569700437,1.2370086327602414,0.02567314967746629,0.015083912264392546,0.10101149244332494,1320.8082284720026,1365.063183827582,1181.360201511335,203.62856542245507,21.312368251889637,0.9323308270676691,0.165,1,0.29598112720544717,0.1034389322194603,0.4887343972708097,1.1086653636754882,0.23938748900820717,0.10834961695412736,5.0,-17.281816721861787,4.602037583089367,-3.187831469123606,5.605722205886967,7.115224811389799,3.1043836587441076,1
c222,-24.37035581527367,11.260181084815114,-4.746471497299956,3.067676545778407,-0.019804080947631864,-2.7119242296499433,-1.2385059128474885,-2.260792031661845,-1.9765289359398612,-0.9510211041977041,-2.0087727931020063,-0.8601813063210227,-1.1487016221693975,11.083837653492271,5.385394906596893,5.23770102016687,3.3617405702547805,2.000367309973743,2.879359396908889,2.378520650681744,2.3339083005120416,1.8848883556054385,1.632700954337676,1.2592248568808886,1.5842749259866706,1.5402516384278608,0.024054971441742345,0.021172054427661215,0.1302001338161209,1528.8952284177426,1387.06154900421,1467.7267002518893,175.23235376685884,55.510016317200346,0.8195488721804511,0.235,2,0.13281966811898932,0.11275970428835139,0.4321146486635602,0.9397090026279933,0.2831518923763863,0.04773418666713441,1.5,1.1870189203275459,1.8844576287171622,7.106908498197423,4.481114649974465,3.4906701294958156,3.11032850216521,2
c223,-29.916976904266864,7.29175188700616,-2.7609575377280766,-0.41740951736712484,-4.257308429848677,-3.0044126545995256,-3.4855960863139543,-2.0172227769006916,-2.0690008387162067,-2.6456573590171644,-0.12057455102937652,-3.000425359408659,-1.051389704165825,14.321918499018388,8.826208900266037,5.886030109562367,3.765650303735784,3.348323203247008,2.8879779054121495,2.417905207735185,2.208419789415711,1.9402703218837598,1.973204242898009,1.7335396635956901,2.0998801525850777,1.277760377316577,0.02010476105631503,0.014795738795376568,0.1755713423593619,1970.550940469373,1532.8603438279135,1908.690176322418,169.0922462175385,35.75853147332313,0.9448621553884712,0.21333333333333335,3,0.17247076456958801,0.09627917545778779,0.3342005379713753,1.0104042957369002,0.3485809915001548,0.05955683544107071,1.6666666666666667,-0.44077321772247985,2.00178251006737,-2.9616017866062365,2.823388420506175,4.48686561619522,1.6019655077285986,3
c224,-20.021180465711144,15.203745629061018,-5.111079251757007,2.4367829247247013,-8.017112729549881,0.030820996950409716,-5.479748086051068,0.02122737998389859,-4.6175654994733195,-0.12220712582177001,-1.920040072012039,-2.0883180879040557,-1.300800726695423,11.724739765290819,5.502009297443931,4.52611789399396,3.1003142902834004,3.011585235416277,2.855034454237556,2.585709911587039,2.1926777746651394,1.9950031395860701,1.893188604683564,1.7463729561781742,1.701735052484275,1.3952191207535183,0.0897977686188803,0.07642742033165652,0.0918296730688497,1167.778373205189,1183.0169816634136,943.6660369437446,225.99992053763268,43.31389149767347,0.9498746867167919,0.13333333333333333,3,0.1946734485443884,0.06322688058236424,0.28349091570171026,0.5809900945848828,0.24435845917477894,0.08203079792366606,3.6666666666666665,-13.293622686060532,4.2822295464841025,7.464337850312643,4.559331576952324,-10.832165390439771,3.576359762279082,3
c225,-3.701910688643905,10.78501792542486,-1.7205846439255934,1.2844696761419265,-5.04754117934221,-0.9529656934137288,-0.773188971523705,-0.7789894507318201,1.6751023325596546,-1.2234186407609338,1.3762767082044054,-1.8740581577060083,-0.34848341583694037,7.2142804740591195,3.6047172439271042,2.5173238692362885,2.117926531149359,2.3060653677260263,1.9868174717875704,1.6014086387176862,1.7973097031339798,1.8197668554336963,1.77732177389914,1.7693900540990601,1.3787610140269637,1.6962481321003138,0.09511914758989505,0.06322603549763686,0.10402235516372796,1492.6895487631966,1548.8238649208856,1197.654282115869,250.52649059219596,44.81503719808385,1.0,0.0,1,0.24214429265799048,0.09622917882328619,0.36932110900567816,0.7734078852138989,0.28740015357117205,0.08169062049875167,3.0,-3.9765415275293674,3.3698208318410208,3.1715165428345893,2.0542007032387195,5.143218337552502,2.9763188722070812,1
c226,-10.796297929631654,11.501719270306307,-0.3809162541449763,-0.013858044908040323,-3.389848383057891,-1.6974863089745615,-0.6970146581481685,0.3418886316435322,-0.0005067001856720753,-0.4447653152952052,-0.6398657918030282,-1.3285993501310887,-0.5810057052423011,8.325568109772956,4.731562544865888,5.035792734189862,3.3488605713013415,3.6977374570011117,2.685811447344027,2.18932364369178,1.5120047234513807,1.4160655546867613,1.450955147575423,1.4279742068129817,1.4073821059272886,1.1454157054358403,0.06679967509436888,0.0460050554585049,0.10030797386649874,1429.9329271475247,1544.023645183017,986.8151763224182,189.78536978987495,28.883999046623536,0.9586466165413534,0.005,2,0.17397547397952393,0.0950908853304544,0.39749740828517915,0.8000301916707342,0.10695125386982687,0.06028157043593426,5.5,-5.6370752869268,7.470045211464599,-0.5329210914891743,3.3972382839550184,2.797875605237012,5.515600183362862,2
c227,-25.25412268183291,12.867127841670115,-3.18988764097832,-0.4972555894376509,-1.8332441130302366,-2.0582254169207617,-1.7763306593849766,-2.033820687536505,-1.737411462836392,-1.2609137835654376,-0.7883883706858207,-0.863610310935561,-0.6459411834475951,6.407044510028992,5.022320975777165,4.580521609985106,3.1485638292297793,2.942081813971727,1.6186885561676467,1.605195220071647,1.1971172461340704,1.4253285880317497,1.0914839937598182,1.312334657657187,1.1034471301353748,1.0748532745135218,0.015369065874219223,0.007934069630418757,0.11214479691435768,1427.7954369209706,1465.1909517784434,1178.2115869017632,203.3259579972444,78.31012925187821,0.7819548872180451,0.01,1,0.22406582151040808,0.1091592504959824,0.48722523872834883,0.9021454883806376,0.2278540121053597,0.09176798912881252,4.0,5.009896614868399,2.162201829888724,-5.174185102701113,2.895070187437635,-0.5348383231601356,4.924896932232933,1
c228,-25.460645918038672,5.151443167094248,-0.7906419095384865,1.7384198834047677,-2.2193130153294165,-0.7505942552108611,-1.9629679856761637,-0.5383148733780088,-0.5638719610972232,0.1602708806199165,-1.3419087546717434,-1.083061447542873,-1.371241825978061,8.413771554139759,7.301619127600426,5.014223159427846,2.305059419816447,2.7129765113662,2.5901961788816816,2.1284923670701463,1.641702533594787,1.324961830068001,1.3822872600451404,1.2469073439965703,1.204868571540015,1.2756659977992664,0.013430887991771598,0.011575661053670456,0.23168883816120905,2330.6586309596714,1698.9271029028437,2621.1035894206548,116.74712048964534,29.04095138639972,0.7293233082706767,0.27749999999999997,2,0.19062230707604302,0.08651163132212114,0.3401178181278466,0.6544372840198881,0.33216943980501146,0.05882249312367002,2.0,-21.72457288188243,2.710885426503989,2.115610463721101,1.8344096556494145,-2.8452085486983387,1.1708835732738165,2
c229,-24.652557427834317,13.724421162278503,0.9495939395143681,1.046358046513246,-0.21912211500749115,-1.323443237357017,0.13120967128789826,-0.48739539347451905,0.5011638007108727,0.7480594249503082,-0.3480097311165883,0.5009155869082303,-1.586893453804091,7.021739841057467,7.246921878136543,4.122303446327023,2.9251768762706356,3.4035469476683717,2.3332511309625206,2.0029527192001,1.6871505280176795,1.2734060128004094,1.2206793727401886,1.3939119915338847,1.0103548248495209,1.2826424467275495,0.020510137208405544,0.013016589117510535,0.11644462374055416,1466.6826328785119,1505.3591199938087,1398.3784634760705,106.66424721996715,88.16413631835373,0.8345864661654135,0.105,1,0.22134637916231958,0.06293066610827391,0.2975980588050663,0.4864085438891656,0.22560750791981982,0.09651109680357041,5.0,14.179023005903614,0.9793898383185385,4.270229027252631,0.9519508054881394,2.2867601613782154,0.4431890384988776,1
c230,-21.102943377068943,14.440057241449413,1.360633623350524,1.771759054174968,1.3768387734633944,1.551091790374048,1.0235528770204334,0.8565495178812711,0.20473667309333768,0.6484543715653527,0.08244860472181449,0.6875195283324058,-0.3176836010810298,11.689117320351004,7.961038867434454,4.025112271946477,2.8206581422266432,2.048576821497108,2.42742424190891,2.0478909276448065,1.589946650896634,1.883758932636833,1.5902576833150153,1.4769760396583733,1.3126355847930111,1.5688133033364609,0.04033077496298361,0.02167304339125911,0.06398575251889169,1122.2515978381484,1351.2154047500615,743.2304785894206,223.57681231972583,147.7600691928657,0.8721804511278195,0.06,1,0.23819073196312907,0.07988094719404522,0.2907261670808021,0.6661275613576435,0.3007257708974344,0.05512474574126418,2.0,3.205321063029938,1.471510866436369,-1.5771734691060835,0.7417117723171858,-0.7338759139101156,1.1478485981517177,1
c231,-17.880336084495436,15.21558238969837,2.754735169484055,0.674595144752716,-0.9679106742824447,0.8861947142196489,0.23384338689184203,1.2138994511294183,0.19683772539528918,0.1787745820749565,-0.23292313440677112,-1.287841908622371,-0.3091628993347958,10.291019260844411,6.495221309718665,4.856834639848864,3.631360313409909,3.6301918033655896,2.8370454236326794,2.1524101484128826,1.6768719135643668,1.5466786189697674,1.5682064567075762,1.4902779458552549,1.5064668013917895,1.2083311007882578,0.06035093703414489,0.031605380131262004,0.05928250944584383,1050.2903702132603,1361.1295431380017,563.9168765743073,168.27813523833882,96.59308894101902,0.9849624060150376,0.025,1,0.1936989274332971,0.07973579000990909,0.3498759133069318,0.7582954037626526,0.2659131373332317,0.0857073486040769,6.0,20.07425909786823,2.2539983648576367,-3.1445803173384452,1.610899544989922,4.089620241287555,4.034211470404831,1
c232,-28.254436113938254,4.296828247148968,-3.113295585608982,0.4420612271334159,-5.416025298245917,-2.239641155671489,-2.4022233526803753,-1.127006393887119,-2.1634205712270833,-2.3364236071973328,-0.8170326320972615,-2.807083479844247,-1.069919234090355,9.695117199588424,5.339603336363495,5.511789663841853,3.7336837920100048,4.03964149394307,2.7911972790872466,2.6040056234585323,1.790446012913214,2.019334427335821,1.7319235788058247,1.6799764904554444,1.670632038530087,1.4007611426453126,0.01650375868686963,0.01103015971628919,0.16453807199832074,2062.0896416977794,1700.0325650096286,1951.7212426532326,263.8781074751427,41.38244581152022,0.9147869674185464,0.27499999999999997,3,0.3021826934905187,0.14728706226235075,0.6083602601344577,1.123865935972973,0.17938622437364585,0.05484132075175877,5.333333333333333,0.38680218684172485,2.7640172677402486,-4.63617996230631,3.5759474014997217,2.1162223141426693,3.1401276344240103,3
c233,-6.663113684290895,15.171243655947498,3.5025587713088666,-1.2230899037556537,-0.6729035487196552,-0.8229751344069225,-2.0012758429672948,0.02714191195452613,0.051869444791382245,-0.7476150932916973,-0.26652539839927436,-0.6409261670755589,-1.5758778970706733,7.41878482357696,5.896333917047804,3.0890015032185887,2.684105784919987,2.4115783323627134,2.473012182607308,1.897900584599683,1.455473704544718,1.3278786005744811,1.509391632611566,1.1132203307071025,1.14397404986874,1.078654015120101,0.10843157777047101,0.07411363268770003,0.08334481265743073,1181.277697759099,1436.7419559950902,912.3373215785055,110.6977100957617,8.802438761712201,0.9949874686716792,0.0,3,0.17768980626187716,0.09160268084038888,0.3660712948329461,0.7717852735119995,0.24675364294557345,0.08705998947168432,3.3333333333333335,-22.98444311042013,3.8365469127072482,4.691374058126099,2.591255378136824,-5.549644471630984,5.200172213763955,3
c234,-11.8285730749194,17.21456111108305,3.784371536644325,-0.7567124510757132,0.41991538169921977,0.5814782459807278,-1.1769698001663864,-0.4766196086854954,0.699548856051801,0.7127842515228422,-0.6939803875378395,0.4241173837007664,-2.1170854357022346,8.385814374410087,6.5123724306287425,5.313736485479865,3.6856841501121154,2.6083887933016543,1.7337643789566868,1.9963687321329755,1.6623040260292405,1.7812027154038985,1.414530082834217,1.3097846507133195,1.2394821638014941,1.680091358934937,0.09271089918770896,0.050441591158831456,0.061446405852417306,1054.0673967421603,1327.1230678925294,618.7977099236641,166.66068124019557,112.19943415544603,0.9772727272727273,0.0,1,0.25424715955006993,0.07841526362480457,0.3308286091430503,0.7890206986840905,0.3872166206196901,0.012777650939975667,0.0,-25.588372366300618,1.97898889946653,2.124024539785735,1.6041697439492253,-5.839821664893247,1.7487539070805147,1
c235,-15.918782575900911,13.291026844444259,-3.8985081520468894,1.5694375282977842,-4.8575649347756,-1.140187581469332,-2.864974209929082,-0.7382677709824772,-0.5711184181181485,-0.9890593046054166,-0.4455450435384862,-1.555522362532996,-0.5722248305010917,10.153064915069022,5.188418097000288,6.288409823498537,3.4623279103533386,3.377959844513211,1.975398841824778,2.053569998105026,1.744459215410395,1.476650977234224,1.5297717034243612,1.3966699638131763,1.4757671256443499,1.1134965642648162,0.053103586105295954,0.040334861749107234,0.09268242285894207,1373.0269209715334,1340.6026215166346,1107.0528967254409,204.63121794395224,39.11716370741701,0.9548872180451128,0.02,1,0.19064309469904273,0.1203047624341744,0.49291019372429135,1.1757179260272859,0.3091869384919157,0.07070587089298791,5.0,15.492371837236725,6.416506354508743,-8.659623570403927,3.7813281394164435,0.76689786382056,3.0196092229074294,1
c236,-20.362852188590363,14.525907461775674,2.8356442792025986,-2.7964790081845794,-1.4962699370050596,-1.784626609589681,-3.2547845198167247,-1.5200947046199587,-1.5588531762054822,-1.2268655938947384,-1.276161753596575,-0.7158460732419633,-1.9055027595920453,8.195860543914362,6.128966244497425,3.153389876475884,2.8130873260817904,2.416414525653198,2.333620840100677,2.230798505900915,1.502403825430885,1.4556879128879303,1.7223940820236892,1.2230747162464446,1.1346091763511086,1.2803369093031296,0.05054172498802162,0.039146377467612285,0.09070469930730479,1208.3922057341188,1425.9352467531203,950.7241813602016,129.9172824165375,36.27116943738873,0.8571428571428571,0.075,1,0.11829865231671327,0.08540899186503291,0.3379402616641629,0.7807690256437941,0.2023276452451568,0.06998051059257963,5.0,-15.03369089065547,5.1643274874994285,-8.777207111013475,10.464507037670494,-1.359493453168978,4.099293545368051,1
c237,-22.12599315149286,11.92255075542413,1.649264913312939,-0.126508180466133,-0.2043851148890676,-2.790469673665622,-3.3904026968389767,-1.9853661135250267,-1.4545309129124189,-1.6354436641646644,-2.0445711304225482,-1.0287171189063846,-0.8595140172969026,11.434956412505038,6.494848953498116,3.358332182641558,2.254712161785372,1.5841567653483466,2.1710867223552213,1.941383455788202,1.5003507585141016,1.7084239172068458,1.4195005664716867,1.2980498893872443,1.0101456060145055,1.1038449129880539,0.04402494361859326,0.0385879018046213,0.10469143576826197,1388.3589328198632,1573.3842345196736,988.1926952141058,88.29509231076584,14.23591986552846,0.8195488721804511,0.27,1,0.12558679307321502,0.0638278476478078,0.26170034990343094,0.6319956348977962,0.2929764651525884,0.054693853658293407,2.0,20.926321180919444,2.2191469660536085,13.30715710895642,1.3299025639401936,22.4079397318714,1.103985467116318,1
c238,-33.60011534393484,6.875285206249144,-2.3018122592610837,2.075477900458237,-3.311920256060966,-1.0419013441067588,-1.2588235621188786,-0.11495341046519678,-0.425009317716582,0.259309586761317,0.15673071668322947,-0.09291928603889428,0.9134737736540816,6.814983427013551,3.597174916307761,4.009383603268422,3.030045956652386,2.7563575815851005,2.050112960037076,1.8439196163640061,1.5389540632119174,1.356807595465539,1.3358910633219194,1.4161518986657733,1.1755565940758075,1.176661120838789,0.0070427478346485935,0.0059997917544208496,0.16405020072418136,1952.5411800304455,1710.7901817899472,1898.8507556675063,239.14177903903072,55.64834220639722,0.6578947368421053,0.55,2,0.1708730040815934,0.08963044429617537,0.4069034695664293,0.5916465431933638,0.28004433830920916,0.08369347864516863,2.0,7.303121368394423,3.5696595337128034,-2.609776856457983,3.4246130599119198,-0.8912311185784108,2.731299690886349,2
c239,-36.64958850589763,13.177984879765468,1.6899230035717339,0.1884623762430029,-2.3378013961114537,-2.3035415908261294,-1.2755074674493592,-0.12385942688444214,-1.420983355852901,-0.810779925716746,-0.6407516385088351,-2.1806239992037915,-0.5826760191163611,12.48015655534979,5.2535084205348195,4.3776614857007665,3.3566763868115745,3.858048633089678,3.2867635595996103,2.170314383512354,2.2320980344236987,2.0844366660014844,1.408497259801414,1.4027068775402132,1.8410007751882917,1.2385032700817002,0.019342450697485327,0.018412752964561147,0.07646705761964735,1213.4760903113802,1446.2544310731391,798.0950881612091,188.67346505924422,39.92078063451782,0.8045112781954887,0.365,1,0.1322801021801582,0.07151557573014124,0.28896798907397964,0.4945968325169886,0.20370312635796115,0.05670860260150822,6.0,18.463675798077773,2.8277010239850404,10.751635361172571,3.4890686663770225,4.413909595372152,3.1298985573588833,1
c240,-23.93434268323549,16.95738160452334,-10.999691248936177,9.432565339072209,-9.278011395897124,3.7535395247233567,-2.188340383065133,2.7828735370499667,0.21123454437965522,-0.7522334575338565,1.7823537278586468,-2.4824923926216034,2.222117393522369,7.906211302324079,5.017100863745968,5.086429041335085,3.9124374612802493,3.2389321530012714,2.9648866075189324,2.0256302559758974,1.9070362904816744,1.6381931974756614,1.6377205366251757,1.6222948184184665,1.7699945491322404,1.334295994648838,0.03905420307117423,0.024897930114813012,0.1284388775188917,1499.556376666319,1226.7788375392447,1418.8838161209069,266.081164096674,52.9789930762323,0.9436090225563909,0.05,2,0.17992967698806042,0.07565335035577644,0.3933261445427487,0.6240216741050388,0.3144570296587358,0.048972854069103317,2.0,5.827410312688796,3.740353781015984,1.4931126747012367,3.254805269675407,3.074608365406003,6.884804983132989,2
c241,-26.545141311957245,3.9797455388065175,-4.22749138302337,0.2546142644947542,-6.004323585797662,-2.0075189431688747,-3.6865750794857384,-0.5164687559758926,-1.3839855309490858,-0.6807841155162775,-0.9423055971839415,-2.35568502384856,-0.9973528147198528,6.537468459558282,2.9385708483794826,3.8494711293472736,2.802879438376257,2.340581920350225,2.068312911270694,1.7195201256100285,1.817276907514287,1.6950055752928568,1.373700170353134,1.5551027971011444,1.5750845308373094,1.3838125675241464,0.013050218943462416,0.008179078734381775,0.14849653652392947,2033.9792785419695,1736.922074817091,1739.7670025188918,281.8102528782758,50.78617434984935,0.7894736842105263,0.26,1,0.24498249762331453,0.06905748146176399,0.31748496938704257,0.5641273020390802,0.32524103831091694,0.07001058615712696,2.0,-11.977857551341172,4.266902704971814,6.7607412211564535,3.8116196581956383,7.416289859671183,1.5738445986123137,1
c242,-10.166247931259127,10.515564218615602,-1.2330347688327805,1.1997273896126883,-1.0549876410308194,-3.8888803526545037,-0.41863489830292316,-0.1761578800924044,-0.13607673869081297,-0.9920866476966709,-1.1588408303963056,-1.5495124844658144,-0.48153998943298,5.810855985907455,4.2996665555181055,4.768579603542388,2.3877054361875603,2.1422599125508377,2.0764926549889697,1.8885006001593112,1.7320056867101914,1.6175438183891435,1.3127904867856552,1.3903956295269106,1.465112977947654,1.1928291319321043,0.05737494983285574,0.025196261115443052,0.10980793450881612,1548.3416891186073,1596.2570884411834,1335.9571788413098,253.1745257003185,36.09038843304914,0.9849624060150376,0.0,1,0.1992350266367387,0.060470015539639085,0.23351858462486935,0.5744986472070565,0.2255162484070369,0.10268253336609177,5.0,-1.4622716890335803,1.7529488940838822,3.833002138679865,3.3021531273043356,-0.1771205711998064,0.44876746739766155,1
c243,-15.9752433739885,16.29839385872717,-0.45373986907252606,-0.9483468894747594,-4.404491385794572,-0.10949471073872903,-2.1342784220975917,0.1116652797528884,0.2967644445759547,-0.2980333626005325,-1.1429746726081231,-1.5403282927535644,-0.7964686894102171,6.135210085865094,3.2689068696859542,3.353534743227281,2.9947560355916427,2.453001425748316,2.390098263953691,1.958781179851321,1.571059084929755,1.3675007622914652,1.6237742191874018,1.2536366115952242,1.4727339782878777,1.1777502411301368,0.0544537999990581,0.031746192223985094,0.06741479061712846,994.0782255224269,1190.7971589525466,687.1851385390428,186.33750849103436,29.251410830952278,0.9924812030075187,0.0,1,0.1772655140237376,0.08685793188714637,0.36098282608470067,0.791499729870254,0.27959113902116417,0.044093307027000886,2.0,-5.720497691980864,6.585831374542284,-7.017355361288366,5.623631072215632,2.4641281960925125,5.263872549835408,1
c244,-15.832979080018982,7.631851840071917,4.640025991029118,1.2469425250446717,-1.0624650794415305,-1.6367939291408193,-1.281939976849654,-1.206525946461019,-2.090327505904454,-0.510174877888664,-0.97916967675063,-0.26907150243271233,-1.426400767483205,11.865914753433911,8.012417807155618,6.134886220502052,4.178778581568165,3.518743431173282,2.457639097196959,1.9679470147917508,2.4318833845524086,1.732821073080321,1.6413511609170397,1.2408620373896424,1.6641036097757829,1.3938670267664992,0.06455714818993233,0.0495657145973817,0.16519403337531485,1949.6679742604908,1701.3404917814455,1772.433879093199,199.7371626309141,46.832877602624855,0.9924812030075187,0.005,1,0.21495331411268787,0.11084129241096362,0.3928138790621034,0.9313095124652154,0.3465595488540011,0.01663647898757348,0.0,-10.679602385067433,1.4405966917005524,4.059551877720274,1.6325586774906937,-1.3374859673818522,1.2927423195415488,1
c245,-17.29550350590949,9.8281588695991,-0.2807372774171918,-0.021514831916314286,-2.633349769985128,-2.996750938317497,-4.331283015789302,-1.6947676489545094,-1.1264262822045397,-1.6338332716896593,-1.6068405353966106,-1.5492195244333309,-0.7916911422732789,5.632256288183807,4.578017148266483,3.440457038951476,2.8552753110095406,2.179458737523005,1.7519614225287943,1.561304221951981,1.3760918788905063,1.4922391108537088,1.2332213525690907,1.1979585089834286,1.0437413356265979,1.1672873651729543,0.03594206429666397,0.01934984390490933,0.10988910972921914,1519.277613451845,1588.3462270310968,1145.1511335012594,197.00598886103555,22.069759266871586,0.8571428571428572,0.0,2,0.18466931532281078,0.08286233291557142,0.31659891711595967,0.6754921545325563,0.3135004136771743,0.033448118162934186,1.5,3.018723497574644,3.9904378987114506,3.4992349977870445,3.5254545242057542,2.9186917045618883,1.2851620643264567,2
c246,-33.395039116837054,7.177817618043364,1.8895045654197953,1.4004555639349696,-2.9952512600992747,-2.346804181315734,-2.4980941696570067,-0.7053583687256012,-0.8145405997452502,-0.5204950126218058,-1.5827084064488195,-0.5355346608721702,-0.7191299591961793,9.14132026405567,6.992460307263031,4.529571941552184,2.2067547444842885,2.1662382512324125,1.666900675352199,2.030036614592094,1.6000048808341774,1.6624078086217375,1.3148556983057729,1.6986276064881758,1.2817865448250823,1.1217696359898026,0.008963674107465996,0.006640384537960406,0.1810355006297229,2031.4701149691837,1756.9683216164067,1933.2887279596978,111.07697322072875,31.41068146045704,0.7556390977443609,0.3875,2,0.20650732366987037,0.08758683146550454,0.36606023021497763,0.7685730632464848,0.3301716776899876,0.0556627053426176,1.0,5.37707024360947,5.05552321485146,8.300160621884121,4.354568966544829,4.70355686347752,1.1643553544915035,2
c247,-10.729163897427851,11.36101966698733,-0.11067495122539439,-0.6818926928037227,-2.119360719661417,-5.057422471059705,-2.6311306570343453,-0.9967147129571889,-0.8091869098849647,-1.2189470847405468,-1.1311691899497411,-0.7679283024271996,-1.5448530762362844,12.222497041499151,6.391512619857514,5.5418340928414125,2.861070877932818,2.3324806397831117,3.076159584153389,1.969739349894018,1.5890224043032235,1.5539848365771376,1.7736807950509093,1.8494018957617664,1.4672330486227285,1.9449886314614357,0.14301569219458327,0.1193143506979491,0.11160854848866499,1445.2586621321068,1500.3382714051227,1118.2304785894207,231.93923764354136,52.46530589164554,0.9699248120300752,0.065,1,0.05245112011739976,0.040241875793194534,0.14567084379167802,0.3032905687189188,0.2870802850240558,0.013666743315830013,0.0,-9.231116537474055,4.183650042978061,-11.00768994187932,3.1583363512129856,8.83746856219038,2.2921247351236587,1
c248,-19.99703306348432,7.959411328866772,-1.0692764613322323,1.2241592360844773,-3.4674449755183794,-2.050286929286189,-2.103677311028546,-0.8610334177075495,-0.9606378351222579,-1.7143219645405123,-1.23030356339592,-1.7507041696383439,0.18264569323446736,8.981916164506508,7.164614440738188,5.982065053485844,2.58422660202558,2.7235625316831027,2.1986349750975887,1.9288115438639857,2.0063221733072645,1.501436185489015,1.5424087210533834,1.2760647545661516,1.452526102509214,1.1229550213863058,0.028455305034222545,0.019160387501797983,0.17243092726700252,1962.6948787990955,1608.7923949292706,2097.213476070529,195.83500965689817,25.37721074608451,0.8421052631578947,0.155,1,0.1980967115149615,0.07293772753790023,0.3212119147425803,0.7139359081273521,0.27218995756014935,0.10569442358737238,4.0,0.4905509584294397,5.132891750296147,-6.0746307526076375,9.605029761276418,5.127011059779673,6.483306901040988,1
c249,-22.45815801716178,14.35827516945508,-1.37020746318153,2.3909179570258474,-2.5020545668606693,-1.1853826947616883,-0.6404654227339232,-0.7110290791403222,0.09047718843178813,1.105395075306151,-0.30773353138711124,-0.552864055427988,-1.3825251733058534,9.141651572886248,7.755430749171695,4.571048826828967,3.1619688772900068,2.5605363778594668,2.555478491505605,2.305644879860013,1.9622943307488163,1.6735825765463508,1.5355461975025824,1.47179912552891,1.543524339372611,1.538544578124271,0.02843782936529447,0.02089021189199543,0.10291428117048346,1273.3637189109459,1256.9154421270218,1116.6507633587787,112.10638620757642,32.65771654151096,0.9545454545454546,0.08585858585858586,1,0.1511817333460762,0.08986863924525448,0.3466622450185622,0.7140726246762423,0.31339721684510946,0.10115713049782792,3.0,-11.39158547127397,2.102283292553331,6.194261266604726,1.4939208414909133,-3.3938992396522973,0.7149668371164581,1
c250,-23.97893011855201,13.237953657012891,3.130804114759937,0.1569783239068814,-1.6622787521481226,-2.305655879994231,-2.0334205416374256,-0.7717858239682914,-0.7826804160330377,-1.056882347819183,-1.686901325892385,-0.08743138411316224,-2.7538210109453383,10.80018874914679,6.459760745394489,4.248415572218426,3.34936879481243,2.5173067219914915,2.6029766442493125,2.057124736957597,2.007621844909299,1.4650410438865167,1.5905564271403922,1.5677799821616394,1.63093247594393,1.5782417918192597,0.02813433667203705,0.018569657517226532,0.10068679156171284,1298.9681153209067,1484.5721206405383,946.0012594458439,108.43902980002822,26.819787347718574,0.9849624060150376,0.105,1,0.11445081601407221,0.08613190923898802,0.3273908448991673,0.8676156242589783,0.1304361946426353,0.04319936723833015,4.0,-5.9966584656785855,2.8312623373435923,21.781524163419817,2.039009916966564,9.626960145221576,1.8150989026768607,1
c251,-22.630818479294298,13.769705021428662,3.237339018471773,3.3038657157561775,-0.34466786229942054,-1.1716187395540179,-0.5446293293804715,-0.6072250859910445,-0.9414422280297333,-0.31113067120413457,-1.1495488340449591,0.1015128300702998,-1.160106989493515,12.072098322763308,6.97494903684245,3.6309550908341426,3.446366545189739,3.035518352117778,3.198017813137451,2.4400843884104924,1.7952763115926402,1.6789026527467452,1.5305829682568781,1.4845486008072235,1.1807738675847002,1.3407232872946462,0.04951705041296436,0.04610755076983986,0.08042742443324936,1147.4704784700816,1381.1485116767574,856.4231738035264,140.95157839385848,66.87633414347589,0.8872180451127819,0.075,1,0.11287132936400106,0.07154115680140283,0.24655970958084453,0.49721086790714425,0.240013589578758,0.06616719017598859,3.0,0.9214466952064306,1.1413745981900414,-0.5263005031436564,1.519564220472837,-16.040232669614383,1.6437182988927088,1
c252,-31.080141999774046,11.04758851154427,-0.7766024393211163,-0.39864244446486824,-0.6516320025960793,-2.708473886587505,-1.964880493565524,-0.6203070315677726,-1.2634402551069428,-1.0240081526727458,-1.364750670102502,-1.8855916374905377,-0.9492054708467481,12.904018395495733,6.179271744937521,4.030606710461537,3.8177835534289644,2.70287517066365,2.9131884743565766,2.6485891783057935,1.9764637990974947,2.0332089792007144,1.5296352463066905,1.6261852712456217,1.7521607034869917,1.4093041209775032,0.018961836465720402,0.016508142608305597,0.10851897040302266,1471.078611594774,1548.677728459059,1148.0636020151132,154.68180165823412,45.617952149738024,0.8195488721804511,0.32,1,0.09472725209803977,0.10877417275539353,0.394753503810337,0.8492719920471594,0.14648243055846913,0.06852737771673251,3.0,14.014963421058935,2.082956554959136,-5.550118768488562,10.985083637641523,-0.7680097280763633,2.564877796150321,1
c253,-17.516212720809857,6.193269813969371,0.4159220920507365,0.10878698058201218,-2.273330554514344,-2.7224852962511727,-3.672706004869131,-2.068245140160113,-0.6839928070254897,-0.3204703412489611,-1.3625778958683166,-0.7303715767941011,-1.6587466803721849,9.25253952633261,10.401360399989589,4.228470524010775,3.077491740188598,2.3353612420248577,2.2115520248440346,2.3887968367363124,2.5655094176436446,1.769143979070367,1.3832084314644133,1.5282923476727859,1.3185908373527757,1.5545333123421465,0.040659584790456,0.03183557456257607,0.2057127676322418,2179.0327090073433,1598.1730274063445,2300.6926952141057,140.14519272714173,50.30578737900539,0.8270676691729323,0.12,1,0.23125880160917653,0.06433500301882672,0.2846247827404032,0.4375985260984284,0.2559277694253821,0.06411754446985067,3.0,-28.575169215557626,2.583244178166517,8.591168348394566,3.4467943110509944,-6.897641139760724,3.252370278134578,1
c254,-20.12829749354522,11.41087736151486,-1.05732057265654,0.377396816208467,-3.186222479309025,-3.7838185124685824,-3.754436197422166,-1.6036500615089175,-2.619410377964591,-0.9952157132225984,-2.0884835625955116,-2.490820245362466,-2.257607158805827,8.490679913134112,5.298167483655894,3.0827276794909597,2.405431810070237,2.0781098427003006,2.887654754913754,1.7147356491948762,1.733777513435343,1.6454178475563968,1.7896919854109818,1.2256673257451838,1.63830157934997,1.2573600629489299,0.04182784990707521,0.03195272513909064,0.08984871978371502,1308.6728772765152,1434.255509337936,944.6564885496183,151.00875951787447,24.695668013010955,0.8333333333333334,0.1414141414141414,1,0.10860324923876007,0.07514730249718672,0.2637443260228425,0.5299193131759514,0.17190381000224636,0.07398666892110106,7.0,-17.82567185598419,2.929360120876042,12.565200510111099,1.92850724948647,8.570484559575203,0.6900589803126452,1
c255,-19.865213236404355,10.654744596867157,-0.9288897048749241,-1.139989601842075,-4.7546056502784415,-2.7137991145095586,-0.16945009264217784,-2.951569325494903,-0.9641901132002788,-0.010766847777291711,-0.13322061587788195,-0.19323292748027743,-1.7387608006176358,11.756835695979808,9.95633488645781,4.594786920923336,2.687773155268415,3.902671348120933,2.9849807987689294,3.214304663031974,1.9579842604268305,2.2811628101152794,1.3645152505447407,1.332919338376702,1.259806832196418,2.0384158469144613,0.07137924077078425,0.07296756532401406,0.13896705761964737,1528.3679291686196,1341.6976125736287,1553.7625944584383,144.2073755373078,57.51457964356472,0.8120300751879699,0.185,1,0.19174661136247897,0.09372092744385195,0.3589697976904198,0.5752565974254811,0.23390200879164472,0.1465760575040292,3.0,-18.772810580422746,5.620547878550752,1.153255583053403,4.442979393203571,-4.080482611769045,3.8184029302560205,1
c256,-23.10225401506409,6.622034727453777,0.12122449733400542,-0.1962916717513779,-5.739964988741748,-4.4477952178839075,-3.602017321281517,-4.384525517000149,-0.795438720734824,-3.0845245215299766,-0.8447830488579591,-2.5276077761986864,-2.7794702369285025,9.964471166705106,5.777694727762208,4.447091873837182,3.9495402496762297,2.868901986923231,2.8731686105055436,2.6544559972750044,1.9414374363573808,2.0188186627086497,1.7279541751817251,1.5492159783311188,1.5844266728296217,1.8862497106770166,0.030316285383793756,0.024590573913151018,0.13816022512594459,1797.5203760140764,1725.0336904018704,1404.0853274559195,121.85608436397774,35.115329518756965,0.8947368421052632,0.1225,2,0.184432592152663,0.09605017863781268,0.3308040415290564,1.0215608730011692,0.2969074463294872,0.06566864163686276,3.0,-7.376536042652024,1.883083505254961,3.7624878599026435,1.1384702879541888,-11.125439301450351,2.3600358370428838,2
c257,-37.5566688530393,10.903527782103534,-0.6601033408074872,1.1178928996181268,-0.4586890463187365,-1.8724092858443906,-0.15607196787799077,-1.7685729633927525,-0.21053417235623834,-1.1902899106491058,-1.2197337468295069,-1.9360249577463322,-2.2360698826194163,17.127062651995427,8.254969653185949,4.976764759512166,3.292842593422304,3.2818383860512723,2.6605174472448034,1.8512370207395739,1.7931997452900226,1.6118621420013106,1.7161881880500123,1.2959571759482706,1.3101951633582276,1.1461398527504043,0.015958097885625466,0.01994920768759023,0.1353707493702771,1612.571270773364,1543.583074668935,1476.227959697733,120.99347981646201,57.05714995946876,0.7669172932330828,0.395,2,0.024216686929139628,0.025492392691456103,0.11556065461092932,0.2456891225119196,0.19604654925729142,0.10624056129822088,1.5,-4.245811528608959,10.247796804207596,14.850611268444087,2.582370428443408,-7.806360294163723,1.367307303848529,2
c258,-26.06513861405387,7.473111141088139,-1.3481038475232152,0.7706360326034023,-0.8049393488056281,-0.12975818596516395,-1.243743223598048,-0.35057264779093594,0.4251317283456333,0.7183568215809659,-0.5444472309842171,-0.8104834566859059,-0.19154274579634922,8.077524640397558,5.7478934942908895,4.897150689732482,3.3795080585938195,2.3255485941282688,2.257453441983684,2.081169534230543,1.7807736993393941,1.7183874707944156,1.495590698747934,1.5473032461408545,1.5783192934212256,1.2930519585500575,0.01676734121133155,0.011808210387857685,0.13234184771200672,1774.9084041920075,1695.6877391656046,1488.1926952141057,221.62412532429207,45.80525022869845,0.8847117794486214,0.14916666666666667,6,0.23978931698545045,0.12078709617054713,0.4054977792434818,1.0578323848683435,0.2878196399514403,0.10475075411866012,3.5,-27.369495784661186,2.967905293088441,6.942824893551318,2.5917290287909336,8.098012335632001,3.2223967439787415,6
c259,-13.641564431034796,9.991976169296644,-2.154782902142316,2.080462595543892,-3.02535202374996,-3.062602125075847,-0.5824541415550049,-0.2420896038481581,-0.6314111579309111,-0.8634122597661875,-0.9144159467657378,-1.261075081128731,-0.6227099400311692,7.380613850527943,4.168156297624859,4.436276610336947,2.534839672458556,2.6272222134942056,2.242890881520775,1.648065836878265,1.4055433762046532,1.345630485415661,1.1998660164023216,1.2696337447944879,1.0321917493473884,1.0266037794791003,0.04259930948639154,0.03224457514868501,0.12626436555415618,1654.4653131376444,1591.6205557585065,1461.0096557514696,182.8006345338346,37.561073470525734,0.8170426065162908,0.0033333333333333335,3,0.20884143703570976,0.06776221327348357,0.31021079513322397,0.5411252703201849,0.29947242001192265,0.05846928603319648,0.6666666666666666,10.703396298022623,5.131249136950513,-0.8918167891654232,5.63187288829672,1.862833064226309,4.755792690301331,3
c260,-21.435725700732718,13.962962428590204,-0.4501462188719981,0.9666794808358905,-1.405931948236209,-1.7706020076326552,0.2947652437183065,-1.6008229099332105,-0.12021953091005227,-0.4454421805383527,-0.8182342567129421,-0.5293606461333691,-2.1700912976124624,12.77220213348182,4.883822273927986,4.521235947009943,2.8578608385549717,2.6848304119133104,2.3288103475627975,1.999974237072755,1.8095182774541896,1.5994765295621627,1.3931561707321087,1.260644172079127,1.6842475312683622,1.8182427511413881,0.03818334850449833,0.03278327781486815,0.0889729612720403,1256.3668934278335,1416.3530308378834,931.4389168765742,113.54567065001774,47.05752800424415,0.7894736842105263,0.1925,2,0.19485457221764252,0.09668529485886679,0.35639267633004146,0.6623123935483918,0.19307324380746305,0.03257224710368193,2.0,0.18326679701711102,3.421589782527895,-5.178433944258305,1.9392723362780115,1.1774260444568565,2.174394275518863,2
c261,-41.50982858261392,11.472022706023626,4.900189197859094,4.1940417507748435,1.5720133700388677,0.32453720957751475,-0.622931072482157,-1.0774849429951496,0.4513186316378944,1.2079361042503236,0.5592920924239675,-0.43922546577388355,-0.5228371261763931,17.959095561403302,9.927236497900711,4.908031819316308,2.961731858464703,2.2825535328094873,2.2237220073332855,2.0593215746379716,2.113259522560355,1.6605949097406145,1.550864607486063,1.2941315051678566,1.121679838226249,1.253761189818439,0.014573799411908185,0.0155563334595847,0.1019486972607053,1296.553877199438,1370.710235108002,1060.9256926952141,108.65775660281551,83.72473597155171,0.7556390977443609,0.38,2,0.16799177973953988,0.08530945940485997,0.2963638336636277,0.4368177259089171,0.24469875005990638,0.06124353333084774,3.0,-11.233135274480624,3.717738195524243,2.2551971955050254,3.2030949255377816,6.05679703068108,1.586442310679446,2
c262,-22.814156243226886,11.43061361369059,2.0784810941766767,1.2244697169596455,-0.5757998871634525,-0.598085115285257,-1.0874227346603411,-0.5641403041414016,-0.9510910879275666,-0.7223162772825714,-1.3807729785316751,-0.7455956150757411,-2.2820548009411405,10.099161535276869,7.350586837141831,3.697055012861323,3.436276667250795,2.5615363040795684,2.346451236232085,1.9708984281095727,1.9752165188195623,2.0565556380456482,1.64005755654503,1.3003359547341662,1.261135823773954,1.8565396719805147,0.03175071431751696,0.023977999040863684,0.12347488979848867,1440.3479444633974,1502.889259002306,1247.0875314861462,119.26822272699248,42.858643476061054,0.924812030075188,0.13,1,0.24940259444331056,0.08711563403564725,0.42117280088103354,0.5607987427928642,0.22180100518858578,0.09813979653932502,3.0,-14.074524308504568,2.008980362710073,-1.3059929548707425,0.8259802177962038,-7.632705889188395,0.9242172816569766,1
c263,-19.86805400866891,9.143632640996554,-3.909556676231673,2.043420730239862,-3.386446997450472,-1.635359449334353,-0.6502793562202553,-1.5677182767619167,-1.2202674497061539,-1.6099800597387566,-1.2497353992020788,-0.818268810862842,-1.9519464773715147,10.929516744857162,4.185496188429681,4.4944358599685685,3.6678747369317763,3.0706670332675055,2.449680699529078,2.4161187314569563,1.9568038883913028,1.359024036504283,1.4103229876700116,1.2919555400332823,1.491559129702463,1.477007908291343,0.033704028008224224,0.036627580216912384,0.13063552818010077,1699.2648461553908,1541.8783627458379,1509.249055415617,155.11542833089658,34.18755360996052,0.7518796992481203,0.32,2,0.1492685078956566,0.1061565394466763,0.3145533723893862,0.8484772030733982,0.3605500022472111,0.061210506906126436,2.0,-5.876762410930429,12.276112770942706,8.363547930377631,2.042694384524733,-2.8097945104218796,1.7815311861458896,2
c264,-17.216170792428585,17.63831751283434,-2.213334993452341,2.874887308935045,-1.2237831780255068,0.9169109979158727,0.481638910600195,0.05469564992748691,-0.0028504673282247427,-0.7025064524670228,-0.7469594891617987,0.10247884037939968,-0.4430466057037823,7.356166175668204,6.00420328570543,3.7294812835086697,2.657804852707003,2.3202228478180733,2.5483617542205392,1.8642938744293858,1.5306633924339883,1.3975866664982204,1.2895379864379384,1.263302891257436,1.1101736464649727,1.029030915279706,0.049059817732576935,0.031005199777929864,0.07207867600755667,990.1042037731685,1134.908442807953,721.8986146095718,216.03832453729711,49.3673446162214,1.0,0.0,1,0.28750946341168765,0.056246198704316824,0.27927203552045354,0.3575599638201686,0.18320835885937672,0.06382446892048342,7.0,-20.485087276014966,1.8289906904474573,-1.347775097280698,5.955069086381556,-0.3148224220611609,4.730065626260652,1
c265,-28.271791567998296,15.026600896201623,4.001553566721226,3.510213567736729,1.3656682069362225,-0.6088825671554357,-0.6328530696584239,-0.5797731213043249,1.697895632433346,-1.289257763621005,-0.16122963113124078,0.8982637532949257,-0.5053599472077511,8.962953469149602,7.577179015268551,3.2296994294649535,2.5476125322395866,2.41188105959125,2.2942785973113677,2.8263763552707624,1.6919578294204303,2.1338699594769,1.7768184372037228,1.214730085577121,1.1062173608364483,1.2099740567368589,0.025088807208326853,0.014385292071659988,0.06585524244332494,1099.1028581781848,1407.760651742428,749.448992443325,156.01080992969432,137.05849915219156,0.924812030075188,0.045,1,0.1547618879832822,0.07832415578148533,0.4008776953761406,0.6277266589239519,0.2600910654866736,0.06740011819538438,4.0,-14.797786831225748,8.925945766602872,5.525582343593881,1.2703271995628014,2.082670889732386,1.0246437033684372,1
c266,8.154592669785426,6.234525393829675,-2.9142965156901597,-1.7687637031929968,-2.0553442711381846,-2.0708481755668635,-3.079872391074028,-2.5937555111975676,-1.9625062276316971,-2.7909997571490295,-2.121461118787379,-1.2218861950726558,-1.2244578597082418,5.435455953853937,3.349798270830055,3.529785179702762,2.4946330158182195,2.119023041735892,1.8416718475489526,2.0459048945926703,2.2755695121255166,2.177028407368245,1.4040835260108182,1.4585361114135362,1.3857475303683677,1.164740662713336,0.15417426870774242,0.08608476721379531,0.16602054471032746,1969.1573357092068,1831.2725708118903,1942.2229219143576,231.24771899619006,54.14890561376504,1.0,0.0,1,0.23372751210666146,0.1283602744585173,0.4389202862801232,0.945317779639392,0.27378626452020466,0.06581752995089991,5.0,6.2323860082444265,4.915992285260597,-9.952849591950006,7.9920835093017235,-5.0780906027042425,7.8813370911879135,1
c267,-27.54882426715574,5.7748264545777666,-4.2228463867267285,-1.3976870548288207,-5.620170939150649,-4.033501109201387,-4.442014978348965,-1.630541824491842,-2.372180024195859,-3.093904822594798,-2.3829593940027403,-1.1573005731301462,-1.5744111481541938,11.610385681809019,10.646156767729742,7.151943768014954,4.131893217464484,3.6156386869706267,3.084896704004426,2.8797054115917895,2.098108784817635,1.9002925185816353,1.7462238477891503,1.4970247434136288,1.4708593739238198,1.3788493724632127,0.026036638382591005,0.01946778154622795,0.1920618014011335,2061.0603653977973,1439.2173881482802,2135.0952455919396,202.84462837127415,38.90165274266469,0.986842105263158,0.17625000000000002,4,0.24660353179986869,0.10260573893578598,0.44143532091535076,0.8679017254441247,0.3236267804674738,0.058500699526030556,2.25,-8.779381786185464,3.6224238632888444,2.9493954544178966,2.3513140775892807,0.5862611874663416,1.325084897957089,4
c268,-12.669723589512332,6.694990337311043,-0.710177435357312,1.3947983731275944,-4.034054347317562,-1.4010229751903953,-2.9434734523745654,-3.2271071238768227,-1.1348147109278506,-0.7289562543046436,-1.1965961919131218,-0.9921849634276964,-1.699408779119231,7.350370087163467,5.888387363816083,3.5636527170941212,2.0829263841472017,2.792850263946601,2.1359087966086765,1.6213492766133624,2.0764948144664523,1.9407677700863049,1.8868125819011006,1.202911033347346,1.065468579867852,1.0972613079730007,0.04251395825643822,0.03398696704256561,0.1752351621536524,1975.0836152118882,1714.3523750040927,1892.1599496221663,138.4831418600096,78.88955229464432,0.8571428571428571,0.025,1,0.3201368123794696,0.2373468569165756,0.9807559780866986,1.3088677424300803,0.3259543273813604,0.12372231952374722,3.0,27.49685330807607,14.894034413301908,14.999567689128696,2.4289352015984758,-2.8295221055617863,3.204963060038863,1
c269,-4.815920197381716,4.534359747505602,-1.805123131498412,-0.34142375272641834,-4.799014761194353,-0.4544398635548125,-1.7347919302146586,-2.782680484750724,-0.8061865101172433,-2.215260253880821,-1.4644467324149852,-1.663342078107858,-1.1753026494504044,10.620955435742289,7.000402273155608,6.550151485014494,3.6232052856828383,4.055739545924181,3.349714122992406,2.423895983291172,2.5887747436325084,1.4680582779982083,1.933887106442734,1.6509523750043713,1.7518054169107216,1.678446153821668,0.10557571855293517,0.055839696898786664,0.19321424354534006,2209.5648035925606,1671.2957140403373,2191.868702770781,259.0356411471924,43.952821813401926,0.9436090225563909,0.0225,2,0.37656995868722387,0.14676102842564948,0.6774198708281209,1.1170469295394398,0.19027760331282498,0.05647611469890383,3.0,-24.31175890290555,4.707362074020294,4.788996339760668,2.149757812119992,-3.983027319584304,4.173915588443507,2
c270,-3.815886488279953,13.542524060612166,-6.221488763032083,-0.2663592683564887,-3.487477608709781,-2.7587790873772837,-1.184478253698864,-1.0780990779834418,-0.5036458985200304,-0.32396113057201326,-0.8629347362001825,-0.7037535941942654,-1.145723921913765,4.916472175470593,3.4125072199108577,3.850087259641014,3.002424162684036,2.431847982586328,2.3788725757763247,1.9687714800653522,1.473338108819707,1.5806310671788202,1.1640896358919688,1.354899473626659,1.1199099181524579,1.0288988567223498,0.09006578715024677,0.04388583344901828,0.10821886807304787,1343.555910282037,1259.4555861931126,1273.4965365239295,209.9200840877519,27.485973916145184,1.0,0.0,2,0.1524831485778116,0.10473251300155824,0.4235406783266251,1.0825118625830332,0.29557354664668717,0.09943815328714323,5.0,-15.480481370224744,1.7744716736550847,-0.0337195563865641,2.59080432200333,-6.589170861207069,2.1563814954521114,2
c271,-18.179340536833028,8.330757355011775,-2.16413435627282,0.8318365359392077,-1.548172508525106,-3.250886767829099,-1.8743947147393512,-2.0574181399923877,-0.8677348942324966,-1.4529960638035269,-1.150112460031628,-0.8547108200425401,-1.7474418229249948,9.505649120975907,7.03935049091195,5.571088170044134,3.2045284189524375,2.8869557147607257,2.754900108308067,2.140378357102074,1.8513609198152796,1.8212004147636964,1.7075114029360918,1.3530319268588131,1.3313964870413928,1.278639600948299,0.03984463432676592,0.026385033854000522,0.15178782273299748,1832.1865870168824,1593.7282196171545,1748.4256926952141,202.72283855388844,20.607446455651388,0.974937343358396,0.11,3,0.21985836723000896,0.09606567923406922,0.35352371821491735,0.9907519068533244,0.3027484380914527,0.0792972784332144,2.3333333333333335,-23.459342151540962,3.7381827989288183,-3.7839576822488095,4.783952283965486,4.873806872497838,4.382624876559137,3
c272,-9.122131770312745,10.77855558596805,0.7281822726949044,2.337288356324015,-1.8401475127309683,-1.0636171096952818,-1.3764761959433227,-0.12956712374305077,0.30209562052370076,0.08506016002186194,-0.44802798971134505,-0.2879829183629371,-1.2336274294414742,6.807384662895856,5.052651970611039,3.7344679642699248,2.872709638818788,2.5563843265032737,2.6094259378388776,1.74029821983599,1.3808899973954611,1.6129192498428717,1.287330301707559,1.2998549629136087,1.2797641994946103,1.3665350187973158,0.05875824069673674,0.03977081356063775,0.10210120828085642,1498.8293107087188,1601.0521148525822,1051.5979219143576,132.14760488649614,27.16277115531545,0.9962406015037594,0.0,2,0.32296842459706465,0.12362279515771482,0.5880340939518657,1.176083252045653,0.37370588401615656,0.09424062483594474,1.5,-29.952162990940238,6.3412016841200325,2.5192052211553855,3.605109151592054,1.553195881133731,2.468965890693406,2
c273,-18.603169029885162,1.200862668117673,-8.454282536547728,-1.7516212920567018,-4.94182388965962,-2.2849376880831698,-2.3996470423286573,-1.4494168098362008,0.19184737492959084,-1.462770139961722,-0.4908660958450185,-1.3024761401594125,-0.7091229049158441,8.428056693235956,3.6713252843629234,3.91947383494454,2.5904930318005284,2.1603344175865735,1.8532275467727988,1.7264759832616692,1.808258340133756,1.4125323902066482,1.9700393567923817,1.4426834604971648,1.379935432576711,1.320834921409582,0.021962840237411522,0.017052646764694784,0.21224614294710328,2286.411083106135,1657.0790081669431,2632.6353904282114,227.2505827135358,31.484350261320955,0.8270676691729323,0.085,1,0.29523902098905436,0.10753125805466147,0.4460968872812601,1.0478708554209464,0.32994614368141584,0.05879982929336031,1.0,9.8021504429103,7.643276351645311,6.235259212127435,3.0999261480072415,3.1378710779393217,1.2239665249510225,1
c274,-19.932307209015406,8.20672742049183,-0.12235396445719474,-2.9707109639332363,-3.5138287393363106,-4.755180127186857,-2.645555679911617,-3.903206726489783,-1.715892023112845,-3.222378375461943,-3.0370467992780994,-1.7750192232168212,-1.854204118282504,11.801898191987492,7.627866346731452,4.859001654933562,4.569184306989513,2.835093214056029,2.4196910877887152,2.343754401603354,2.038632453195274,1.8936194535915578,1.6099023729894921,1.4473376810225018,1.2866050077481597,1.435074400324389,0.05818414792924218,0.059516463202860234,0.1453036445214106,1748.905903412927,1649.7478081244356,1567.3803526448362,191.82588759807655,51.63790951306504,0.9097744360902256,0.155,1,0.2835581615049736,0.1272123887694041,0.5078262464137482,1.0564862484685693,0.309773587998837,0.06735027381755726,2.0,-2.4162201969977257,0.8893181153857717,6.028373585825445,2.4180066942724547,-10.986682348544345,1.4563011823271264,1
c275,-23.776409166820862,10.053538060270819,4.047915097747056,-0.20718056870566012,-0.8545653917029081,-1.347491241294993,-2.9462981022587273,-1.3689180341417688,-0.5684328156744973,-0.679795530010066,-0.8800959842036715,-0.8256840310573366,-1.2679960620118864,6.285376011254998,6.142036927280444,3.839786601550864,2.7516810059245715,2.1481150188572045,1.8506996990268156,2.0499958782145535,1.7624101402520267,1.5383182009247751,1.3965260039404384,1.400549107452622,1.1594490067261518,1.3320195768954912,0.021961690144373353,0.014095169682524092,0.13537812893576825,1706.856064926133,1747.5407810836973,1365.2786523929472,177.96468927319773,77.84412273176459,0.6879699248120301,0.08249999999999999,2,0.11082667841375003,0.07880999165720463,0.33934509830576043,0.8510408074179564,0.39146802483462984,0.0983197868971934,1.0,14.157237757803296,16.370783377061837,2.6212954133463304,4.7447378853262006,0.09845735499035696,3.4658974897026025,2
c276,-11.930101103418108,11.148617266811254,0.26494339316806853,0.9547901627889013,-1.7905035611679343,-2.7678109884242987,-1.272051933255264,-1.2259007898345544,-0.8123926555064815,-0.5314209690910153,-0.9145682793531702,-0.3056946070441324,-1.053301078220983,8.610057416403139,4.143808989706751,3.4578794229105823,2.3995655214809397,2.6010067180987346,2.692993675507291,1.5959893145973292,1.3858345360738362,1.7289781862350337,1.3224662015484985,1.3513344369273848,1.374607381960489,1.086406813682264,0.06949782110766124,0.06781164010627222,0.09538826353904283,1412.45266894539,1583.0484859016713,967.8054156171285,186.97808480536824,74.2178377820193,0.849624060150376,0.0,1,0.2985522024170209,0.051142176406035175,0.21591641820013757,0.5259302604198869,0.15037526990875227,0.07051428300420341,6.0,-5.803588045678183,2.9049378139160957,2.064505765646782,3.0896403092907603,0.5194110248591395,0.6481651489580559,1
c277,-38.00456668734102,6.960407367908477,3.979950138351537,1.3521068579888533,-3.300491785987843,-3.6321438732774465,-1.2142258546381441,-0.7112333363037274,-0.5363198089819081,0.18328644163336621,-0.023016939565196227,-0.9001061272287502,-0.18826055843760975,5.49953776243795,3.8527594737000133,3.3002072279868018,2.3576945897502473,2.7704318208640943,2.712747743562937,1.572517877115497,1.5199189442164505,1.3287375736107312,1.1067145450162874,1.103582663247694,1.2380680507340154,0.9828019433879038,0.007842882014747367,0.0051724768712347775,0.11188651212216624,1811.0344084611454,1954.1283276208178,1140.388853904282,237.772104498067,33.882688415796466,0.7969924812030076,0.435,2,0.1833886431206567,0.08421453327651318,0.3342587824757959,0.7568860693015149,0.26896332963636127,0.10519157635117832,3.5,-8.30259738091016,7.081348925191616,4.229103949970007,4.502375444721372,0.15795656415022774,1.6056234885316822,2
c278,-13.268037401730187,8.425825071946523,4.472979245732808,2.14120987595074,-1.4369960595355311,-0.9338649012033498,-4.033781592411431,-0.21833951488647857,-1.3155046674310733,-0.5739252045651013,-0.1127829982048372,-1.0579767122059205,-1.635307268222405,9.672242701070914,7.835890695702633,3.7411942915046854,2.4007768737980917,2.4339360109338632,2.2118606791558686,2.366629074853027,1.4765060678043402,1.5767684398456305,1.748732885732277,1.3446672902457508,1.361861427756113,1.3967671162848745,0.05920684794942187,0.037787265725706766,0.141909044395466,1752.8176042895673,1703.8140335662874,1444.19080604534,133.2613370494976,8.863190775476879,0.8947368421052632,0.005,1,0.19149549376485914,0.052099492313833706,0.22076152237609345,0.4814985871881504,0.3611239543820144,0.0439378788240873,1.0,8.85268886378609,5.127540099868712,-9.972192824317105,1.989739143257394,-0.47617716950388184,7.370499775270077,1
c279,-33.20261775413405,7.018375413444729,4.8413991551255044,-0.6255997589505419,-0.8806220907402402,-2.4732282778001426,-2.526406145149801,-1.1281126277800015,-2.1387888757611964,-0.6296011923040274,-0.9801638037271998,-1.1177821191778041,-1.590919343831811,21.373906692294007,10.721216312685733,4.8509628185080516,3.5469355348326967,2.4501622995187184,3.006718867889756,2.1084741263883267,1.6375725209643703,1.7387799684461287,1.4898669058570928,1.3855017266515057,1.444738198936922,1.3021530811724737,0.037266205079301305,0.036378391218706535,0.218777058406801,2210.068927057718,1714.2376794730271,2594.1829345088163,154.618321006693,57.42957760677936,0.8345864661654134,0.2925,2,0.13271914488278813,0.09014713380788768,0.2881478966266915,0.5132697912944055,0.29891482327466,0.061909786031267566,4.0,3.3847116694804837,0.4916188931126379,7.556175741098036,2.161259850100678,2.746689723672043,0.506753348759577,2
c280,-23.290270242468605,14.443072341361459,1.7891742505085781,3.872400872412087,-0.3551501654341615,-2.6352906183075304,-0.7384185016939343,-0.8685798371352337,-0.6201878260542373,1.4959025501286065,0.1491333770555519,-0.46185720880677367,-1.091018376367552,9.943812096797899,7.601231279553313,3.9040274976464886,2.5263462708758637,2.251197091273877,3.1628395339630058,1.7950977593096198,1.7979022284512094,1.4925906344939248,1.623058238184149,1.3182338294286466,1.3827796477073324,1.3813910247115775,0.03885521135076741,0.030569797031459428,0.09105645859571788,1238.1617186152753,1367.1871237128064,1002.7812762384551,118.95147264633442,90.57886024109985,0.9085213032581453,0.11666666666666665,6,0.08582105079557216,0.06280050987124286,0.25734380291958775,0.5256402930165892,0.3336001526828262,0.07409254469594158,2.3333333333333335,8.991616265939433,4.954039233787238,11.474865511804929,2.6941232420476395,-4.939566813260498,6.23648677923289,6
c281,-8.550412453392166,9.547092102720525,-2.0509685423231314,3.1639135517123806,-2.612935107848658,-3.807397589278108,-0.4524409857168355,-1.9528303530764883,0.16291313535887786,-1.234144202525556,-0.5708706337339697,-1.4159319877047256,-1.1321734673225898,14.213373004417996,6.847640461877802,6.944654016505675,3.842303487464249,4.304690692781985,3.112898453427026,2.2837051178067043,2.371700253551591,2.093193253997805,2.1175689509428683,1.682228606191618,1.7180396766075487,1.3506021745740422,0.10210397508073679,0.07367587834927201,0.14376377518891686,1811.8789189253548,1576.8527443561975,1706.2342569269522,205.44165569896717,55.305331258531126,0.9586466165413534,0.045000000000000005,2,0.1980133926805151,0.07373427454318382,0.29671133401168837,0.49425363035832554,0.2085608343746969,0.06755635777581409,2.5,-9.944386923288134,2.972673956643238,10.755395511757662,3.440943849727857,3.362878499021501,5.081240946052745,2
c282,-14.109587458051417,11.997952487014178,-3.1681569524336295,1.3971716538445254,-3.7241547935189985,-2.7681174808050075,-2.641699584380581,-2.150920878133315,-0.1992083851410163,-1.141212005679249,-1.680980024691913,-1.5171417690623223,-2.007980948720635,8.641809953030323,6.650098082641923,4.255725482805427,3.3984401400577915,2.289377657447777,2.3445473756840762,1.7910105633146465,1.7127193316019091,1.5958977368142235,1.4595642985316872,1.2170965687749589,1.3017324108293349,1.233369708108183,0.05276642917474463,0.037863146507761625,0.12164967726700253,1474.399948039017,1367.9557400518902,1206.25,124.37778654481001,29.901725306417823,0.9248120300751881,0.002,5,0.22912160821903046,0.0953931505081674,0.38471824012156686,1.1781195949289338,0.23254252272450585,0.08248248875422927,3.4,-18.17637627725448,8.367526186582728,21.85762551039,2.2012075132428275,-0.553515328014043,4.510961583414721,5
c283,-20.718826998880964,11.682308544328794,-5.648308170914387,2.9908959334544662,-0.3824669578653689,-2.000023040856427,0.025606649800575712,-3.0632641008655996,-0.3620508748504549,-0.7910002449890582,-2.1189422847063843,0.01410998258140006,-1.6663328920627545,13.336083540107957,5.569797074701773,5.111382762986347,3.1420246905213096,2.28557840358783,3.2675783073040874,2.1546841267820627,2.0677879508420998,1.8146442505922324,1.6421783162657642,1.5729892986261913,1.328865580636807,1.7056253953960356,0.0331271503773284,0.03318419732426045,0.15019875629722923,1658.1862104119148,1376.9664473512414,1826.590050377834,112.38114020302305,25.83175714722583,0.8157894736842105,0.2,2,0.0851331283315687,0.06602603509579172,0.2031040404783105,0.550905544877794,0.18721751751108473,0.06617202450720203,1.5,-4.023011652843276,10.908467674600564,4.161773309586417,1.6471911489141116,13.09325872485392,2.7266593993045922,2
c284,-22.925933031192287,13.213874140548372,3.3710622036662414,0.670074319419846,-3.041357574144871,-1.6587102348401217,-1.7045574860080814,-1.8806524273441,-0.19961379498835374,-0.7712676438726114,-1.2569549983761794,-1.0679051671001216,-1.4408445179200475,12.190243632672884,8.078215731005054,4.9519430916037015,3.023631195401755,3.806574205724261,2.358372465866002,2.134897387442424,2.033796083471821,1.6050095257701802,1.4229626288269863,1.290210594180997,1.402531428689381,1.4588604144693549,0.04782279090787404,0.04211723026794188,0.1205033847607053,1454.1573145368122,1453.3542773866839,1339.7748740554157,158.76279060076126,31.481999650477775,0.887218045112782,0.15375,4,0.19137082134575056,0.08944388382574797,0.35583193242447314,0.9037889461106305,0.27349477643613196,0.06036227656618288,2.5,2.1751904984125288,6.135706487349769,0.4710412014962912,4.091497935146044,-0.7229536512677961,3.7088514877884995,4
c285,-18.431040866403094,4.444514629509282,-3.8091626579973896,2.1693604271979097,-2.9187667833792466,-2.938275751384455,-1.037052772717903,-3.5212412675077323,-0.821330070118464,-1.1787403805896284,-0.5631369681483593,0.07634275159120513,-2.779586766147917,9.328892049421249,7.212808487262042,5.2964228347925,3.862529545573694,2.973877375038943,3.0533721159355847,2.329237282361174,2.2566467709553075,1.9334855681817193,1.9726980029564052,1.672770103708958,1.3787230602303886,1.5782298240079056,0.028042591008416294,0.01655150150116482,0.201452298488665,2265.4463439666533,1617.2695979269213,2550.8501259445843,185.79853242627934,33.91910248445521,0.9323308270676691,0.08,1,0.18803705696217388,0.09248516013058466,0.39679973265729673,0.803387279767493,0.17967022227150728,0.0973972283200112,3.0,-15.690410186846853,2.866582169750825,0.7268998037183012,2.1089801177094474,-5.0729601908489395,1.1541845399016752,1
c286,-24.350991163668745,13.385419690299717,3.711277822676542,1.2819558827940583,-0.940616346084406,-1.1527372246839467,-0.7929818690315791,-0.3758651968087975,-0.7551394578258415,-0.2422135340684416,0.34664301409864584,-0.6384920823894187,-0.3043202286461743,11.46791486870096,7.134305167584187,3.3631422769679746,3.5809184594656047,3.1100686092864724,2.390238803914043,1.9006315026003844,1.6236553060855603,1.9852817224879122,1.219853440211204,1.1878200720485197,1.3874705538218453,1.1473313434361045,0.03607003698852525,0.032115211121723074,0.07993053369017632,1203.1842604352692,1457.2027251866375,839.8142317380352,204.36417017532037,82.15402812782621,0.9097744360902256,0.07,1,0.13883384012285874,0.0898567828830968,0.28300738330843567,0.5918785258281262,0.3157803551387264,0.08567520587058931,3.0,-19.193093568590474,6.831933390981327,5.801970304864975,2.945371630062896,7.314211696442129,2.7764491944501835,1
c287,-18.2987073843712,11.03007773948038,-4.778843003862225,1.5735813473766864,-4.661936243236555,-0.7007119751784059,-1.3561409259064947,-1.2690109455333936,-0.09190774397044492,-1.049868605684455,0.14199114616720587,-1.644756029936854,-0.5714288688956058,14.651973014348167,6.280788231573496,6.739127082404444,3.4562936097857717,3.78829067881538,3.5589746333659154,2.3047911244163064,2.406361640594113,1.858610748642862,2.1292880920750314,2.003399223896458,1.515333267654566,1.57046461241345,0.06991572935852478,0.06996825955692978,0.11544346268891686,1490.2829473765055,1346.010393316814,1267.1205919395466,222.33424342750317,52.01042373831426,0.924812030075188,0.135,2,0.22920093475592357,0.10819857632934182,0.43390900679449174,1.0650227441479518,0.32120779477268463,0.0692975150961559,1.5,-13.770793771133212,10.012847160971397,-8.391174941273748,4.911980222593492,-1.3425942082404303,2.4398492889827716,2
c288,4.33303779511524,6.304273771225161,-4.661987794293408,0.34089867085590136,-1.9633027675007533,-1.523752332626348,-0.9878475932459452,-1.3999082885500493,-0.14033725797665883,-0.20744015972274243,-0.39542845614476363,-0.90874718474213,-0.5621403468845889,4.109980697384918,3.6434324581924047,4.34266116726148,2.397624547538692,2.179219034202701,1.9791280266205307,1.6013545903849942,1.5726160081583882,1.103393194648466,1.1785132801597238,1.0458898287483975,1.1735542892404855,1.01623652240323,0.10172738311546466,0.049213977768499215,0.1917580092884131,2028.6526765968288,1651.761652792859,2247.5991813602013,266.9916331158368,58.14907916404253,1.0,0.0,2,0.28680208856489986,0.13903414285764618,0.510235942480608,0.8581712299419832,0.32096745010126176,0.054811472245119536,2.5,-16.194143551891326,7.626914017279919,1.3366328250592123,4.197241759214121,2.54140447892053,1.4979569721603347,2
c289,-18.555143144514304,7.523119963233231,0.544450813936932,0.30322331736289804,-2.150340020422093,-1.154732907834208,-4.549083170581359,-1.2522169405475434,-1.113093979397264,-1.0024748098600724,-1.3060927072372805,-1.1456132964898829,-1.4750832632530075,9.372025648110409,6.937992548762768,3.724719499170709,2.8898085061672543,2.43769804325134,2.250832237845057,2.354416143716832,1.7792420118427903,1.5059456339236772,1.6960824361739513,1.343586006442717,1.285642143217609,1.413076622966354,0.03234477199666662,0.025548053818614636,0.15480975480163728,1866.9533187557597,1678.374005473443,1650.2282745591938,112.26914060130902,31.8400157650802,0.900375939849624,0.14125000000000001,4,0.11277090688504435,0.08575583948704399,0.301760811572194,0.5005281368566232,0.2434684443218439,0.06913157157885182,3.25,-2.8757975120707657,11.35782170758592,4.291744816877538,4.253925742952266,6.361837710772687,2.7884734323600364,4
c290,-31.40395653350961,12.207257186911972,3.98875070148822,-0.26970651356128533,-3.222776118286867,-1.9800814978883237,-4.276282244015654,-0.7058781161192365,-2.0319062842131874,-0.1640767044342919,-0.8389060501836607,-1.2268725219305672,-1.7789528404542272,12.060986071060997,9.082303568003939,3.253248607088437,3.681844230554739,2.631921578101767,2.203623070400331,2.375205869812789,1.9275036093679918,1.8852500240349455,1.6113188365354776,1.4377359183844907,1.418285590904127,1.223990484529733,0.03060766530386901,0.025933165699079337,0.12054520229848867,1389.2950275762014,1404.6943445740148,1171.2452770780856,144.78728203847987,61.3354613146019,0.849624060150376,0.2625,2,0.11482068275868883,0.06509186747003765,0.23179363681107285,0.44625268202094615,0.3223471535409189,0.048018957242678455,1.0,16.61323108179419,1.1685848442901041,1.9284267128478918,3.1327891462451865,-4.085301324568568,1.5655004647397486,2
c291,-29.23173548065971,6.790901165095724,-3.1646664831601474,-2.844936757312728,-4.76301542121754,-2.800588229469909,-2.5307369525984256,-1.1779324907325357,-2.000790170728028,-2.354999865895791,-1.7666064526066838,-2.3583422608570115,-1.2126506575511604,11.361761363710185,9.465622692637165,6.195706417648034,4.010318544428007,3.8196731500434224,2.503236720169429,2.1781775753100217,2.130832204385831,1.553069537294233,1.6080651839203701,1.5764147588556372,1.5396649270933336,1.3750234165468718,0.023109501293574745,0.020162392841954105,0.19171127204030228,1949.1509245287587,1441.1140561997745,2054.471032745592,168.8534982346532,42.44433907638,0.9473684210526315,0.23,1,0.19905824659016796,0.10118777539143435,0.4500555546628744,0.9244922554964924,0.3341595222064728,0.09677995002183427,1.0,-11.560793892140682,4.467507209600375,-0.5039657300196031,3.291315508613261,-2.9242212836048624,1.4680332390586195,1
c292,-38.626480369546556,13.524889969158657,-2.3070418058416404,-0.7341288896274079,-2.0883894099877836,-4.069396882070839,-2.4608314454347022,-0.3614575438383546,-0.7052928809990913,-0.97642128631394,-1.0856162866058545,-1.599939252413033,-0.7139256658418868,17.63013408248301,8.280296836843794,6.040909275110702,3.2881619308966084,2.92696167887451,2.749980458483285,2.0988937283936697,2.0906647718561535,1.8716947796299839,1.5312036892680931,1.3871330557900015,1.5838062138632591,1.0387057274260294,0.020199233559157547,0.020864914357264196,0.12449941947418136,1440.1175906342116,1282.1228423792095,1370.36621791817,193.32325840514994,39.38021132082771,0.8157894736842105,0.34125,4,0.1979427691183807,0.08288636021878557,0.3111508100559974,0.5671539066207271,0.2759471343625738,0.09473146518256634,2.0,0.4489345108257853,2.0695141487475825,0.5939564469635243,2.1879863085122113,6.668676238880515,2.1700646644620822,4
c293,-22.432946066398873,11.820360804827436,1.0984964689327148,0.8812627659846122,-2.162166713040177,-1.8486342964214073,-1.1923087772238612,-0.6470588928486931,-1.387020882503744,-1.643698741414457,-1.0994341902948563,-1.582958135442809,-1.535293115197104,11.999455515725515,7.3888300619164085,5.57343278907786,3.836884225049044,3.35018716545194,2.7205682273127394,1.9571959198323605,1.5736961183835385,1.8810107736385482,1.5504515355004607,1.4002750608598482,1.3960162677863455,1.5122011428270978,0.03925488508728392,0.02794325322651841,0.12536651841939547,1572.372532561153,1414.9371782403382,1401.8812972292192,183.21671234715058,32.27863771453249,0.9323308270676691,0.135,2,0.215333358809425,0.07225538306692286,0.3769245507621457,0.5935634535203917,0.2072279010829581,0.10121934300876059,1.0,-13.984285295794166,0.5540264923039526,7.816884260888175,1.4289935002269805,4.680792679931111,0.7479056851076668,2
c294,-9.393590175346757,8.196313520880837,-4.121273848978114,2.571684620189725,-1.328595612752452,0.8515857021472921,-1.3677990477140212,-0.15221838260532106,0.20564626534338426,-1.1933938491265454,-0.1845182605124558,-1.0887827676165158,0.3211985869168563,10.87076851608121,4.3601502966635985,4.399355769322091,2.6222207939572346,2.1342441015667197,2.163099275756003,1.7763282262321152,2.0979933918153435,1.6362544133783528,1.7021540353805067,1.5582995898766023,1.4570781154022086,1.4215627530697434,0.05740361885379207,0.04915377649357853,0.14085622638539042,1740.6740623768874,1560.6672047447555,1648.2997481108312,278.25713628340253,43.53016997234205,0.8045112781954887,0.0,1,0.09890703417386926,0.07714090858482456,0.2989731610575337,0.519876882404179,0.19409125581883255,0.1272177522367822,3.0,0.17210391147010967,2.1231226163656762,14.30699757580215,2.6299970535628896,2.6374466349321364,1.389733174254039,1
c295,-27.2647609795094,12.277270755890347,0.8215343131974576,0.5890430299394581,0.20728319001601433,-1.0168845671828024,-2.196579650185652,1.0803855640285196,-1.1143370344373926,-1.0509784827493172,-0.9893604224083065,-1.0407317304680963,-2.060887523310128,12.044389781355518,6.55682772143508,3.1654387168892386,2.6970829898213955,1.8274928292312507,2.1851896775551936,2.160600749606729,1.7073071759546896,1.607007029141817,1.708364688798661,1.1383446734998213,1.199347814908468,1.5052532966711731,0.024620624510712865,0.0195055758782122,0.0981580604534005,1346.4577908794536,1470.830650815787,986.2248110831234,101.2667339031966,10.845752220852559,0.8045112781954887,0.245,1,0.13717885380899333,0.08608381387931577,0.3284022424604602,0.580037231421639,0.15063813481150443,0.04962507636917321,5.0,8.282056754524111,7.336874862443108,6.924932835166421,2.843957603055418,-8.005470343959175,4.369262509724359,1
c296,-13.438795291370486,10.12172438661645,2.9369648596739397,-0.7988971103396576,-0.047039835610222715,0.007641241445256186,-1.4107289619839374,1.7216241196836741,-0.956090347260132,0.24792072114941227,0.1278093661290191,-0.8530358089893003,-0.3539512992197868,7.612787249396486,4.524242840726119,3.6879721804008945,2.811324628778789,1.948508764925863,2.148023791901397,2.0587360803297043,1.8772332146294128,1.7419634472409324,1.3983431664295147,1.4588568048121004,1.406848757379837,1.2675811433491266,0.04167212790222772,0.029852470608609134,0.11246851385390429,1708.7632706781174,1825.702545500064,1193.5925692695214,179.10705630016687,64.63892839702679,0.8105263157894737,0.0,5,0.15963531660488633,0.07726735725234199,0.30996211766221854,0.5886730187802974,0.25726349924437764,0.11546758357190987,2.4,10.259919921239241,5.975258991308346,9.344054873295585,5.317108305632012,3.340773093338149,3.3819946670687413,5
c297,-14.117289900459161,12.562506244704815,-2.4034532209483706,0.14065305267353095,-2.852565221869931,-2.666022076525819,-0.21986151500382187,0.0706966999948999,-0.013400524743190574,-1.093136810881985,-1.3387236211667708,-2.206319688462698,-0.31382787937018286,10.105537734490941,5.119153836669963,4.531253294586209,2.631950373580236,2.408712255190788,2.3066785069136464,1.7571124207246684,1.791844137248217,1.4760991054578116,1.7230038841670274,1.4361726246934778,1.6214206183770132,1.2745460023852362,0.06434845399358184,0.05201493373774416,0.09256434981108312,1296.623133865205,1366.2383000889743,1016.0579345088162,205.3814179959673,43.225906797328946,0.9022556390977443,0.03,1,0.14085264403730882,0.09163726172371914,0.2690432289655025,0.5417587424399674,0.2907026309192122,0.08068958453010235,2.0,4.872708630729923,0.48039149167627254,1.6114393982296997,1.073033711028388,-6.310514304997171,0.4856117007250329,1
c298,-9.023415718129844,8.040865938959804,1.7613285727453074,1.914482227669099,0.05591512541318488,-1.487243948629339,-0.4890817218041832,0.3456290277914229,0.6885255858588485,-0.03132365247996953,-0.5153560826421689,-0.0005600411626928743,-0.28274897920335096,8.02369514436867,6.439177015172218,4.415443793760736,2.4590125619635166,2.4999285793807893,2.6500573773194716,1.7313669496886082,1.7594616230293136,1.3029506003351186,1.3682756600902826,1.095019856358239,1.1134736517380408,0.9287014875144947,0.053952623667826605,0.036988257428508045,0.13927699937027707,1868.6158314577892,1828.9361663453703,1375.7084382871537,236.48974101703772,102.22230676604714,0.8796992481203008,0.0,1,0.18352679084908183,0.17224876119023977,0.7079887397549727,1.0855604006917285,0.3314302280244714,0.1798886265597528,4.0,31.373866376380015,11.568913194357423,10.339742052059444,5.255568773912233,-2.7691514582647825,2.590674363337702,1
c299,-10.44352333963975,6.423469081276623,1.4382021061122199,2.528634106474968,-2.433566999509954,-0.7960901651864508,-1.3495582043639716,-0.41583091633174807,-0.28342029178070527,-1.607571416835373,-0.5277921126089676,-1.9796190697712974,-0.03563738517335959,11.276052489359012,7.723408339925825,5.919800155604283,3.683424037222601,3.647672274063973,2.78696810031068,2.1229894967023273,2.4386979646233273,1.8231994155044755,1.870873421185804,1.7016522292898493,1.8989974576079391,1.4366063328794578,0.0713751228786363,0.0407443141617473,0.173801066593199,2086.0220733015303,1720.732324538697,1927.9360831234258,214.5746011695839,45.018928066645614,0.975563909774436,0.00125,4,0.2243577240211148,0.09988727931276901,0.41947464931934403,0.8221823361021612,0.3346808068928663,0.0894631860969783,3.75,-31.200277923507194,4.164791892944854,4.030441603909086,1.7001888942567671,-2.784254093850546,2.1510857559110526,4
c300,-20.43861371439148,8.9555386720139,-3.4361144866648434,0.9638278309530204,-1.42926206169117,-1.5092206544337041,-1.242821881290512,-0.2401424946052249,-0.2764650970900119,-0.8584086784155189,-0.591404356534281,-1.4582339110865474,-0.6251448484326949,9.214227098390865,4.462558684266618,4.387168929198856,3.1321558973598655,2.352646341403421,2.3109593446865366,1.8164979793150051,1.656819371814839,1.5994486441902187,1.2463923006017712,1.3701915182784905,1.3165193701001026,1.180573520086098,0.024430895717093976,0.01794285736346026,0.1371971918293451,1715.9479109811389,1581.090127233356,1666.4633186397984,210.11810005047676,16.9404789712063,0.7744360902255639,0.21125,4,0.3377509254340263,0.14033711691757658,0.5958223609675706,1.1074575538323412,0.30087947116093294,0.07657048649120374,2.25,31.20556403511177,2.5261578550268555,3.6733353098968746,2.13876203969253,5.216000411555329,1.8026908660580034,4
c301,-10.762287478274523,4.200186957318071,-2.5630161684058015,0.582901618976367,-4.52895939370124,0.060574965820016535,-2.1934236965561915,-1.2883245631158777,-0.7572692175737967,-1.9847596479717873,-1.774553068308372,-2.8115211537187803,-1.0163263392497845,6.334865705761452,5.4225282518072655,4.6476778426453675,2.643098632426952,2.784452511795074,2.869461635706109,2.1018466063783614,2.0219634197652523,1.5560756940703535,1.6491219624821811,1.4521440139655593,1.8350345405427575,1.360463501089099,0.04887291068404938,0.023222015707499245,0.1850721229534005,2128.179623354921,1705.4181615152565,2076.1571158690176,257.2142155204024,46.03457523822581,0.9699248120300752,0.015,2,0.14865881062273145,0.08401100861696295,0.326562132903919,0.7991185335405104,0.3569983804715301,0.059549441399643396,1.5,15.026755009694178,11.577786371810072,4.079803010649172,6.99758555089814,2.805489168667198,7.236562240849218,2
c302,-34.72541665425737,12.31638406171452,4.29469950688037,-0.07676426599043741,-0.44522100396651887,0.14180055225755103,-0.21921894064542274,0.580275319042828,0.23011092813000938,-0.28870806518539716,-0.3957933102015987,0.1668370825598118,-0.014003418828579658,6.867782968952154,6.935068095185692,4.965772112819821,3.10167632135579,2.880462175333574,2.294816558039866,1.8518436714035449,1.3152667816563193,1.3662458592326427,1.2213858996468838,1.1202914839934572,1.1333163534104358,0.9065838230743278,0.010415999518880434,0.007103853003778924,0.11275484099496222,1527.2077394977723,1668.9866412048505,1283.2178841309824,176.7252666188897,39.748200372198966,0.7556390977443609,0.4075,2,0.2501499298375446,0.11260779531110726,0.44806916870373104,0.9890387883631564,0.2152111555245801,0.0866566393119867,2.5,-13.2793750382552,2.6989256136298105,4.856489059501772,1.648176810143382,-8.664541102351965,2.032105430482426,2
c303,-3.126300095127631,7.752919033571159,-2.1213490373021067,-1.7226048566765795,-3.8312605490214025,-3.8351290039423755,-4.159680276309843,-2.5918819925321874,-1.9368209427311551,-2.0624516296542583,-2.0276931048684266,-1.3971733507915047,-3.317854515442951,6.7667529710817504,4.9202182531490335,3.6252819443813094,2.795490791412357,2.0823941548985205,2.177631342929428,2.182132571029273,1.6932414567240897,1.8111276029492553,1.2322057338466204,1.4309730778141914,1.6001314586228506,1.2987717056697172,0.10177426074098242,0.07381576625043687,0.13111519993702772,1713.2364959154297,1667.6026471855298,1383.9735516372796,174.59503467795133,46.11411602625546,1.0,0.0,1,0.22652298623311728,0.11915777309116114,0.5678311089817724,0.9932280144996554,0.16658648932528267,0.06764008290102615,6.0,-0.48748637450399523,2.0272029056202756,-2.228947193479301,2.922325585812846,16.282565657261454,3.368665720729452,1
c304,-25.432584897522002,7.66723339359568,-3.2721876727823345,-0.6844179430194552,-2.723971182543754,-1.4345229547057208,-1.4214974749159635,-1.5214050121326115,-1.2100088920969019,-1.6002599694215809,-1.7530102352380963,-1.6991966953652748,-1.3236862234004452,10.09836720022572,7.603356083681495,5.629059966051156,2.8314443362523685,3.533781498782059,2.7833582835460873,2.399114729300221,1.972740439379558,1.7179072824798998,1.712134165151121,1.575691723784273,1.537092052854233,1.1657454252209714,0.022073334722550998,0.01978578890961484,0.18640290459697734,1975.8020868577044,1576.203590820568,2181.7537783375315,198.89884507459794,25.56992836895119,0.9323308270676691,0.2575,2,0.12157289915462816,0.0955788073949897,0.37409809910239833,1.0409937053622638,0.3121263586850076,0.11759549300973166,2.5,13.96615873773095,6.312088354197864,-0.20103256564423172,4.299057265722558,-4.600783921721973,1.6719121719674312,2
c305,-11.481119557688803,10.51720474479798,-1.9468791168880264,0.7014306009101104,-3.261815510614185,-4.045247189243531,-0.6103128145099275,-2.241843310760483,-0.9713303198951145,-0.5094637898210117,-1.6040349305391077,-0.4517155426418271,-1.1914798767504662,5.982103184865202,5.274983322824686,3.7894827035779253,2.7848418669029016,2.654549460039169,2.6655885861817734,1.8928147145554335,1.8092183420342498,1.8492722535244934,1.290591329648433,1.2582161662943256,1.2139263889624554,1.1869648695522332,0.04637086342242986,0.023397738264664555,0.11996713633501259,1593.1977806599768,1552.7533144102606,1417.8211586901764,164.31629312631887,39.50215265198077,0.9022556390977443,0.0,1,0.2726163682654126,0.07667899302001682,0.3487816129753908,0.7865673628131167,0.2158534718382758,0.12570769500800372,7.0,-6.06452917546775,0.447553781433253,5.452465859145977,2.213892675327239,5.3861503704506415,0.6566621240555037,1
c306,-37.81837106605332,12.809161735670656,1.4839645477148915,2.101253294106742,-3.2320283010839597,-0.28376694609927555,0.1007642873774425,-1.250191667519329,0.3991706334005385,0.4237906265293851,-0.7921674631481542,-0.31891551481070884,-1.5937901167237027,10.824201417632183,10.874451114076408,4.626177902879513,2.074524281304902,2.073204411323502,2.361850323661039,1.715800131767922,1.8988348471722023,1.8813652759319701,1.3688314531107169,1.4075538519216808,1.1745036683854495,1.775708693871887,0.01228794743812314,0.011159898639926835,0.14209107367758186,1592.4004136924898,1398.0676267202539,1593.1989924433249,110.64591189020386,5.0957629616427615,0.849624060150376,0.42,1,0.23377086025388005,0.08588070468086481,0.35332819383991526,0.6428769537824052,0.2709582427707137,0.09683208915258325,2.0,7.338284963571157,0.8272263897938791,5.256094473710476,0.9955360333352464,-4.051597393146627,2.050973377865459,1
c307,-22.86795042382486,9.418618863681125,1.929572549834981,3.1537809869614066,-2.9624997392753194,-1.5158930430811073,-2.4702701561329845,-0.5374508950725282,-2.071885540230093,-1.0462494493504495,-2.3345374908358782,-1.5894344532270126,-1.3744404987127359,11.537267033989304,4.732162923105587,3.8607742316688256,2.73470734456291,3.493523725999747,2.9364989532678316,1.64614706526697,1.6809716322416233,1.9234258940196574,1.4408854772207258,1.5714881455981722,1.5787561726514305,1.1624319260353113,0.04245481001658544,0.04344115041923839,0.09868938916876574,1523.8540472460893,1632.8532256057056,1047.1898614609572,176.96136330547955,32.6889805227307,0.7293233082706767,0.2275,2,0.24146813686379684,0.11950326035958664,0.5105174263248086,0.9559453081636078,0.3148714965584726,0.08557071701175356,1.0,0.912278947146095,1.788903748722579,8.420183972401436,3.728017019226443,-8.157316554370333,2.5296837425324035,2
c308,-22.972475745215164,5.672806940419758,-6.3086948360706545,0.6680035741928945,-5.32303555110729,-3.6371793747269527,-1.6132329838750992,-3.012946442539865,-0.8714191279605169,-2.1473688442072554,-1.35004069304379,-2.1128263826913103,-1.1712638562706832,8.972815716522826,5.5175082116809335,5.026901879090128,2.9462180084787115,3.1700888688206454,2.829604706102602,1.6968529899841596,2.1177009356766616,1.6240027491047226,1.5968447203620904,1.565586108738104,1.6675196735976066,1.2136019562928637,0.023998104597682635,0.01972725475764811,0.16805435295969776,1921.221420861789,1545.5135958244814,1922.9219143576825,193.25086323824445,29.907210386264932,0.9428571428571428,0.191,5,0.23695928571587715,0.09756186421959759,0.41015651065599945,0.8962675771698325,0.19821837738168963,0.09329902514566839,2.6,-9.850997053285413,8.136668412458365,6.857021380587092,2.2699195260548546,-3.378029435915502,2.837977095692179,5
c309,-22.478253603360834,11.444944800022114,-0.47487083170303646,-1.3872287330816466,-2.9258709254105346,-2.33677479263949,-3.209700881529624,-1.664032406746103,-2.4966436048793197,-0.8246238306383187,-2.2107942734419423,-1.729381080786933,-1.5240729977665828,10.751196120337134,6.871253383472155,4.980931564921111,3.571392402342313,2.595018556173655,2.5150392693923367,2.5368795193288864,2.1083695164423837,2.062447828085385,1.5505116292646457,1.4657434113675039,1.480922214888269,1.5363426464125085,0.049775499613734335,0.03156806261507553,0.1028121064231738,1314.8300095415307,1356.1771860983426,1068.08879093199,221.44320736464235,37.837765266746395,0.9323308270676691,0.085,1,0.1891051380253801,0.11704007321540506,0.44333180274659933,0.660896658820385,0.3299724507279038,0.05675630270157637,2.0,15.891796044297907,4.083372567600492,-0.7755002127523223,3.8308982124133033,0.41031731698434754,2.85141487666696,1
c310,-34.02468213247292,8.108116256338308,1.0214272449143795,-0.8180032793071217,-4.168005417816257,-2.5499007649167083,-3.616355110414612,-1.4432966759209749,-1.3590838751605931,-2.165729377001518,-0.4262028741748684,-2.317034797390148,-1.2777407457635355,12.541084237188976,6.246705636691129,3.9718551316538555,4.01452034023412,2.846623667553772,2.667741248575635,2.8093725091946573,1.751657935593893,1.557112720210828,1.6988905164723953,1.2593536385093178,1.6566421506581102,1.1419951052995159,0.014009910071901019,0.012215015783806451,0.12224496221662469,1741.8384622183135,1708.0350719301362,1361.382241813602,201.23144697718035,36.85662091296088,0.8421052631578947,0.32,1,0.22542922535462417,0.11717166968285561,0.4167164987804599,0.8224345028049102,0.2446092628021337,0.13162611758597823,4.0,8.434501108234281,7.463719457561528,5.817691349289901,3.319333792526597,2.4818560777608325,1.9153136286661059,1
c311,-21.547556341087738,7.246079673781396,-4.301026913179084,-0.3846991707555624,-5.22223790921297,-2.080365987520346,-3.2490264885672193,-2.1492327428553213,-1.7045231514480677,-1.0873673447508738,-2.167106043838721,-1.4565768353167632,-1.3791226254073028,4.786467769153304,3.63995732314941,3.3898332729148413,2.6709630597422644,2.3705868709801727,2.4829078097670245,1.6094250720104333,1.5534136492504176,1.2667300174183838,1.3778439709355894,1.0140382371568437,1.4029153316835277,1.3193912992980525,0.018711380934317897,0.010571515261988379,0.1332601936397985,1731.7011718631445,1587.1436764324528,1508.579974811083,225.78343150672092,44.09588980599379,0.7443609022556391,0.095,1,0.28152480058131735,0.11188044998871413,0.5018267493112464,1.0984831309943677,0.3449025081648979,0.06438713430467771,5.0,-24.982222300104922,4.153139012952492,4.89314040798758,3.202940429489569,7.805554418063219,3.849691842267563,1
c312,15.848419959358127,8.709179557947099,1.7701736185224783,0.20246000448746077,-0.967029739679305,-1.9779294435581771,-3.297249212521848,-0.8622444599236314,-1.7824994737799138,-0.799560679759413,-1.0150231139332078,-0.47492763781516123,-0.6425173942497463,6.5925913002490395,4.3877891562109195,2.9995928438183768,2.068161269090617,1.51644737790738,1.6002433805944338,1.3307470973907054,1.46534116224486,1.4578290924714892,1.465186589157719,1.3324593729533691,1.3522579375381722,1.2890295138221533,0.385632508303675,0.19873656638918719,0.11349771725440806,1712.2897235086289,1787.2644480108395,1218.75,136.71480996736923,42.126406249318656,1.0,0.0,1,0.21474139868046868,0.06310068640751611,0.3043751419944761,0.7068509873467645,0.27991296945569266,0.06746052503105784,2.0,-9.766720636922503,3.259797018277622,5.299024840533248,2.8338976449282565,-2.536892234909043,8.300485209391844,1
c313,-32.12560276654482,8.68650494673911,-1.5197324188777448,-1.3225718649334355,-1.9722016363704375,-1.809317178457293,-2.4331276735006213,-1.2750992632672176,-1.202399380257908,-1.9007918933057815,-2.685050441683091,-1.629550240094011,-2.025846447493765,8.788252592059875,5.7137496444876765,4.423630329115481,2.9454886568604044,2.887083838012922,2.164028665287569,1.9666629939931233,1.4885818973330238,1.572461927856161,1.2189007901678082,1.5376295921454015,1.5461038269898495,1.3668708594883818,0.014577707551059742,0.012622502890835675,0.1483661642002519,1725.5694982342397,1635.8162507013087,1629.9590680100755,170.01434702135413,23.355242169350767,0.7406015037593985,0.41500000000000004,2,0.17023994486254135,0.08099202635823291,0.3163874207921769,0.3927609599283238,0.23975754474344735,0.0627610464973523,3.0,0.37520980813482896,2.64103864751125,1.6812451501400012,1.8673318649733341,-8.024571378030416,1.2761432349781314,2
c314,-17.619624538976627,17.73316739333105,-6.083657277550972,5.290410270513259,-8.879954171862689,3.03105873195614,-5.928786412596724,2.5884201246473957,-4.630583242993421,1.8917219772363216,-2.887954288103496,-1.1398671083569991,-1.3108568406724217,9.02176358338566,3.3038827655406515,4.514173134673109,2.764115937701954,3.052003476087762,2.4109282105245917,1.954944042445249,1.6573440812914813,1.5448320634495092,1.5817819775677435,1.6118289367635423,1.7633980288789979,1.2341874894990474,0.07576561587501918,0.05753608970195688,0.07846446001259445,1122.6697845010626,1223.204094615673,765.0739924433249,260.7500623430785,39.68245960120305,0.8646616541353382,0.0,2,0.24762527308743115,0.13098225102434713,0.5008560706267731,0.9268300774494485,0.3896087243618229,0.06548719277114823,2.5,-2.7207590844831775,7.6378430866413085,3.0965584508412514,4.584532573623919,3.623717391199963,1.3689014916049171,2
c315,-7.911310408672373,14.137514483462958,1.211157044816156,3.2618120094488283,-1.5737628383013762,-1.509019682642659,-0.6681483603369198,-1.3669756976473162,-1.4479832556502616,-1.8757675119673216,0.05848674703505697,-0.6331097109574004,-0.4620773176443868,8.130028588153465,5.977679541086184,3.8251100361824206,3.394408266077339,3.2121329396046465,2.1314150357444186,1.7629456421920924,1.9077807393487962,1.7227478611320575,1.4132944712001199,1.440090906276463,1.3298867787722073,1.0358516842711178,0.0997254646900203,0.05779424627133336,0.07881867915617129,1205.2864600244097,1387.8155685699971,892.632241813602,158.465733971168,28.070818045867934,0.9924812030075187,0.0,1,0.22818395418318635,0.12524324533977874,0.4314189724369397,1.1137564114311242,0.3725766881629064,0.025876627245657372,0.0,-3.9351459431680063,5.491026866679553,-0.3382000560409822,3.0295329297119715,0.12476168725698032,2.9069377986502007,1
c316,-22.266575348819213,12.527356554237567,-2.5997419004075732,-1.0859814781975217,-3.0410437421212135,-3.730459002008073,-3.172557609545238,-1.7050760749982847,-2.5361643176045785,-0.15688991566094887,-2.439133363885921,-1.4597933105525611,-1.9671034167250876,10.259624163004638,8.620809833645499,3.67565598311314,3.673309219213875,2.901980019284429,2.438324069110574,2.3728632020921196,1.8686549616000667,1.6588744534282054,1.7445658298348283,1.8371154592989252,1.273849548377811,1.3572343086625163,0.04019913357081569,0.043855646131090685,0.12161523929471033,1401.5650952936517,1292.6092775174345,1297.1505037783375,133.19998134971857,60.36515700740136,0.9774436090225563,0.1,1,0.10729626597037065,0.08175308747290977,0.3509553028693945,0.8350395517834813,0.26711203647014536,0.06921507265394014,2.0,10.704504018764274,2.8394357164916055,0.9645104130822729,4.398100687417292,-5.7911904179943905,2.377221038682582,1
c317,-32.13951935849947,15.31486144625212,-0.6789082402027529,1.747677450099369,-0.04593616692542394,-1.6027585747307065,0.20343240718993266,-1.2376288004958518,-0.2585564275959495,0.24060189298298787,-0.2349730965069837,-1.0654703584077918,-1.1714539397155177,15.565274417213354,8.409036201898193,6.8462492864163025,2.474769652498919,2.467159709126359,3.5182637193147506,1.8346351593607129,1.9260608561075934,1.732654246397756,1.7361410162852793,1.076244284052656,1.522616497589676,1.2295796403333927,0.029869157244060168,0.03464514354564028,0.08481088633501259,1286.2659529305035,1393.3044858468031,957.8872795969774,134.04623800099392,10.80346061318454,0.7518796992481203,0.36,1,0.23615439380016348,0.09710065151473016,0.3897506051392315,0.5862169570738224,0.14008410269331253,0.11946873421131783,4.0,23.533339712171124,2.6372207139669674,2.3294146845907973,2.726181791910142,1.8976191283255863,2.5664550821299574,1
c318,-13.799212227433383,9.34557090296203,-0.5647547005678328,5.513927924799741,-6.057784955252993,-2.9240448248356516,-1.6975545651878217,-1.7606019033923137,0.8283758344907771,-2.03667626656069,0.0041233741502194506,-1.6836723826568694,-1.4115989092941754,8.697568233280098,6.676985918518424,6.296451138709142,4.044559782459332,4.448308107004815,2.482646915566154,2.497411196355122,2.290158951778384,2.0576932040772666,1.9648905795089076,1.8096548856259664,1.8059780164529597,1.501443408795851,0.07188057601682424,0.04378909754527798,0.14041837216624686,1767.1347506811794,1557.021823068038,1494.9622166246852,210.46127282155138,31.453165883957514,0.9774436090225564,0.0225,2,0.2815233954291235,0.09689461715604267,0.39281745072691543,1.0822700462133188,0.25210147414281053,0.06812371349688306,2.0,-3.214275158119449,1.3484245754106021,0.4168904109053046,1.885359604564695,1.732755349233955,1.409295357839147,2
c319,-6.00772159384255,5.730539953029321,-2.9693581897781973,-1.2527728581480628,-3.7714067410947996,-4.394813796946585,-2.5469474257233173,-2.3516102572868953,-1.8524699445243176,-2.233878719415343,-1.4034935708612222,-1.3485880778358486,-1.4385463137784855,10.137500900694281,8.332724367362367,4.6768554862048175,3.3310608165528284,2.751007843817294,2.871585830131034,2.7127927464992028,1.588628585423893,1.9087739138002364,1.8018615482781413,1.5666913756111316,1.8299387325683958,1.393612460551683,0.09963057072397222,0.05392782901107952,0.16532686555415618,1924.6348281003234,1587.2373470512134,1730.3211586901764,187.05296138186915,70.7248281559503,0.9849624060150376,0.05,1,0.10014695116043207,0.10037051300720214,0.4991604223955741,0.6991949767716477,0.4040052341866523,0.14993842462682053,5.0,32.40237248272865,9.545202974694877,16.105139571587,7.640658451739773,14.266317297881011,3.4195485404238237,1
c320,-88.473656322787,8.706617925679334,-1.7403073430693903,2.4344517765818425,-0.38792545730418493,-1.1302619988189775,-0.05307447128607144,-0.637883388683382,-0.04406316683408325,0.15700091024860371,-0.07541949342296358,-0.011342041341251507,-0.7250575968122093,63.24892327444934,10.751791416320804,3.6306598632846576,3.7698397717314895,1.8979113451471588,2.106431236728066,1.6993831684826517,1.5582459619837619,1.2977969164568068,1.2058751100137426,0.7973046076526937,0.6914646321274146,1.1229843759456117,0.029939369108426594,0.04696429227137987,0.038255667506297227,1031.1201100595367,1053.178975019152,787.1621621621622,134.77558149123018,76.90184519774893,0.44360902255639095,0.59,1,0.198027675473263,0.12877011014711995,0.39673814415974534,1.0904721076037043,0.27985740366948236,0.09663921817935306,1.0,3.6102702526890162,3.759395601091703,2.5517338599231967,4.412671095906845,1.5086698423607614,2.0049033418555595,1
c321,-26.47421847657472,13.04959434552688,-2.7992214028432683,-2.3233570952514966,-2.924504791274528,0.24482537671462828,-3.236888201425538,-0.3297378806652007,-1.7579356442347873,-1.5745802413094014,-0.2345284733548421,0.13233797101168543,-1.6915102516141878,13.945393973690372,6.372562127974046,5.061740798592203,2.7952539866053967,3.0361149585457374,2.045248986304315,2.3881195148816103,1.8085938450828967,1.8238193230001318,1.4607622988749167,1.3956059455832448,1.1672151402967132,1.1732083262293453,0.03203272147903475,0.02766504171429311,0.10995060610831234,1354.9778765931753,1304.2841383620557,1245.6706549118387,204.81061029529096,27.250811609124998,0.9699248120300752,0.205,1,0.3173563457422558,0.11114979185979872,0.46514933485589355,1.150054558432363,0.11911407723445581,0.07974678666769382,5.0,1.1769590278802708,1.146055606731402,3.9334341813063736,2.0212644645508666,-0.4171243217101533,0.7653763035635915,1
c322,-27.024694713719697,12.628027608315147,-0.3649747151358398,0.5604257277245971,-2.2803004215593585,0.37261088645469426,-0.6834410224692471,-0.8474969523999859,0.13934087179812166,0.918709667527977,-1.0806683519704414,-0.791621040902643,-1.4588236124490321,32.27061751815484,7.265090549039721,3.7445955457727793,2.8563088442975157,2.1918547209872967,1.8618898835000866,1.3368363897733082,1.7438452332587395,1.2405598226159231,1.4249648275001798,1.503356244029201,1.3443543813659389,1.2457518641436027,0.050692632699933016,0.031582178580757764,0.08249124291561713,1252.7235332270002,1300.1845309958146,1081.1609141977528,208.01079679339668,96.55445770437746,0.8834586466165413,0.1225,2,0.14316574948370264,0.0824681950783814,0.32260959143548296,0.6412003170159829,0.2637088076641103,0.1071441775004214,3.5,-9.452559799714226,3.8916129320982797,12.107029463237948,1.666624160353077,-5.033600513488604,4.299269568580935,2
c323,-31.581512549762724,13.371227545215497,0.5326801957769733,-0.11362709803383021,-2.2459866272744007,1.842387671344735,-3.1085854676872993,-0.5604958559844548,-1.0419436807278246,-0.35032871591258663,-0.13826726824951102,0.30288239380829496,-1.4918301906190976,15.866947810298164,7.624248254957734,3.4159595697864384,3.6995994959464875,2.9744899152030193,2.077615697373399,2.693115776945384,1.891467739375626,1.752601637242642,1.6881204450639944,1.4591421991478346,1.3286425693511539,1.5895826151342418,0.020982026589314563,0.0190662719567702,0.09825153494962216,1274.4151956196615,1341.984483033997,1058.6823047858943,130.78320739317738,64.84562525855252,0.9473684210526315,0.3075,2,0.1308114584555067,0.07220827928390418,0.24051189887929017,0.7147311741181884,0.22971656460041107,0.08675551973020798,4.5,-7.268354838035872,14.156329369438872,2.9029452839440335,2.896667908525206,-3.3823177666161897,5.288863651424528,2
c324,-47.35846115714934,9.862568290081327,-3.245211625363345,2.596717865751255,-0.7254380738346455,-0.5027470991605044,-1.1107075296910225,-1.3381204351350737,-0.206104013526242,-0.14105070647350162,-0.3872035904837074,0.2616060943800998,-0.7670266952378878,28.63907446555007,7.238719243599147,4.56949923536563,3.200864096119206,1.7728452007643964,1.9537485680519913,1.8634450573783596,1.9951707898056197,1.4313160991416882,1.3772687915558208,1.3189564139218914,1.1409545815824285,1.106633631108055,0.019794866025091798,0.0332414019795187,0.1002899349286314,1459.2961139586507,1380.239495512794,1328.7897075286874,158.59048936743895,76.4045051534025,0.7894736842105262,0.43999999999999995,3,0.11585695457578608,0.08935037506944299,0.31521091978135235,0.7537015263840682,0.20134715402039152,0.0717944909557202,4.666666666666667,-5.992618741230003,4.467289974936466,1.8909079037763081,2.6273347171588206,3.627210054780941,2.589222979103356,3
c325,-28.79892905338238,14.082425419956337,-0.8958773293513965,1.4992725014995985,-0.8721098076401163,1.056075462919298,-1.3135098078984748,0.44536640962690804,-0.4916394681728279,0.6298982203745688,0.230713004550893,-0.3023010731446536,-1.2816651038527909,12.254437043541753,5.464001654395406,4.884182424362587,2.8351747506217726,2.0417442237329695,2.332093890824631,1.9341011766048022,1.704114568399602,1.5172041019563323,1.2785721330651663,1.0026967088425927,1.312932903607596,1.2287802044273564,0.019052508732878462,0.013663979386876853,0.08221819899244333,1175.6026014128615,1318.6399657840211,839.0270780856423,172.52291901986155,130.76730558439957,0.9924812030075187,0.2,1,0.2906559589344584,0.16027944385786838,0.6566539725636659,1.2546494640828847,0.30122556237296355,0.09304756967209517,2.0,-9.080046489746831,17.406925249779327,3.6544677163608994,5.25996798942602,4.552726431430962,8.15397297823985,1
c326,-24.50870998667407,10.778943089933218,1.704886999968786,1.712612137486435,-1.0314321641431106,0.5940557702095733,-1.419944082371794,-0.47144317978547584,-1.2590799422801306,-0.06159923092016224,-0.842761021014243,-0.6923931783601687,-0.6605583386399532,10.825909901214558,5.107290676198297,3.428642038125001,2.6724808778629767,2.2506089465647023,2.2289968336647523,2.115974488840524,1.8700785864669893,1.43163859053631,1.4810579788987257,1.4968547717722434,1.2288872105895439,1.1097209849954557,0.025891710231810718,0.025912161934185912,0.0857702298488665,1352.0641536801434,1568.2052288663526,906.9584382871536,251.4951406367557,103.29018011385467,0.9924812030075187,0.045,1,0.25027083556786506,0.15004258325520894,0.7189554212366496,1.5182130818419737,0.25406181553364265,0.10274884382125965,4.0,4.872987004778228,4.625644539979643,-3.1452624647216596,2.4664507190046923,-1.6658393939562994,2.0468443683487236,1
c327,-20.45020529669651,14.245651838528241,2.203396697163822,4.808309389794939,-3.2939496491996416,-1.0070247282933358,-2.115935231508491,-1.238469542999676,-0.2141531769861372,-2.5375047698769038,-0.7232406908853122,-2.0501479514013092,-1.2187422468280558,12.384829987168004,7.114382434552026,4.403619086539405,3.3176112854023736,2.9829519604982067,2.269921447862721,1.9262413579511355,1.788294174631501,1.9361770167338126,1.8302381386794095,1.6541146925585408,1.5123978740794384,1.0552727580502528,0.05326153695112703,0.03133048642766692,0.08056025661209067,1186.0703627101213,1340.3192626073885,907.1700730159741,154.19719245177782,31.93165606835774,0.974937343358396,0.03166666666666667,3,0.19445551358872382,0.07145248939508746,0.35291141330565695,0.6431748993642625,0.24512091792167112,0.12420711989668982,5.0,3.5472821115652295,2.5638879640233045,13.774148450209376,3.113354384296859,10.337072303706142,1.7163742339350503,3
c328,-35.881176852240614,10.044608019900306,-1.3919849137563023,1.3423274492156267,-3.3952626075024193,-3.165449131547822,-1.644591332539582,0.6407056351676848,0.09411722277670301,-0.23390291411171996,0.11968023351879106,-0.8123514786997872,-0.4629573628579931,32.05092048258282,6.906176950871464,4.533278138280501,3.146906430981628,2.9032593910942435,2.9612182802920612,2.1690970809217203,1.819547511918766,1.7538818649324162,1.4645861170425023,1.5805696237417801,1.534762050839915,1.1337174152003038,0.05519898419427239,0.12337637888725726,0.10031781328715365,1377.2373791158373,1393.805927767154,1126.5875668449198,224.83314853217777,50.182289387879194,0.9398496240601504,0.28,1,0.1863060525757172,0.08755124366183716,0.360704127845507,0.6566882124554605,0.22511974951673377,0.11030269530345353,4.0,-20.802569788419017,14.665519729621437,3.487187233719199,3.007246096557084,1.160114596046749,5.722928319500435,1
c329,-37.39977388062757,7.263957951914064,2.27391447361289,0.9670603462792602,-1.3344569909162622,-1.9195081224786037,-3.126572987137299,-0.8329644106928575,-2.2746084854048383,-0.38456694566778804,-0.9710443840608126,-0.7514078097375025,-1.3393715253214031,29.352525019431862,6.731599819225354,3.082864035283958,3.748143251540224,2.5309599028829295,2.4998946960232544,2.280698932293772,1.954726391715611,2.166170051652059,1.5799794521106243,1.287475745245565,1.530518472955893,1.357112322240368,0.02173696209248179,0.018717225349917717,0.11548774008186398,1683.0276178632605,1714.3642404982038,1282.8459656745115,188.0596086386755,34.76088435312775,0.8834586466165413,0.2525,2,0.19547281186111284,0.0987827619517038,0.4270927306217682,1.2253408254962987,0.3019278784395045,0.04164936129599007,0.5,-15.127298432863396,3.744469620138242,-6.352408495106084,5.2002585315649945,-1.9581241865408634,4.563866592447422,2
c330,-27.849666382515043,4.292685882411859,1.4801126502043662,3.5439772398214995,-0.4231504664620438,0.5974261466863747,-0.0640022264556114,0.31131749514868945,-0.21315888418655066,-0.03867367790740296,-0.6562223398162732,-0.2427655439756209,-0.6103463976962509,28.86763320548795,6.620698539112244,5.174629425906808,3.2218797113160798,2.9363380677470743,2.2875716214459825,1.9218861518886006,1.872564563202776,1.570211961743499,1.3868837665267835,1.4342820055769168,1.2429287812924494,0.9650412649062117,0.027188571850097137,0.019751382032499938,0.15877873110831237,2226.6074977634626,1861.665309401178,2065.5111564344525,220.84775822688022,92.55252704102134,0.8646616541353382,0.15,2,0.25371558891395773,0.11338600393605128,0.4942702823035149,0.8327504089061445,0.2711119714226119,0.08961966127095061,3.5,4.584089703165596,3.3245957082839404,-1.1320322782734233,5.081631773631244,-9.659947900339198,5.1431408046467535,2
c331,-33.53424102278767,14.681746945898125,0.416888376220281,1.7486740003891408,1.110575859160971,-0.8440693308019271,-0.8086421604874355,-1.2300499161132623,-0.9255269620356482,0.4299850569463838,0.005169117768103736,0.6412931264157369,-1.2857934754512796,33.091761840655565,7.998899857707472,3.724490141223647,2.920506299853027,1.8517149560613413,2.126528052927613,1.5324251776159756,1.6039541065543395,1.611497034515062,1.1302403861829635,1.1756391982676677,1.1613768147210186,1.437921246033022,0.030818057778949942,0.037187116152353566,0.0728559902392947,1081.4846626142237,1253.8267864581371,848.5383064516129,145.74389907127082,108.65846193012996,0.9022556390977443,0.14,1,0.1627911169358437,0.0759193485586977,0.3148353996560786,0.7151287919735944,0.35675301634266,0.04540294891941144,2.0,7.280433206471587,1.9989093764098043,15.176713955009598,1.6789674823717018,-4.175629035743132,2.087759030083705,1
c332,-53.60997058803366,8.980845687733993,1.9544946329946378,-0.1166593000410228,-2.444788709408496,-1.0192244205638286,-2.92102313736056,-0.17749826155830542,-2.8906700191547885,-1.5178442984899243,-0.1127994454385849,-0.27901572214025777,-1.0459690975100033,50.00709656996494,7.347034955172826,3.735445289136206,4.133102943075714,2.305279687354683,2.060703562580655,2.13973885221837,1.5354973504629772,2.2554942826299453,1.5074151248736978,1.3335744528260058,1.270607681984874,1.3475383089643203,0.02519606261482638,0.02717106491048308,0.07662448835012595,1322.7190610773753,1466.0028306121935,1002.7955271565495,197.97464946345053,23.979558795455116,0.7669172932330827,0.33,1,0.239725743975955,0.08770235467444135,0.35271134542535315,0.7177618589447078,0.30023781182722603,0.07291921360080333,3.0,-1.3772917320240163,2.4191106417390715,5.969006622945332,3.0857018247995387,5.059173374043728,7.573400061895289,1
c333,-96.14871974138883,5.771889049252063,-0.5768541545788514,-0.23908038189804204,-1.2396512729418223,-0.07927751321873927,-0.7462768888170428,-0.3219872474126968,-0.7094768715297377,-0.3753593350201495,-0.2662830991545221,-0.4650502529083178,-0.21955268727687213,56.74880808610827,8.605915346259446,2.8087386890587345,2.4612766984143875,2.3023099443194988,1.8368626087232227,1.6008380569963472,1.2141178328649018,1.1869786944874172,1.077340658308578,0.8161000263928209,1.1074658112989892,0.8855423057859164,0.007644312615165048,0.012642504599700665,0.059267750314861464,1464.7735301563334,1338.3643722311374,1521.9972067039107,195.43640498768286,27.256620306956144,0.41353383458646614,0.68,1,0.3210123579776611,0.10590897217001435,0.5335219617538611,0.6998305919752908,0.1938613903067211,0.07812217378597573,3.0,17.838963918154057,5.188996784880907,2.106613271098807,1.3946783500777642,-7.1438821876328475,1.9568776981135432,1
c334,-24.529869662449965,12.972416375611038,2.470366451325767,-1.421351845290081,-0.9954178871665292,-0.6983696678287654,-1.968989750122646,-0.48379826551804944,-1.5171244562130035,-1.440908431940024,-0.5150101045240565,-0.5388361223644743,-1.2537831013321696,11.371388915296288,9.308909703561762,4.1896955128150895,3.880913226556404,2.839741665449296,2.6031508677354616,1.9548845212029846,1.8996501683682496,1.4766520346600411,1.5886611741655696,1.4540713894206252,1.337379439491082,1.3235627241790113,0.0359364373239813,0.022678908215666767,0.12839460012594459,1474.9977259420061,1370.778948432614,1410.0283375314862,173.3289092734542,26.24476699595601,0.9849624060150376,0.11,1,0.15260783797015542,0.07373695257643692,0.3091634841827441,0.477715242209181,0.10508383514621779,0.02754643541012273,2.0,-7.612594250006582,1.738830367190806,3.8900009765603363,1.7033117962000215,0.9454460115420942,0.7422003992920067,1
c335,-41.05737880567317,15.639331754047628,2.338408054058823,3.653231231350751,-0.4428281160505745,-0.33696843785185254,-0.5488778392879183,0.30037992087770277,-0.7339532399010795,-0.11751691473010895,0.25976968497024705,-0.4418331203093586,-1.1229724179769422,16.54712667316233,7.385681548416997,3.964020793500059,3.9016809352592854,2.778017561657518,2.4992335536683967,2.087559332315704,1.6226094485765048,1.7788172253834436,1.5753069802129107,1.4622511012714376,1.5288690610855307,1.4803531258462348,0.01751464040348678,0.01723742415415771,0.06815520702141058,951.7995208292439,1186.8952351462885,702.4165617128463,171.7015277588016,108.58392111536675,0.924812030075188,0.31,2,0.08937528202148814,0.05642900149014084,0.18414947192500503,0.2860723707227107,0.11239760229442136,0.03367383398301413,4.5,-9.880765638715175,2.061478018410699,10.696444322819797,3.0819205417117854,-9.566341642528673,5.057676273898156,2
c336,-56.536411895013934,10.775781104103247,0.16835503587638115,2.070091156390042,-0.2462488970659056,-1.9441182780270752,-0.8269341405297626,0.46528215450519117,-1.1078839437127095,1.0160841316046034,-0.3046758803534777,-0.1101677769078296,-0.9355390809901603,51.67868266003065,9.728121357812778,3.832559244829049,3.02683188346667,2.3883511030683384,2.6015635216499353,2.159414775958704,1.6125378413327451,1.5815410049011138,1.6855432206135865,1.4206766179542853,1.0512825358194355,1.4699779963069326,0.01948881949590851,0.02074826756047612,0.0796205919395466,1317.2849750149771,1324.1234105127567,1043.6475409836066,151.9515299999087,121.5672322589277,0.7518796992481203,0.41,1,0.24228042724412246,0.10627354425825719,0.3862241704156577,0.9922984102810328,0.235704244447964,0.04565019704219197,2.0,6.404537791837957,4.0336952246352595,5.884225145794968,2.346289840290417,5.832266023726117,3.666805492081905,1
c337,-28.686970131759317,14.585738007142474,0.17028409797751076,1.160195813298436,-0.6771389456599552,0.1824386383478184,-0.46036173737809155,-0.1758730561862588,-0.5036218607823904,-0.08044482385766577,-0.8325506841164598,-0.6802277256581386,-1.3226643389589823,34.05768343509738,7.557960762172699,4.2856740003412215,2.864144358902279,2.469868515933797,2.5764625787561957,2.177624395911135,1.5306530022109073,1.3809288840432865,1.5039815034523323,1.4471897911098162,1.4088204313052488,1.201134310557988,0.057980100840735384,0.046344679803526606,0.07296422386649874,1064.5232799662983,1201.7798690841391,868.6436178140789,112.82845182693623,86.57951692706385,0.8759398496240601,0.19,2,0.10259807021468806,0.064008254900835,0.31076693278798107,0.6109379073071816,0.16728822859173975,0.0885524676798542,2.5,-3.57701909038117,2.4898433594303646,6.454811732054166,2.149960137668705,14.557370122174312,2.1987108172632857,2
c338,-24.954937356135147,10.815644406954327,-3.110821724433285,0.10683407537984545,-2.7542702612932994,-1.1990489776602749,-2.2503660245850474,-1.5627297043040074,-2.4055217565831137,-1.1383129635783868,-1.92707763317497,-0.6364632727395917,-2.090672601514619,11.275327860646424,5.789766693528732,4.519581794198271,2.8402507637477648,2.9557209324427864,1.7319549465385704,2.078864298149509,1.7962941756968218,1.3848591602944704,1.5511337024061713,1.395222421269965,1.1983895211719848,1.1575791151872987,0.02637588164040298,0.018954181050332537,0.11344360044080605,1470.9485484179002,1423.4018191236216,1307.698362720403,203.87215746575325,37.355076603080136,0.9849624060150376,0.15,1,0.2407155092810985,0.09504498172771796,0.46934030430451085,0.9164104208611241,0.2754460058294297,0.09097162122614547,2.0,-0.6794317062886754,5.637280923340302,4.122127372224078,4.037317713485035,2.149335964169739,3.7096432334790572,1
c339,-37.464572391726,16.85648079707478,-1.29568485361649,2.670216282552874,-1.3460270370585603,-1.5059876765928677,-2.23042010070547,-1.1388354477514802,-1.5782309492229671,-0.7487986382607548,-0.19014494796490475,0.10844221861446504,-1.5037762154282404,12.650039536336692,8.681284985662817,4.065027631609874,3.628808031108047,2.871364003614878,2.781213887498648,2.1399035072820958,1.8641039091889773,1.8605357776173512,1.675513426974187,1.2841756030878146,1.30978577670157,1.2535278787428632,0.0166553415228542,0.014799629596250127,0.08400651369647355,1104.7734417700983,1133.7236885922205,899.5985516372796,135.06181888178992,39.43799152016915,0.9586466165413534,0.31,2,0.17759886815280423,0.0805466759206573,0.33767656827743425,0.6588692663813971,0.3394732528326343,0.07200270975993107,1.5,-5.480540150307959,6.3151654184135415,4.07081829022454,5.0281573462543125,-2.979143855293006,8.322721120598159,2
c340,-50.67372530060899,16.668129162084245,-0.11701741324582582,0.9956522585466098,0.3287306253529843,-2.5571744552222797,-2.125895019336467,-1.1614276228987348,-2.4475453022553544,-0.28211570623443033,-0.40715573354857726,-0.10722082869081756,-1.7319046666530884,29.574029396229747,9.214623971532557,4.278229654766151,3.471516580364076,2.3022203444243905,2.712976427587401,1.9935245558416295,1.7969190140741578,2.144687522071066,1.8398745478461336,1.41343328285024,1.1530116888936317,1.5248804024493914,0.025224946725910722,0.043539304823355635,0.0538782076511335,861.5979680821513,1034.1095107379274,575.3758074170138,168.89295587284698,64.17994218349601,0.8345864661654135,0.305,2,0.107711738906342,0.08201633648906528,0.2708004489110546,0.6722235564985939,0.3886555837809441,0.046137468197306054,1.0,28.13509296460492,5.563476867000211,5.083360768795632,5.141522436159374,3.971711652999981,9.182285385915332,2
c341,-28.776280534119746,9.905688084317276,1.6870256455472072,1.6931731726550394,-1.9917942390173216,-0.6514716314234024,-1.4635965670334876,-1.007198345463663,-1.603204882228525,-0.9321641314362306,-1.5720638215371854,-0.6281038443690456,-1.3143319223645173,18.698934066054232,6.711941669729091,3.4966876843788484,3.5373313711768035,2.2882111003001233,2.258375488960689,1.7820920015174606,1.6664857103090345,1.723249234621387,1.367040237638204,1.209687553587374,1.0941769816409526,1.0351034634453062,0.022772931315759866,0.019098617504489802,0.11170694269521411,1493.3913179973115,1551.563572384965,1203.4468492479496,145.83629476489858,45.59995708354104,0.9436090225563909,0.16249999999999998,2,0.28073076981391126,0.11325079012526162,0.5579835801056553,1.1555300525665908,0.36182228529274874,0.07884683912147719,1.5,-13.822622439219977,12.707849088705895,5.928931769483465,4.025606574932816,-1.9265409038772783,2.793300752605048,2
c342,-9.703575436118541,11.090643077725998,-1.5539826320430647,-1.0627277659150869,-4.136248011146654,-1.3768610909650632,-0.8211501721720851,-0.43230231458667034,-1.3301837403455616,0.3064157864872613,-1.2119025176813598,-1.654378425459296,-0.8050264827904581,12.954178001997587,4.934160542435981,5.243067450683336,3.159821586915036,2.6261897376883327,2.4736164022901734,2.1793910720135585,1.6770917488671053,1.5138744396358197,1.61054827465293,1.6508187157736505,1.3488184298015096,1.0319518037152784,0.14916247931941493,0.12609679550470315,0.08440255037783376,1256.7016047293662,1378.729743532253,875.0787153652393,269.26860508411227,29.911640395215386,0.9849624060150376,0.01,1,0.1199646431547479,0.0687102929629034,0.2682114315306083,0.697431243401763,0.3033508704406427,0.0575687522689833,1.0,-5.929331505692554,1.8870623477425952,-7.617707510443851,2.0344479719404287,-11.93816047978815,3.8065326605550087,1
c343,-28.987674322482768,15.123848079877718,-0.8998594192664623,0.5745471741756902,-2.5176024429347805,-2.2999084657207485,-0.2957967775708506,0.16434413245202512,-1.0713474677018553,-0.4230146393816292,-1.659617432324164,-0.3985829202733469,-2.286900027403305,32.1248146321826,6.392835680811238,3.58224952142562,3.355542616916064,2.7583030219705833,2.472981098361957,1.859202985422379,1.4672344030940927,1.5841626292101965,1.512191039073342,1.5468880805418241,1.2700831012574345,1.4672338342637024,0.06607951342797332,0.05659455095127393,0.06418254093198993,949.2158158891997,1101.763063125575,693.6175744344412,145.6540460604687,65.31318477324845,0.8646616541353384,0.135,2,0.255669671832915,0.15909496502895026,0.6427348841403171,1.6271832615964563,0.3890144220376407,0.041554448441293024,1.0,-26.1930549124317,3.065575335738091,10.604062690711448,3.3863855915760097,6.121556911524432,1.9304241393425747,2
c344,-25.47690671364038,15.06341067872438,-0.36233465766526674,0.8418278122718297,-2.189363307396417,-1.0780250244048093,-0.41987257039641723,0.040923968339665745,0.11976961754921966,0.8671019470283293,-1.203465054152221,-1.0182466703288073,-1.1479436491266584,11.723222383702531,4.978431915060018,4.8506615899485634,3.2253344601452985,2.7944155795430974,2.848323774169552,2.1292799394397792,1.8572736965132113,1.6492926268799013,1.3743172194767532,1.8671668794655019,1.4834872081398842,1.3093384051582906,0.038796760996939364,0.052770373864532504,0.06618240318010075,1038.1201293089555,1249.3322577691865,646.646725440806,201.89426223930235,91.22846059327787,0.9323308270676691,0.11,2,0.24454499474313163,0.09678027806928532,0.3888258421777114,0.9581565548574127,0.2545781422463231,0.08026475650046783,4.0,12.769070919898176,1.6734041160006545,2.7334512132731943,2.1893618391588676,5.3200811517256,1.3915364725970334,2
c345,-31.60181424603668,16.019593521720967,-0.20051664956979312,0.8233555931132153,-1.7617268766666632,0.9698586243235363,-1.0528207093767115,-0.3265070156371487,0.28246257040475875,0.011597318420674371,-1.1759843499262137,-0.9532285333179855,-1.7481370822930675,16.647249726050575,10.910792993869213,5.3908845831977255,3.040116336596629,2.5364176114461285,2.556298622873967,1.9224719909961945,2.0810076012239977,1.6073701843716568,1.4127687204472787,1.4702586429605962,1.5631565340546598,1.4241296531724665,0.03333730263284075,0.030222604061144145,0.11426027235516373,1316.8184592382813,1207.191550449813,1307.4622166246852,142.8761860772983,61.54155683858608,0.9699248120300752,0.245,1,0.16485177128999579,0.08518176970269849,0.27912042889381755,0.6787394872727093,0.2615200362114982,0.08109431237164488,3.0,-11.843845874789757,3.175657603401219,7.236875004530726,1.6352631112420022,-1.1792702362432095,1.2568853964281737,1
c346,-15.702677565095158,16.173771124124453,1.256387054002926,2.6830538829287245,-2.079452448516169,-1.974854250535273,-1.0029333959266116,-1.28105681255303,-1.292438545481395,-0.6246581252613798,-1.5329089920497088,0.7237672196555373,-2.0023612137002442,14.456000786778217,7.375776512963712,4.1239184669811,3.3876820877321596,2.7217195502881295,2.4827125994136083,2.5464815069497697,1.849440870830102,1.7403701010010326,1.3733808255314297,1.4390185806933322,1.1876652153893685,1.4285965463793746,0.08863628390028551,0.0687322877819737,0.08355308039462635,1093.7903915990457,1221.6146495665614,885.7577665827035,124.08030891673282,49.547112664140535,0.9573934837092732,0.05333333333333334,3,0.22251497160726907,0.09319526880021328,0.38584407404716,0.9657783307321682,0.31279758045286343,0.048473894553626266,1.3333333333333333,7.919851936617751,2.823839476183014,4.318094222295322,1.9011753737663888,2.3073009402711255,2.216922458242256,3
c347,-21.72113075493784,8.171192239411067,-0.853121423960613,-0.2215760677725511,-2.404986577614705,-1.6939462174635629,-1.6334591317913372,-1.3276925778489879,-1.6202057053644128,-0.1681422339262719,-0.584063706873018,-0.9749991556178967,-0.5013772677879093,13.799089755192902,6.736401615162004,5.37667048210049,4.082085931731348,3.285459995000936,2.604829922480542,2.4449735562508943,1.8220802497353157,1.8300264214027935,1.5193390614730369,1.3214154651523267,1.3472161429839715,1.43482657484977,0.03813690590171244,0.03110723365554256,0.1361726621536524,1740.1847640415758,1586.872538142974,1530.8564231738035,234.0821185178235,41.99666960428024,0.9849624060150376,0.145,1,0.17795641133917034,0.10465895256584633,0.37387807550106783,0.6882105373637823,0.3133491272415255,0.053668191676870425,2.0,8.879884625536937,7.023679762663652,4.047927372747768,4.224148102472273,7.454029790184761,1.730112504741712,1
c348,-26.37260781495431,12.376881716912818,-2.20466654090481,-0.1621557654176297,-2.839792415661591,-0.026221148107363607,-2.8677512203938558,1.3718651170219935,-2.697754099022955,-0.4288774204216719,-1.25713193868811,-0.7185822135556889,-0.9235486383657783,18.668253862212662,5.532464818975492,3.9623479408777413,2.88747547573565,2.7870239661701426,2.0682095543053287,1.852927831895858,1.9250951635202178,1.924739650010341,1.2498315349888378,1.5733570312929996,1.2415590547016337,1.184025910439203,0.024134790461502898,0.016812876718896152,0.10229717674223342,1396.5468927865065,1422.5179919939067,1131.8744752308985,169.41109842364793,30.68877433461388,0.9298245614035087,0.22666666666666666,3,0.1431398886088854,0.07265231258653614,0.3391041357389712,0.5120727018709298,0.17703921406819925,0.06435389876905878,4.333333333333333,-12.65884705062672,3.464981239905556,8.883923589949516,3.818515038159944,-4.135275880694818,2.546183971725323,3
c349,-34.817381364963296,7.250600671715063,-0.6003879070156884,0.5054777241450742,-3.3664155765538912,-2.1194024249953456,-2.0890858601150653,-0.6553419169176782,-1.6278487052282662,-0.32928928496411625,-0.7978963704919246,-0.775314396161124,-0.8575843176749598,25.656663405900073,7.041953229513679,4.175280311325874,3.2988287203743902,2.8123300899750125,2.8391170234636,1.9901492219758126,1.9161266934470547,1.9212752893298737,1.6251666965533147,1.4722536480989574,1.2439186418836536,1.122339155458496,0.01839548648110919,0.01721100868806205,0.13826353904282115,1789.2685861294576,1601.9623151566361,1561.0296774816807,171.38420318753262,38.80474024849765,0.9135338345864661,0.295,2,0.25950092480592957,0.11873732651790991,0.4991097292183435,1.2704498405714633,0.3076769622412835,0.07185672669537038,4.5,-3.6778153346647233,9.178760608446918,-2.254649110932122,3.7832995018603714,-1.8343958459995648,3.850385548562533,2
c350,-22.881485811786142,10.914357362232515,5.592876055183611,1.633075764440016,-0.7265293640394189,2.1623639099908716,-3.5530850360478103,0.627497295381173,-0.20271476134035446,0.1086982020043413,-0.6684673849323131,0.35760332462218664,-1.5546972060296125,11.900724645958253,7.674209930411457,2.990721036385901,2.667391981882783,2.060482575208402,2.0027974855746473,2.445546263404274,1.5684636132789438,1.5134161563430308,1.3606297529263855,1.2017968815991473,1.2602619909675945,1.2860825124798327,0.037197756954122974,0.02849731936405122,0.11349033768891686,1498.271719708127,1621.0931172431312,1242.089105793451,153.82464284610796,97.39774074619586,0.9774436090225563,0.0825,2,0.21144431543344888,0.07269972627142109,0.29433698355806637,0.6346168245855912,0.2742494123747058,0.07592929671146145,4.0,18.535063783994445,1.490246757726027,8.68638770943435,1.0369094309424338,-0.16577754101468178,0.6843164969078239,2
c351,-43.765018157496435,6.985484478822943,-2.317606496431087,0.09653853531392248,-2.523111435011199,1.1508087017414992,-0.784316049961875,-0.20830713055016695,-0.6139485864376173,-0.392463237272367,-0.7015123901339888,-0.3236297074838493,-0.4577742784584167,49.07394097109119,6.744584770759163,5.145291266276977,3.3739105767699664,3.5047940977023293,2.752090878197159,2.055113678652913,1.7478339899163091,1.4499642911611161,1.3346504700572268,1.2006391845561963,1.1395090795629197,1.099523428799444,0.02059049771047371,0.02115568602202145,0.12604297858942065,1781.717379385006,1534.370137971304,1735.2272727272727,165.88034215743866,118.96227499520639,0.8120300751879699,0.305,1,0.21644498065409276,0.12016592035462068,0.45372311104223007,0.9114733876658793,0.27306183071428825,0.07057314072805124,1.0,-21.67263076200019,4.685677561551023,11.310167274888856,2.0358471745618774,-7.7643010022725925,1.6519384605047673,1
c352,-36.43050574433254,17.62986470343089,2.1138467170168878,3.0503293913084657,-0.027263928667177546,1.4995853834051074,-1.0976199926618382,-0.460870825585715,0.2562551937499087,-0.06109587305230735,-0.4550469919384287,0.4167468096269292,-1.0597268920013707,10.916956935823372,6.224815089485662,5.190897700393913,3.4149494160305243,2.2841848984998188,2.341152234929823,2.143637638005142,1.9216607399288592,2.019425136283867,1.7448029499834388,1.70979312913369,1.2996776885474095,1.7398673477300295,0.058438163825174756,0.11173060722695384,0.04899047544080604,723.276931805228,997.4560231235081,511.4137279596977,213.4916887670247,135.70550409175777,0.9849624060150376,0.15,1,0.23295434041592503,0.06755458561810304,0.28234920693576215,0.45851531248222305,0.2373622216170448,0.08850707075375416,4.0,14.360969401550713,7.778521480118607,6.857069585814102,2.243332970233033,-0.49610840681964197,1.2956688883624885,1
c353,-55.14880924999325,10.817593678678989,2.986217461282543,1.7207261149813369,-1.9697665716419805,-1.3302250654916177,-1.0530417500933371,-0.911888714367233,-1.6762235371066836,0.6162167083954831,-0.09117602144958167,-0.7335465143805328,-1.0720489161372808,50.982691376638904,7.820620871700189,2.915055948994784,2.664828850063802,2.691880703592056,1.799385215515415,1.8281169935611294,1.4497607204167526,1.603134373729665,1.388887208072489,1.2490474578710449,0.985155602518697,1.1777340438911625,0.02305294811912349,0.027509403867745835,0.05830840680100756,1082.4337099366269,1386.5361218534676,728.4902597402597,126.72260172084589,100.48459026326798,0.7293233082706767,0.36,1,0.21218481257988625,0.07635761525596864,0.3956763448491424,0.6533739194798776,0.360529807464564,0.06983863928835844,3.0,-19.794547160112817,3.71287431113854,-2.6403844476419005,1.4479105714480085,-1.910606413726848,1.4643546863288786,1
c354,-29.399056508404954,17.409882987390386,2.156465145905215,1.249068379598666,-2.0778485577693817,-0.251690864239363,-2.4100667177979282,-0.1541106634793808,-0.43872127403532,0.9057017034836694,-0.7595018560854772,-1.1383496858441744,-1.4074588460742272,12.067828789058085,4.9637359714143665,3.5634248679641347,3.0328971555545152,2.6305183718401484,2.103578644048553,2.0518245045033403,1.6188313755080492,1.5419396607851834,1.4177373898134606,1.3281883788206108,1.3784823547566614,1.286168063664257,0.04454605177151351,0.07886515932683627,0.05695351857682619,842.0580749819222,1113.2463000196396,576.7002518891688,139.34706604131316,100.90350538746051,0.9037593984962407,0.13,5,0.12822977922706694,0.08493139937448954,0.31730670746033074,0.7469409287590907,0.20456735937055498,0.03948458781261286,2.2,12.232655525650127,1.9740716876596747,-9.924781611237156,1.7915718993579994,-2.5425052118065734,2.418855425435782,5
c355,-23.828371426009088,15.848963458231065,-2.499904154810702,2.510216182497248,-2.888057506595155,-3.4453030711484525,-1.8079576957011803,-1.399235376161393,-1.6387258993852298,-0.262862062089501,-1.6781463354941384,-1.63671684932139,-0.857044046266798,9.467791299917153,6.924213932001397,5.087320354893454,3.5585364845703342,2.2379703888302718,2.8565167805387075,2.272232814223826,1.5889520243535944,1.917600577123566,1.5816850077052167,1.4563887058557317,1.3348707986496127,1.2392704570528355,0.03888685300118638,0.030113112436472467,0.09393694899244333,1175.142108691601,1143.6650295759994,986.2248110831234,153.37328192495755,62.01806752994686,0.9849624060150376,0.06,1,0.2315794935269574,0.09638606097315298,0.46845730547837927,1.0038183092214734,0.28478769447544705,0.05385162924082873,4.0,-10.899001744883687,1.9504895428975104,-8.508807013681515,7.559092735103075,-0.736046904635416,7.5229337789302555,1
c356,-46.44552752717913,4.1919412834922385,1.483775903066437,0.8129512286921109,-2.5527201534959705,-0.6496536494411953,-1.2231357497929398,0.31936717457775404,-0.28362429030661446,0.3636109061735202,-0.2507862604468987,-0.3422804498281479,-1.2168469865400784,44.90698579358585,6.228058575888551,3.970319249467841,2.8314695035103368,2.822069994487859,2.260607421131277,1.8136257199999515,1.2883820288480554,1.5383510455706515,1.0844462092766922,1.2405856388735643,1.1499587972143555,1.2945659453846692,0.045695605247405166,0.041713883294813875,0.13106108312342568,2158.4780587743608,1793.9206542406591,1976.9224874421548,189.9311068278206,83.78832130922443,0.706766917293233,0.29250000000000004,2,0.1536455492722239,0.08958532542720635,0.30134903561898563,0.729446762797542,0.2902811096967537,0.11134502176371303,2.5,-13.331562642922105,4.338395300360867,-3.734905341050343,3.1873426098590465,7.029197820997746,11.485478645326749,2
c357,-45.836014598448,5.509642467073154,2.75982220253443,1.7297340058392028,1.5465844776689879,-0.9522928004587321,0.8473393546189998,-1.4724895570500165,-0.5210004993749262,-0.12823931615103312,-0.6291807130305499,-0.022208374648789025,-1.1692673155225453,25.243802638707695,6.0730424200142705,4.31523372904877,2.7143758502354056,1.9588087232800386,2.681012936089638,1.7493949273350975,1.9683127893197103,1.5219088700632388,1.422587821315916,1.3771316254430523,1.264479958413409,1.2461044564634822,0.012175430535701503,0.009554334909397591,0.13071834330394627,2031.7059924003981,1981.012011824844,1609.1882603569322,204.88686029977816,90.49183994110227,0.7318295739348372,0.3333333333333333,3,0.18957188816496282,0.11475081493313521,0.4770834735858556,0.9918605838672802,0.17777792897855085,0.05459434400041354,4.0,-1.2333040288536188,6.5673153066447485,-7.976216209275154,2.6986898045870906,4.444161012007293,3.808398798877114,3
c358,-17.764911886078153,6.455729726169703,-3.0899494430983045,-0.31804399887219065,-3.254144172368358,-1.634676656549204,-2.466442878961251,-2.02966463968944,-2.357581378055955,0.18951803987574822,0.8192076717225715,-0.35421029449369595,0.37722039402258994,12.278899812413906,5.508105178141593,5.586201962288719,3.1051207872857214,2.4505181494016988,2.7171653971770744,2.2755110844218325,2.0960132661977497,1.8690243756383291,1.7159674253278048,1.8435768782131277,2.0267243880192334,2.1025168994733643,0.0862916368966104,0.09775041047492457,0.12256966309823678,1587.5439587394221,1486.990841212733,1352.7235516372796,331.7554077448078,40.13932603643573,0.9774436090225563,0.065,1,0.2418631464430989,0.08576396713332358,0.3843895189757921,0.6997199072524727,0.28295338738985487,0.08344522391950193,2.0,13.834089340976822,5.44193466408185,-0.9518033555912128,2.608912486148712,-0.23890217772520958,4.481760566533429,1
c359,-25.616776993231642,8.131785597039462,1.2559410598841454,0.8511314167769287,-1.3421348328189135,-0.7082852530537552,-1.2572663981586623,-0.8772048304186887,-0.2210292962409358,0.22495608910948503,-0.8672066397153181,-0.4798170854776674,-0.49677822869877286,42.470110153534655,7.251704981179381,5.157921089430562,2.943212495013994,2.2030018695959783,2.142906345622204,2.127311620252215,1.6071975853597578,1.370921392898219,1.1800357566727253,1.2660073171437525,1.33681262830297,1.0973258211292505,0.06348666411823548,0.04804726471811104,0.11030482525188917,1642.0373094094055,1607.852041240443,1357.242339832869,240.7696512016454,65.39291999508177,0.8646616541353384,0.135,1,0.11789746100485554,0.07745155289764498,0.31679171759408936,0.5871183978954198,0.22229449587060346,0.12041250623940196,2.0,-17.41381721185743,5.754466517292528,19.005210605057215,1.9183937821060326,-2.2998715359871706,4.207618873369117,1
c360,-38.78494046300158,12.383687985271337,0.8235972792771624,1.4297541530881968,1.0265262709547076,-0.0015801946898608143,-1.5634242579572706,-0.4750248473570797,-1.6400201724269958,0.6956535741891152,-1.2248683216117175,-0.8649802778862472,-1.4993452070709492,14.710686670553208,7.934583290219337,4.1028316002248415,3.4535017234321805,2.2982435168485806,2.34967490199196,2.0875159406798427,1.9928023098757395,1.7436297781580672,1.819748041144725,1.4043706271567247,1.3268682953036532,1.3972813937248405,0.011749865283949956,0.01180393578143826,0.11173400110201512,1332.9363127594163,1375.0395021130867,1193.0618882122246,147.08591157954538,96.169635280671,0.924812030075188,0.40875,4,0.2271081305417452,0.1137838317240968,0.4346565384247225,0.991330297279791,0.3053601017538753,0.05959749715765701,3.25,-11.73396366039815,4.930641852643597,-8.193388362372215,2.5801335965843553,-0.6402703113350661,4.682727408433637,4
c361,-26.25035242603009,14.893383173573367,-2.195718777524206,4.058351617139524,-1.1490308974135002,-1.1187104111459043,-0.926542529318238,-1.6317051334901227,-0.46247037352916304,-1.7539536958755368,-0.47131890467758064,-1.2214868042458817,-1.3882402112886105,13.552681815600819,6.460606147389743,5.424546785637693,3.1841353667574475,2.607491542033626,2.4464576717226665,1.9072045541056872,2.0311597054079042,2.1755165148706266,1.8022727870766984,1.4220154559223375,1.541124775079921,1.2842671359381792,0.029057389289840106,0.018096478558856446,0.08009288413098237,1148.2942575044974,1243.7605228072384,846.426322418136,166.22969547841225,64.9075417105706,0.9473684210526315,0.12,1,0.22378280701420256,0.10677516592915565,0.4039915495159096,0.7744775863091814,0.34075618255671175,0.10272446727597687,3.0,-11.76184441035657,2.191319234823072,-2.9376599156406966,2.239834541871256,3.3971942940372433,1.6890863547842847,1
c362,-57.589708734754254,9.678301244740394,-1.2586972887356171,0.6614003029714295,-1.6950180119919216,-0.699172216170548,-1.161182089333302,-0.33432280123226854,-1.0735107847687673,-0.812039560950269,-0.29938790263288106,-0.824403657552308,-1.1601647433914528,52.39345657240951,7.326072646873785,3.5993728221212566,3.2167117304213253,2.4474698542460596,1.9121646794132485,1.8514838020038833,1.4469721593536122,1.3030416660346005,1.1590652851128425,1.202743508982514,1.2233895497336067,1.3546380206756827,0.020807836327222013,0.021731389488763846,0.06251475913098237,1186.675632435159,1318.5798711284808,862.0833333333334,212.3265904478228,37.07780021662877,0.7293233082706767,0.405,1,0.23202027693149924,0.06822873938123855,0.2694240497769781,0.5507988091234517,0.3175029624485776,0.03401828414337696,1.0,4.850305193280503,1.458878055811596,3.899772065839642,2.7025042175207497,-5.0659820169656875,1.3616524433679091,1
c363,-46.9665231513201,9.04194978024992,1.1068864461349976,2.1525085153631305,-0.4184871491045561,0.7757013390701214,-2.3878201346784285,0.5671298120242866,-0.687639866298264,-0.5993942224530212,0.29418495726366817,0.052380223623544275,-1.0040625096868958,27.72446908083379,7.700824451682268,3.290746302246202,3.036451051484873,2.100855322452355,2.3127635243824893,2.4371010136564752,1.7380480578747608,1.8646076864827776,1.5199059905750676,1.072016747071722,1.1042632982438398,1.2614676247403926,0.018500028802325215,0.023286810836909557,0.1052785212006717,1455.0271638705462,1485.6117830063974,1251.8287980830808,156.38365262972673,105.52191602147133,0.7944862155388471,0.37833333333333335,3,0.054237114731298185,0.04337395946176842,0.17570425141576618,0.3207690801067194,0.1509454365291277,0.07876799142583467,3.3333333333333335,-7.717309521811674,16.517779688663122,11.249801426716893,3.2950223298714634,4.035357993812073,5.095735912807367,3
c364,-28.061147757294485,12.267155848262975,-6.391728478145566,1.764539862488845,-4.064392414095941,-1.213359373613623,-2.0920261282033916,-0.6567374596664043,0.19291706257064978,-1.7765390849321523,0.19155754244800946,-0.9909820128480888,-1.0333695358671298,12.230158810606707,7.584336655168624,5.11111920829812,3.929543489030373,3.4825653498866105,2.25830016420598,2.033279655384817,1.5039754584566156,1.610866100769457,1.8121935064871455,1.5325524704965812,1.5227283828811509,1.488026069686337,0.01795553303042933,0.013481478882464456,0.14423606738035263,1642.3509925512153,1333.3648246123869,1825.0157430730478,160.42442925307253,27.08978540159145,0.9849624060150376,0.28,1,0.15448686208537926,0.08145921567737481,0.3442049734583761,0.679205358742303,0.33669878948624976,0.09553810619139237,2.0,15.234785296465144,4.30579344953679,8.122119250810444,4.267720111736302,-4.765742861192797,2.3925457660285026,1
c365,-30.606817909517147,9.483568613012267,-0.5875966041668493,0.7846948141594312,-2.628983446509466,-0.8187430584841446,-0.6108138333384762,0.18909483266328694,-0.5544719997323473,0.12086308892944447,-1.0996684832384036,-0.758770839052873,-0.5505714921987688,37.67726605561286,6.117900388042519,3.9132973736886347,2.5211964095990154,2.2888690274055055,2.6192231259616463,1.860925564625873,1.5665220288806858,1.5184695082600115,1.2037420770535918,1.4057257154901477,1.2750459559538783,1.0999199112686207,0.11142913680733141,0.11667084914870068,0.07816435768261965,1298.8481670554233,1399.7331824678286,948.4505292400586,254.06337459829723,54.29864620392701,0.7969924812030076,0.1875,2,0.2580985201989694,0.08425238542531903,0.457870660987434,0.7288382371663789,0.3019058151798907,0.08722797108000788,2.0,-1.8994876955439743,2.839108048484543,-5.012620615203895,3.9913674666136227,-0.24428247833507782,4.514659921015283,2
c366,-31.175489578207127,9.676488597652067,0.676069915603023,1.9491799107106107,-0.7250941989755293,-1.9902049048127348,-1.954298180259673,-1.1916796448670675,-0.6886207619944433,0.26243781488811063,-0.47813421841598014,-0.7997441468809406,-1.4737348136157544,25.874911654569793,5.954369366993825,2.9888567903713184,2.751452462802332,1.6899818814080403,2.1951539767086317,1.6259719170691844,1.4259613198573722,1.5442767382638847,1.4809519950308863,1.1138165847713355,1.157474691558121,1.247722891142756,0.02159079704289167,0.018974833869200264,0.10132389404911839,1495.7674762310446,1594.4262820206773,1106.1702081853214,142.5662382040548,94.65188712887598,0.9248120300751879,0.2175,2,0.21468412997009823,0.09665450919189467,0.3814971301852746,0.9440558702981913,0.320086242183908,0.04719670000315232,1.5,-18.79258543201018,6.3445460818708845,-20.380905412037514,6.686842692399354,10.642063535937005,3.4083840600200004,2
c367,-30.40179287735623,15.730714803469557,1.734899288725905,-2.721223100925424,-2.0243534004831867,-3.0290458187482,-0.38711991758586034,-1.037705915963765,-1.515909775455446,-0.7135079306765839,-1.8654361043411989,-0.1822542317189441,-0.9441291789373766,15.165663347116446,10.13559358061881,4.916457924696555,3.728276741533092,2.390501532365691,3.145882427183249,2.192825088140437,2.116148594720537,1.9361423344147157,1.5669231619724802,1.6970341611193884,1.3967779286335844,1.238294862923563,0.03544367475827594,0.031263263172636835,0.1151113822418136,1252.5052590384914,1194.1473040157887,1254.6442065491183,195.6452878383367,42.68264293651639,0.9849624060150376,0.155,1,0.21397313380840757,0.11395792749770772,0.4418167472698433,0.9765471701737501,0.31991073609667464,0.06834845700740495,2.0,-14.589546294991955,2.0525856517093812,2.5963293809217816,5.590149956835846,-8.04606979732553,1.282133818987865,1
c368,-18.18908311855913,13.356731124939076,3.031111936601432,-0.8319258930473751,-0.4148554527945074,-1.6810098092582424,-2.231563211685997,0.9922219464170671,-1.0959109782998715,0.6834145436456572,-0.7843911370861326,-0.5989910053431732,-2.3236651469056633,10.76490499836114,6.25401523398033,3.393865865990314,3.431219112278011,2.122484514133306,2.4499673217419065,1.748715620866661,1.4025808338998569,1.6516618364345133,1.3800472468149332,1.1580388768065484,1.3952016476743905,1.3448900990627681,0.04880930499132737,0.041680739354380575,0.0980711455709488,1287.2908371587093,1479.3292586062914,1024.2443324937028,152.78521100351443,85.22540420961379,0.9498746867167919,0.04,3,0.25667896666854545,0.11977502570338154,0.4142208162173364,0.9760222453718912,0.26240664816546855,0.07908783589971534,2.3333333333333335,11.619077197879603,3.420035522542873,-4.953947664911889,1.308831331230109,-6.847115419439965,1.6499470083534404,3
c369,-30.020582852716576,18.471353768424233,-0.912568305182809,-0.3757406566427895,-1.8779030443248972,-2.129426601149832,-3.506507787198287,0.09248200942997112,-0.19242455850005288,-0.4071401199392773,-0.41906869221809334,-0.6420648405056912,-1.1907870582537496,11.134590935533144,9.05819092868452,4.063825403573036,3.156849313170178,2.7736992341428173,2.927454909856374,2.5376026969401577,2.0113448691400855,1.9952956112421734,1.4312704014405053,1.205536116318465,1.0479999096089847,1.1754487063702423,0.028756920997915415,0.024354403483075562,0.10632969930730479,1127.7238365959297,1061.4393836528234,1174.669395465995,120.23812843925111,70.00404143043934,0.9849624060150376,0.18,1,0.2166889503958308,0.06619693113215211,0.2832407101383772,0.6786174287799257,0.2212224859341623,0.05303761853728235,2.0,10.995351414169646,10.308606667937168,9.768683792856468,2.3267503309447615,1.7376520532480857,5.122474638118033,1
c370,-32.05478572078134,10.299111590845314,-0.26699681305273304,2.0262632643887573,-0.4741302073757676,-2.8520902236446846,-0.2514606554828685,-0.07712132054992428,-2.0177046240315404,0.4873601909674789,-0.9398894265936417,-0.30711795023066496,-0.9952422125451994,38.754526875415856,7.723355439172737,3.802514049996955,3.308311389610041,2.6420407258074086,3.4079549750785296,2.1846073147979643,1.3988818785270363,2.1434890051060678,1.4817388718959625,1.529446995125584,1.3867246006079648,1.3478541078858766,0.03976546666902409,0.03718714984842832,0.11183485516372796,1472.416666075408,1437.8100159883606,1298.2876712328766,139.1850746212079,54.74266594102183,0.8872180451127819,0.25,1,0.08539270452228648,0.06890256963598,0.22897474442453564,0.5989234250262273,0.2729600058492667,0.045073278716544055,2.0,-15.975168783456363,7.122476020769287,-1.3043452176593269,5.976245011074096,15.04959291664195,8.675942653436021,1
c371,-64.6449905135531,8.403853055318542,0.2891091859420558,1.0267781979457151,-1.5394135973314151,-2.0792796170453873,-1.4946763365970384,-1.1336080885086472,-1.5950978546040888,-0.3872938088474038,-1.4817935123217139,-0.42131393131137646,-0.7494558067572357,52.43790084905557,8.019464912425596,3.746948259340593,3.637826175249434,2.1815584856314834,2.567316329686569,1.7334759211157373,1.5057447353058855,1.6668704155395142,1.370011468890712,1.6295175812060465,1.3008824507844448,1.2003107913697983,0.01718990578687795,0.024410569059980947,0.07847429943324936,1383.3254185054789,1434.6121334326763,1068.6634948096885,160.30255108303223,53.76116375330563,0.7142857142857143,0.49,1,0.1093738364910604,0.10450230543834627,0.3850303239700039,0.5984653651824197,0.259605105187801,0.10416883191638165,5.0,-19.03550215681179,8.437445479674352,16.817026366646527,2.3944808956295196,-2.3480560800150534,2.140030767798725,1
c372,-40.2468464439221,11.27238105389045,0.7963452692991515,2.6402346831917183,-0.5500203533575386,0.21253871275429406,-1.0376971915283137,-0.6655423753600581,-0.32001653266457475,0.15682335616375226,-0.2577853577207725,-0.15583832698681008,-1.102521377965592,28.157914934308916,6.463821838557738,3.7973077780940336,3.1527240084250536,2.223811195567847,1.9994676040511952,2.3372576590493463,1.4453674788123319,1.287905637687283,1.392948485136089,1.142948874621985,1.2350335400056993,1.1579406840298303,0.027346425879897635,0.018690374375360762,0.06940563339630562,1264.8456573701712,1397.9509039713157,996.649079545187,95.61167063507848,57.25650182462298,0.8270676691729323,0.24500000000000002,3,0.19337547098061056,0.10659993295311028,0.4453098981059731,0.9466278876963283,0.3945235602996729,0.08336964565186578,2.0,-15.579038001032524,11.822383163229743,3.013572921959169,3.9996598017790848,5.169983399463565,2.119207498793856,3
c373,-19.447135087675665,10.659183331868903,-0.3176465476684306,-1.735564014205484,-3.8627700631381843,-2.3983648977127965,-2.20048994213768,-0.05585229765784794,-1.4105143694563604,0.33403207591471246,-1.972701907639496,-0.5715130364347084,-1.306934801580795,13.014592461645746,5.88072219661317,4.24454919441092,3.76974172204975,2.812378264174217,2.6148981041432293,1.9379783094582097,1.6310872519217907,1.7981234616944664,1.5160125947875833,1.6623174327755317,1.1320253025301221,1.1737945748539145,0.04322512488978351,0.03813728837568522,0.1087157588161209,1438.7840186945991,1487.2201037369546,1148.0636020151132,194.7824635119206,65.64577284515747,0.9849624060150376,0.155,1,0.2182818911316357,0.10112511179093447,0.43355618979266497,0.9020657920012429,0.1675929893151772,0.09639312181332148,3.0,9.916131396045644,13.249910590522498,7.3488254395049895,5.6351846789554525,14.591931641173815,7.397392250532178,1
c374,-40.467843574163325,9.019503182161362,1.3117446272747153,1.2441860150257502,-2.453010251689139,-1.7496500109436472,-3.2490971492637364,-2.243308801688603,-0.9729900800461306,0.45380730955133836,-0.034537732124850555,-0.09957659364332991,-2.1159905966522343,24.32457224870482,8.58621148225752,3.3201771472552735,2.673199025218637,2.0093937746060084,2.123116735239296,2.008603797100426,1.6223562723796445,1.6086280490532403,1.5918540237513246,1.1874550666013233,1.2274267489451605,1.4494076157983462,0.026874056541313324,0.02681342738951132,0.11862602329974811,1551.8005445701697,1431.010071999796,1437.993448672058,148.08641142687333,62.691101759145525,0.8345864661654134,0.256,5,0.06899405708291789,0.054023593741874286,0.19724236838526119,0.33240223657052576,0.20666367918575618,0.05502217343660507,3.2,10.06868845835071,0.9953107156927388,-1.3596916815714066,1.389735796759799,9.608822896250151,0.8957952476425233,5
c375,-32.03937040135034,9.583778531880006,-0.10014634868083466,1.3942599123510402,-2.744009448576382,-1.0003717889335377,-2.164462935944617,-0.7998017522907029,-0.9408687867339754,-0.6756523434403197,-0.10086032807553454,-1.390989417313713,-0.4308661900328949,23.53135108644335,8.567030365624493,4.22501806309274,3.611846974374623,2.47560616311368,2.3533952034978936,2.0548965720669723,1.8049435498526956,1.709449235984913,1.5456111105997028,1.4071014376657132,1.7210887948549045,1.2300979738058195,0.02764077774983918,0.01946969410174355,0.12756316908060453,1597.7642421767948,1456.8579346251456,1437.4516879239802,182.2406565196757,32.99573456237416,0.9197994987468672,0.18333333333333335,3,0.1355285517498472,0.08520145077118475,0.30619112459846914,0.6992974126095238,0.29229844318795545,0.06511488323977739,1.6666666666666667,10.536158000446193,3.1570576432692925,14.787552507642664,1.2895987983619361,11.799854613345268,1.7651037452689227,3
c376,-31.260017979926744,7.706343272065371,0.7479993095727427,3.6837112439105213,-3.493290735853354,-0.8393892203767686,-2.6246230088580775,-0.793967709369941,-0.2016735998678093,-1.2158157910334135,0.3534440366024228,-0.7506279406732304,-1.568571957081288,42.2851566832124,8.03786515408161,4.397861188620161,3.5906153864022383,2.422826304654348,2.312376263211316,2.0727216252854457,2.047906306250376,1.7631347905127748,2.459606903209566,1.234942744319304,1.560187107706732,1.522883346120907,0.051078070905690706,0.05234903460571812,0.14764050692695213,1878.596528911032,1599.7775835288637,1689.1493055555557,142.26836197979586,41.08787251881446,0.8345864661654135,0.245,1,0.21228941540993204,0.08680396909681554,0.3544602289479166,0.627737086642529,0.21049518559726405,0.12105920936317169,2.0,-8.369455230257783,9.682327767704326,6.60391045159402,4.59951632062585,5.721890358046241,3.6219152595161814,1
c377,-30.355086524128513,12.078866800177655,1.8374321743599882,2.9789944735212686,-1.0226883609330266,-0.46742270528027596,-1.873699280360622,-0.013785777074431311,-0.11012424353573341,-0.3268538870003014,-0.3918890435421997,-0.5104007819660421,-1.9120027967036988,29.142473209398837,8.861192504145574,3.8577781641356594,3.0281950772617177,1.7766074153133697,2.175829036069278,1.868142973516128,1.7478882805580906,1.59583370166406,1.596355721675503,1.216187471329312,1.352303800425391,1.400513876181184,0.03159798896631924,0.025207150440272764,0.10498661838790932,1388.883496760995,1391.668278343165,1165.3883812010445,120.9495873861553,79.81796691908123,0.9323308270676691,0.21,1,0.04508202316160214,0.05651289434761984,0.26027368646651045,0.3639660970199878,0.34824157798420446,0.1342496793838591,1.0,36.45269397270546,4.217972774154591,5.92440004984913,2.743916875884137,5.537692490724996,5.576342445914167,1
c378,-35.37052219172739,11.74317771782087,-1.5367723515299974,0.6926077442543385,-3.718779124587501,-1.3907889264679547,-1.1729960199925007,-1.0472982592835827,-1.4813113459498695,-0.39586204676076914,-0.8776872549449353,-0.7480794220207372,-1.190569573575403,13.27288697769516,7.155683014872854,4.757281076035132,3.5101340235499783,2.6640530945334113,2.7050693906419574,2.16569489717197,1.7073934478962516,1.5532355029299574,1.5169477015150317,1.5531388801923363,1.6687876261025638,1.500375198636835,0.016976458147852102,0.017062195789436827,0.11660205447103274,1418.8224935639894,1342.6144879287838,1296.087062601546,244.3848064157825,62.84724570415096,0.9398496240601504,0.32,6,0.24903851096604226,0.07623724681352306,0.3576366979283443,0.6579047231675871,0.22220369135848886,0.1131230227798644,3.6666666666666665,-5.422411423301409,7.07831648732418,2.0035761345981,5.109925015271835,6.494308836480578,5.281545646429845,6
c379,-20.323943673472645,15.397547769214711,1.8236269665853944,3.818422434650353,-1.0721898165943649,-1.6075094774020764,-2.198086217756267,-1.4075687799294707,-0.852735236225121,-0.5879659198136191,-0.9615425652521329,-0.941166456385737,-1.656330612577344,10.935796460373396,7.883649458072151,3.1818021266018124,2.5187781149672377,1.7964384745728443,2.5465678186216723,1.6333659824568862,1.6214586615800068,1.4135594404251186,1.390182632244213,1.173735515641256,1.2383105453820347,1.2424973236759678,0.06234555302500469,0.04790325865398584,0.08129821316120907,1045.0633818866868,1176.2495019519276,864.6882871536524,145.01636172699955,61.408634163689435,0.9924812030075187,0.08,1,0.057593083523766894,0.032198302307979966,0.12576924088399483,0.34157034940443765,0.25732893695878234,0.07229809793707304,4.0,29.374971490743224,2.491130101556331,3.353342009531311,1.7896238461957525,-8.589429862296534,0.7189486639193438,1
c380,-31.02031408088361,17.328799122382822,-0.3771161913792841,2.683836352110406,-0.7635185356671192,-1.5945253040334124,0.27726154334727104,-0.6572088963567511,-0.9398645065643959,0.6191590740447838,-0.25474914477658483,-0.7625689452832604,-1.334844566976344,28.3454395977474,8.02254298688902,5.2533286788909,2.8652132921305213,2.999403935906138,2.6994678794932145,2.626515475892408,1.889897482467513,2.017519950190689,1.7730710841467812,1.5033918411587637,1.374203916861642,1.4449421545898755,0.06579576542021376,0.13967519904343995,0.06397591309823678,948.4983365423599,1077.68872501508,729.357049608355,155.5683072132729,115.7341306736478,0.9473684210526315,0.115,1,0.2049613235839394,0.1170325432830029,0.45484951324456696,1.1597912416673137,0.26453010735422816,0.06815722787462655,5.0,4.824299872338761,3.5968744816226117,-0.17836311993196907,2.803005974023584,5.633091054528398,1.7389413310208097,1
c381,-32.451138741086005,16.53833261789603,-4.204134194459157,-1.0935218316729989,-2.909502413358868,-1.6025573667152653,-2.2773488952343834,-1.2351345761065977,-0.26110567909316795,-0.9214785748030985,-0.3593700394837148,-1.5999829270696941,-0.629185760087163,9.48448065891442,7.6281452981794216,5.5419200707023215,4.297479118460865,2.581806562256415,2.7306114100762793,2.495520030105162,2.002457678354648,2.0808701488545776,1.9173176194582506,1.57344222168277,1.7335344645752693,1.608141818100712,0.029884034402127616,0.029511950611062175,0.09198382399244333,1131.2097970790692,1108.1816941658612,1007.7141057934509,219.8687392148424,52.24048457021502,0.9849624060150376,0.235,1,0.2944608173528712,0.10230389363226948,0.4843909022877474,1.0879063532978352,0.23895599596229716,0.1086729609302618,5.0,-17.331961553552855,4.573170087541802,-3.2339512135821553,5.67800422488925,7.114202268766198,3.130582984975966,1
c382,-48.70310831731039,14.26339835301303,-6.574214705501574,4.2742515410560715,-0.9521100434132783,-3.4812302639586066,-0.1533224676085258,-2.2330080431685246,-0.7375291842783953,-0.6545201842076306,-1.1279822844374885,0.01111362420732502,-0.9778610007181459,29.858383466932963,7.906717840082692,5.849413151924006,4.079588614485202,2.3571540975012777,2.3668721907326464,2.2614155821423187,1.915741113699203,1.525828887001373,1.4445348393616584,1.3349427152128301,1.520458024104626,1.3255736429508285,0.02645057898427174,0.05571343226999866,0.10360171993073047,1338.05038821094,1108.6506922120625,1423.1450939839897,158.5319238985612,86.44834041654514,0.8120300751879699,0.3375,2,0.12294604042530358,0.11379904994280643,0.4047468766655632,0.9252118144674388,0.2791169495641398,0.04598120494188015,1.5,1.1657459217838428,1.9035966591877767,7.158322271841833,4.62783838235309,3.500639652178542,3.0807471736955763,2
c383,-28.8703881449851,10.372148848768774,-0.27515439225823607,0.48578275463287923,-2.2769550341299656,-0.7557623659388195,-1.9582109540066235,-0.87800033385312,-1.6765856768170913,-0.5364363163931157,-0.3344488122116511,-1.084839991575793,-1.5140226858746428,17.342421076374155,6.687379373538817,3.931608834748637,3.110141316873479,2.693466062400826,2.7209500497436347,2.0878122059658826,1.829330053411117,1.802350156669122,1.407350460498624,1.2941608021562134,1.4796116127455825,1.2491654509590273,0.022930243085735224,0.02051469225000543,0.12655462846347607,1560.0337320673207,1505.677730223497,1323.7825356842989,155.07464354582734,27.01948479558239,0.9072681704260651,0.27,3,0.173784269107034,0.0950333112365488,0.3347415197032267,1.0095629153655237,0.34673122841577847,0.06051954202534001,1.6666666666666667,-0.4908149939103598,1.993814797969855,-2.85277494636014,2.828825292135502,4.53006345294838,1.6241703519996313,3
c384,-27.685475453212124,12.171311569714332,0.05844907250675069,-0.7830539904257446,-3.0359874594157543,-1.752908546090113,-2.7044536701540793,-1.3720468801988257,-2.4003642756394004,-0.34941135508742954,-0.6625178621632425,-1.151618961778955,-1.2668018674587018,21.4055497246663,6.574819637799149,3.814120257817303,3.00650366078013,2.5529149967981795,2.597395268981337,1.9278414520295126,1.5817670195574625,1.7813108557644777,1.3721883575367022,1.4656430537203884,1.363514316804715,1.174730474257341,0.0485526765533704,0.03487384735884672,0.09532266740134342,1283.1964355388025,1348.88116985379,1162.9430440312146,214.19655758235675,25.81763488851308,0.9348370927318296,0.13166666666666668,3,0.19527810800540857,0.06477996701337631,0.2957708901849397,0.660695669348374,0.24190776107365577,0.0841871774457096,4.0,-13.252036458842914,4.255935587606593,7.645365559305387,4.754482482577165,-10.908088226266345,3.5160676565828184,3
c385,-26.78196162657636,12.315127265474882,-1.7543179342581612,-0.4996926972774232,-4.223795712719658,-2.313724726515745,-1.6724071538541725,-1.1799552960092698,-0.9957890689222618,0.03569646661663122,0.4419748919158134,-0.8722389404298486,-0.4667118744986424,11.145277930692789,4.167313942105692,3.2759562567742426,3.580671041249151,2.4619935576224417,2.8903952187764577,2.1652133009909447,1.5027673049556536,1.531696482847506,1.2187040203578814,1.4580965348282056,1.0487692028349882,1.083255483002453,0.023333158754176544,0.017472970049613335,0.08082100125944584,1217.4522436048774,1352.156789850445,769.5214105793451,178.27725090879855,46.52319053818286,0.9924812030075187,0.12,1,0.24141756008901438,0.09455041297921268,0.37377755534963336,0.8501705774778638,0.2884208105538501,0.0803273161157946,3.0,-3.990920229657896,3.3103532234509467,3.2529287009998784,2.0292461118461613,5.161134481615531,2.936962097070201,1
c386,-28.479441983021896,11.976552880595436,-0.32552937092919065,-0.2649947840219704,-2.867120956551127,-0.8685233367538008,-0.7031578121753956,-1.714913047257065,0.18382854605111404,0.3914283424370638,-0.010976748038502238,-1.1024161041980332,-0.6784378234648549,14.703745786131988,5.712304873458708,4.658623055730136,3.0956444731894273,2.914289766603235,2.8373006613285563,2.2239737480329973,1.8885312203482791,1.7196291120731817,1.6725484789093028,1.5942038982592108,1.5000402282762084,1.6045650570554106,0.02455517516291852,0.020842134877295616,0.09969546993073047,1348.1891212359565,1447.2086142992976,1060.8863350125944,203.95471536809376,69.53909766266975,0.9323308270676691,0.20500000000000002,2,0.174022891294073,0.09187091165262096,0.4081586510508477,0.7840378856880021,0.1048541185237917,0.059023514741726624,5.5,-5.6270590008822445,7.45317595953316,-0.5285854347840103,3.3673572673598278,2.7970953217632024,5.476298587198643,2
c387,-72.16526209976719,8.80973878479865,-1.2021380829256914,2.1090527368099785,-0.8037187876297066,-0.9441817666186514,-0.47271289130544475,-0.4046458242599599,-0.027320258777010456,-0.6443662640486444,-0.5292136319776115,-0.36705188238047887,0.16942264517662126,64.04016706629517,9.330572250059207,3.4141700759647335,2.658371627121838,1.8751040286483212,1.6342811775962471,1.2462064901848628,1.2862582072033928,1.161096926957803,1.0891027100496768,0.985857405752391,0.9171928665072678,0.920044450017295,0.040896063828368065,0.049864129862941586,0.044793962531486146,1072.1110384786014,1160.5388763732376,744.4534632034632,254.893591317375,54.7454169094089,0.5639097744360902,0.455,1,0.22318139221496633,0.106143706222277,0.4853105896638639,0.7894583537020117,0.22860901456091867,0.09474920045026311,4.0,4.959121922036526,2.156946672628325,-5.270070545160594,2.767171399797702,-0.6401468880346354,4.9452415095949425,1
c388,-18.139212801437512,7.840531289903739,-2.432759645972017,0.7334438872773084,-3.6645516826000715,-2.3589741156460065,-0.5971516117753322,-1.0813910644740652,0.13123303955199897,0.5837157578565713,-0.2753306820354481,-1.0608761598854373,-2.5415451224667738,8.350892127123677,8.458506861301336,6.084775590496311,3.1362228221879023,2.722088898516227,2.420384248100024,2.3915703932425707,1.7281994887053034,1.6598133543800684,1.2656264357709446,1.436301600374442,1.2368259476110808,1.279211558731482,0.03456545856878916,0.04572272657730831,0.21158690176322417,2131.096027100064,1523.7577605144174,2439.8221032745596,123.97234673255316,57.93364629361914,0.9849624060150375,0.08499999999999999,2,0.18511914710793753,0.0865518431239558,0.3370045350280826,0.6393639330489429,0.3299407297303873,0.05722795322535823,2.0,-21.65865388382612,2.697997935090514,1.987381660507923,1.9144553352479492,-2.829169698752236,1.1771941588232913,2
c389,-33.36929953547683,12.139165641655634,1.2417815768852911,1.8465080707738135,-1.261121443583569,-0.4264043921839707,-0.5981470137965409,-1.5058055998988849,-0.7688478621079262,0.6320359004865651,0.47222552646762256,-0.004044220203906521,-1.247844848043362,38.48079640107001,9.522108807977107,3.759360180410186,3.4736115846488964,2.6143988515847942,2.262025225113177,1.992232444657192,2.008848208015882,1.369048060604348,1.4099477716742392,1.137765560752562,1.027978934253162,1.301160953389038,0.03272271129187228,0.029516133873437937,0.11512614137279598,1450.7906476162113,1393.9241996294238,1455.5785123966941,94.45759609689179,67.71818457477113,0.9022556390977443,0.145,1,0.21060570992144825,0.06320229710022901,0.2842041736060669,0.4574305883411644,0.21911697197508037,0.09573036845713007,5.0,14.254951049430415,0.9296495140072495,4.083599590114872,0.9041891900199754,2.248949161278738,0.4175966139678691,1
c390,-36.141552885872905,10.986873744238606,2.104691343650071,2.9219439687272555,1.1792038043421262,0.750349673892397,-0.17568686643699533,0.5844062447932455,0.4560971718560238,0.4012092237394134,-0.14190850294059,0.07160338650358092,-1.2607806823715753,29.94439480321016,7.262555021338741,3.8032219082806606,3.273236396323185,2.2439004273520338,2.361179658816938,1.7498081381698791,1.5302643413121402,1.3618018832925718,1.4174728120468532,1.2959046926528508,1.3309186215823297,1.2113680558026492,0.02623138681467204,0.04563176340051977,0.06712452770780857,1203.4084744688125,1483.5433452387626,693.3023872679045,171.4156390285355,129.95801317170205,0.9022556390977443,0.195,1,0.23314395716324463,0.07850924603042608,0.3073983581750746,0.6948506509158107,0.3046693906437946,0.05452613193077892,2.0,3.207322058210175,1.4370912996698102,-1.4170125584996014,0.7272122352334633,-0.6954406815801591,1.1386130536151677,1
c391,-29.68494155372377,14.903434497377827,2.453900757674261,2.6226715458232777,-2.3375104543374485,0.400938795732997,-0.6069332162601208,0.4374959139342186,-0.21553100659317279,-0.3195643573813344,0.1454777434889252,-0.9000523991799889,-0.027921736115954093,13.61547288875259,7.649867775807058,4.7495552037358815,3.1673065396656788,3.52083863669583,2.4530835720207467,2.3553479915746087,2.3499614794339183,2.249940994331333,1.8140734356954542,1.5950494757511493,1.8831997491899668,1.3212802514259447,0.054873367167921384,0.06069646540675842,0.06189487562972292,924.5404218902506,1189.8364700202364,629.9590680100756,214.7660412412726,102.25516534025535,0.9624060150375939,0.12,1,0.19033715855617225,0.07994895160342155,0.34498384784310043,0.794495176079552,0.26312639791192327,0.08290601052645212,6.0,20.099270102142007,2.4986020587255493,-3.1584727801446246,1.5912858164632127,4.0215151677364736,3.9854554433956606,1
c392,-33.22891637152961,6.855653050723601,-1.7526100186293885,0.7185429573319816,-3.8093774934610685,-1.1743211179508335,-1.2262310121577953,-0.4962358452663504,-0.6757984811528548,-1.2408492124611141,0.8730598406094942,-1.4975452299166008,0.36075300907820457,31.103691799597897,5.910413751869918,5.616706395534759,3.6892679854585424,3.514631843144152,2.796022712043353,2.179658558277892,1.788274837437335,1.6840057797532066,1.8984577550654176,1.4132235472173906,1.589120694533028,1.2490866735398132,0.03808390094043666,0.04056113805060211,0.12348308931570108,1732.9532168612725,1550.0284913481248,1447.485874072551,249.98810132840387,44.84790500905544,0.8596491228070176,0.19666666666666668,3,0.2978609451338557,0.14503234268809742,0.5970831353802961,1.1186648851841503,0.18025956861468853,0.05820868351797972,4.666666666666667,0.33197448384828504,2.801753688680462,-4.627968266264721,3.534010844649576,2.1127315881002873,3.1372181144975713,3
c393,-27.438824388217625,13.573797291065155,2.8184750424306855,0.9510181885385633,-0.8474866161751008,-0.49590820776786776,-2.0240075077825934,-0.32556310661153826,-1.173314819683241,0.7424537994972201,-0.5293566351005302,-0.750150509738714,-1.3183913266717868,25.22785277907161,8.252889664062868,2.7540437534326325,2.6849475900376376,2.193859798369521,2.25117728685748,2.0075186460785863,1.5428863416666603,1.6257161710012664,1.4817174263116843,1.2848356756220185,1.316253277812466,1.2096838926543303,0.055569857232403624,0.04251597718457071,0.08534385495382031,1169.1711274625372,1326.2769762938954,949.7050503385987,146.3482693079038,90.844014256033,0.8872180451127819,0.14166666666666666,3,0.17091553277266636,0.08994851830649885,0.3508368346440846,0.7435238388707986,0.2493500541339039,0.08464735112234197,2.6666666666666665,-22.982164816598853,3.706251180378804,4.709790531765051,2.538550881056087,-5.591577082407144,5.20985892066805,3
c394,-63.82698144659378,12.01105465251661,0.5022984135324872,1.8937276581818985,-0.613177718016569,-0.19745110994135265,-1.1358163235737886,-1.37372418026814,0.18404699153181178,-0.7295477884375031,-0.3273853546977296,0.13066770366685998,-1.9122534899941437,55.71634752245375,10.217150670172652,3.531040958571384,3.1833636568223986,1.8573700773547444,1.8076572471312835,2.0281221403137404,1.7783771640024446,1.531149107759232,1.6474477581084908,1.2919983523256253,1.1500273975602597,2.04344178214404,0.03771654919257612,0.07075178971985152,0.05235763007614213,1020.1313461360827,1172.2292211769013,808.8768115942029,138.80755977184947,85.95167422177852,0.6742424242424242,0.41414141414141414,1,0.24598084544111656,0.08436844988390012,0.3398568919604226,0.7974666055541492,0.38711136430867316,0.013904825748489861,0.0,-25.620625313881142,1.9480880395073714,2.1770907233729253,1.6232541096897324,-5.8566546256843175,1.7969999240991252,1
c395,-21.526899213635975,13.312662203409639,-0.8291243169252087,1.1951915023535404,-4.708560829556988,-2.2687584281244186,-1.2960511451132986,-2.47985779848625,-1.0228922235713327,-0.8572377480106279,0.2782896002791323,-1.4121649299223278,-1.0082393087485577,12.234433446639741,6.557954306591745,4.905831013439921,3.72669651268631,3.2259574965263442,2.0572628839925304,2.2773534654740346,1.9654781826886167,1.57644069648141,1.7984780632977337,1.622949350563452,1.6484339766259135,1.3032123007959826,0.04674276735632577,0.036331277657152,0.09112287468513854,1272.7208817097003,1331.4654925832767,1014.7984886649874,202.98576686206343,68.17331213962886,0.9849624060150376,0.06,1,0.1882884307677426,0.12083559480094606,0.49516666404158366,1.129107012878337,0.3079240438022375,0.0677138770098801,5.0,15.498062445688113,6.389322578642656,-8.427499883163406,3.690202810749142,0.78157703651339,2.9546608078371466,1
c396,-28.581106251907684,15.090003299911334,1.7956205203445583,0.11740348896791869,-1.2179176234984856,-1.1607652782607842,-2.398442727960256,-0.44251868955116463,-1.5602739421871428,-0.004806411110946632,-0.28938507989335305,-0.18126435310428038,-1.1591148133017932,13.518787287614884,6.17797098200322,2.9220435994199203,3.4463885228838276,2.705121497893958,2.3658306478320905,2.159356423059195,1.4381814212521993,1.662425700125954,1.5635501370567517,1.391654960663,1.3322109728311111,1.3543092463086386,0.027198857795106186,0.024152844126683046,0.0772197732997481,1056.8530523718225,1263.1532598267236,804.5497481108313,126.321802238773,80.46250785490142,0.9548872180451128,0.135,1,0.11672685626128544,0.08261977498392137,0.3140436226825194,0.7969462056738976,0.19557623628944923,0.07090454139468129,2.0,-15.069904265145976,5.045271575623465,-8.70868765827592,10.574942355076177,-1.429915437175021,4.105482553239178,1
c397,-38.859878738119136,15.151860318799365,0.9790900511524386,2.6127501093134433,0.7209121420243315,-0.41887890898467867,-2.9766822501632815,-1.4518512479616625,-1.350060240255753,-0.7481744227306191,-0.5470126919129874,-0.47319720361577927,-1.5021534216622594,27.80646500729696,7.047819135169988,3.6489813842949883,2.8960826295945954,2.237620288283715,2.0323486384670044,2.188420739610499,1.7353752913321148,1.4412726321188474,1.6247959620699044,1.5125267668866957,1.089697402991986,1.5635730994096082,0.03131124090291845,0.06128455674384205,0.06184075881612091,941.132709458038,1175.3293614014754,633.4481627296587,157.56952486811278,118.1121364885442,0.9323308270676691,0.295,1,0.12611403137450852,0.05626218330480249,0.19082752373868545,0.55994217123967,0.290159483427909,0.05575655100465865,2.0,20.838113926583013,2.3138937672710114,13.413703938280614,1.252977220205113,22.426459375884846,1.0218537152631688,1
c398,-42.5724186153829,12.404085740507734,-0.803174661407451,3.73701960964587,-0.2436513565779442,-0.6280857374963414,-1.2400975755751693,-0.1432431634506424,0.17625053022262419,-0.8353637692284294,-0.6641911596949287,-1.1655086322223491,-0.27868311830531606,26.542923901454884,6.834292978385334,4.085029811438314,2.635656127317684,2.205102012542451,1.830767922618166,1.8019653390126613,1.5693854989073828,1.3166454908467984,1.2238380230891872,1.5279849713140272,1.3830080384889643,1.072743052430407,0.017339693480328686,0.01044312552494766,0.07172605911657799,1248.838874130712,1312.991113009888,1013.7476106257927,90.22379473368109,34.530971732255516,0.8348734431498593,0.18902707275803723,3,0.19097348990517524,0.09574359543158013,0.43811830734812895,0.6142382315781364,0.27662720121191703,0.072218659024619,2.0,4.229902622322134,4.072575607955955,-4.248801891281808,3.2469226417832124,-0.6665472298174495,3.2617481160585875,3
c399,-31.049143720202622,12.088147995847578,3.122099316081007,2.5345871978849774,-2.899417409801677,-0.0772068079128332,-1.3338590520118467,0.8373737334483023,-2.635992347537433,0.04069808904359012,-0.27192425965457845,-0.26251616996823873,-0.995809191103394,13.715442005810962,7.243371322202886,5.83664252019608,4.263146608529879,4.350386305010207,2.7886955748015967,2.1809558682092387,2.1034582107924726,2.0313271538030793,1.3349519000445396,1.5810933123345727,1.478629391888573,1.3529479388273595,0.024212499497837246,0.019286255306603006,0.0865278652392947,1305.0308490591058,1437.9894600216737,958.595717884131,219.1241356079193,88.19884746955273,0.9699248120300752,0.125,1,0.1281611488426275,0.07447209015438974,0.2949713159415839,0.4861209691153612,0.20266403562767946,0.054680536879622876,4.0,18.35524038934549,2.912147199833267,10.879594639165607,3.6050394181336567,4.472974591406056,3.107513688584457,1
c400,-30.962549269968175,12.439473481677885,-2.7961442962154544,2.375332986916544,-3.222855166010329,-0.31043672506041836,0.19048609055458227,-0.3012542913184566,-0.05518110691075505,-1.0433536291103152,-1.2965494319722763,-0.3738238952154695,-0.21224603437227813,13.281028944616454,8.491869685977402,6.314880839981077,3.6601019679235125,3.3913371651624793,3.0578136592206806,2.3834783482397075,1.9996425669225981,1.5223478503180905,1.8317581576720579,1.5935280157261282,1.6131359182432403,1.1733603616072437,0.030225340560619533,0.029219892492538466,0.1145825133816121,1404.4255821174413,1292.870129115548,1215.6407430730478,253.81118677084748,51.548145343635326,0.9511278195488722,0.21500000000000002,2,0.17879568645193583,0.07421128812730439,0.395767147429284,0.5972575358749563,0.3147252512587898,0.04963659335097322,2.0,5.739593758620634,3.6818200507658734,1.4643097824362967,3.1532560220151113,3.083892498833844,6.930394966424938,2
c401,-32.28835697510133,8.952955663029643,-1.9079761206821981,0.8840550119267387,-3.3613210158834943,-0.08539437354513006,-1.0928785155957768,0.06277581623435266,0.16808184841670273,0.22830103948588645,1.2022960246411232,-1.1859927930839542,0.9622244772165534,27.23574279833553,6.630202598868851,5.555608476510184,3.9508631185845817,3.5358572950419322,2.796203050102537,2.0001924642478945,1.8931266419085893,1.8812316193853553,1.6799427884989444,1.5872243951900753,1.952046646794028,1.1579178995730548,0.024403210228986914,0.023960499310036673,0.11778278494962216,1682.5815260535203,1558.3159816432524,1513.392857142857,217.20080358552298,56.55049985165673,0.8872180451127819,0.265,1,0.24659546199591884,0.0710891386002681,0.36662665716365606,0.5961057723141704,0.3239389366535641,0.07103709488280793,2.0,-12.063208742835878,4.31583381802534,6.8636561569629215,3.850835664478954,7.420147812776443,1.595239593550448,1
c402,-17.73426437532942,8.092068467518587,-2.303210918058864,-0.9495276369196626,-3.3663350763470237,-3.818810001569982,-2.2716658547174937,-3.6076924440358376,-1.3282079003131668,-0.7454636851333551,-1.9176995775370196,-1.7914496177817683,-1.3643950345182898,11.87095767416826,4.91486292766905,4.425397078407692,2.946893726888001,2.123505451966869,2.4795661121741337,1.5635348810438952,1.7178164161936262,1.5231583671665434,1.4678351802751377,1.5243511088011288,1.1334349784054638,1.2280374047831855,0.06861542740051688,0.03896063638724534,0.0988615790302267,1420.2007650822065,1492.0149989750735,1105.8721662468513,279.76001373694925,17.80153869648845,0.9849624060150376,0.035,1,0.19702704068329457,0.05947966892345847,0.24308338580114644,0.5067194163771024,0.23154718015568787,0.09818020765294207,5.0,-1.4758632944834205,1.7877439107766726,3.980791542341604,3.402086947496695,-0.23702247709231516,0.4135140563860729,1
c403,-19.050085116199384,11.576271576956875,-2.320498038120092,-1.3968042002225203,-4.432442222660516,-0.6610802377001904,-2.7617272976520497,-2.0828863533946715,-0.9291932990879106,0.11823078380662891,-0.32159137593295356,-2.528845620503254,-1.0412582495373195,14.27878740327632,5.19106247074497,4.649922093496954,3.5533880534057873,2.751889377146107,2.5183538266354137,2.253168673691172,2.0994596138870163,2.101329053868762,1.9071732641867982,1.739206104793159,1.6542131635821493,1.3084060771539445,0.058976918318782344,0.05325257853413948,0.09382379565491183,1277.3868613934355,1345.565476373506,969.301007556675,202.83912867234946,41.111012808504015,0.9849624060150376,0.065,1,0.17691279280924996,0.08629574679608316,0.3644853628494954,0.7993268040183773,0.2812546560319443,0.04511966729535394,2.0,-5.682205548562192,6.553820325135243,-7.058243043041702,5.543697890592547,2.4726705369323985,5.267352949327672,1
c404,-19.587308130013067,6.707842971915298,3.0151268484004703,2.3412324307535264,-1.5965552376289116,-1.6618163847148493,-1.9062833166555462,-1.8167585385252767,-1.9026009424964299,-1.254923634266691,-0.7957851838584776,-0.8935260443407084,-1.594928515254199,13.976946661051743,7.561863481940944,5.208496594371793,3.3096405744910267,2.7081761674093086,2.551981328860252,1.7352613977691018,1.9511644619734658,1.6681799154533385,1.2221636291986566,1.3183729781944835,1.3892520810564304,0.9938690660833392,0.04693324520961319,0.038541043490856394,0.17081726227959698,1929.3426769991797,1673.7166645064467,1788.8853904282116,184.49408540973974,35.31230006940212,0.9774436090225563,0.1,1,0.21907930241786602,0.11102601587213681,0.4050507742919478,0.9805314428838576,0.3484661889528635,0.018573406052453934,0.0,-10.638433708726067,1.4318582847814434,4.151187346026359,1.6013086691086555,-1.3561216890347125,1.2906610321352585,1
c405,-42.52664111616936,12.243027646831344,-0.3903022701519564,-0.8887707808171993,-3.330664137900635,-2.4617644659682734,-3.819086340021078,-1.106833278330638,-2.4856066544510993,-0.3846373292528915,0.002515691875485976,-1.3105584711957765,-1.2273932252974153,33.27715890886593,7.352884318790283,3.3572377906195614,2.8015471171193633,2.403516138215811,1.7288940299955902,2.3223828570104663,1.650621022106117,1.9878970451347646,1.4615818489747454,1.3871547391780827,1.4329723563829662,1.4547619616846221,0.05089467637919724,0.054175768633100946,0.07160884367128464,1047.767609724921,1163.5079390074504,880.6618837711408,206.81695450953347,8.446987771581878,0.8458646616541353,0.19749999999999998,2,0.18426327341102317,0.07876575140498054,0.2898017993044537,0.6576447450268101,0.31154772583038376,0.03767503255987244,1.5,3.149792923680912,3.928388150514201,3.5423335420367623,3.5534727162048974,2.9246304751403747,1.2817758764206284,2
c406,-37.20408906360778,8.5931027856927,1.2592066968188123,2.4895378115218767,-2.28109541949897,-1.3939626761552517,-1.370676644391685,0.09468916879031164,0.432849591763087,-0.2653142034642383,-1.1227917388377868,-0.4242805110178324,-0.566431246767183,29.76421677363546,8.052812096975618,4.024039325220269,3.151951560862021,2.247190219485451,2.4601338254516536,2.280349253836079,1.763085323487392,1.6622573403445613,1.3530353697636817,1.6146075273637037,1.359265342165648,1.1839298022243376,0.018916987751841547,0.018563777578878508,0.13504604848866497,1651.1439536565067,1506.8507264529858,1490.3833345132875,208.44950238857666,135.32204416929085,0.8759398496240601,0.26,2,0.2051868011460831,0.08590893059349211,0.35794182259477486,0.7486446840509542,0.33033719963869346,0.056304412887200644,1.0,5.3297927813342305,5.034167170987963,8.309762651205084,4.448774222064479,4.6844412204055885,1.1489498311811168,2
c407,-15.319316848530697,12.640822882241704,1.1299001464000018,1.2609700044604146,-0.6054930237281174,-2.5593486830370473,-2.214606868158571,-0.39580777469853123,-0.2843846272926195,-0.45149244276423944,-0.3371938986810698,-0.5141629790393282,-1.2451615358322958,14.750978259247885,6.866591784540232,5.251066349011793,2.963979166164192,2.455969920668724,2.6052438281456336,1.991213534480213,1.5437373669227623,1.392697443006942,1.3174235186716772,1.3028672396717922,1.1624317785283544,1.2607104829679316,0.06556081781178366,0.052755940196061016,0.11792053683879093,1455.4298749507163,1477.6617978692043,1247.5598236775818,176.6772013111733,47.38296332036758,0.9849624060150376,0.065,1,0.05459159736041838,0.04310470462626621,0.15151366046044323,0.3196230718017385,0.285761565586266,0.01445930897658055,0.0,-9.1331111236156,4.067079857880481,-11.030852144604905,3.2450945269715743,8.797152338583333,2.3051695671447803,1
c408,-76.34445315920703,5.623714178723919,-0.2898232422535139,0.7961751549049727,-1.7339781920292403,-1.2404355987006777,-0.8285704294610302,0.05014203744580227,-0.44735546424635586,-0.22422791467175435,-0.3486766719481071,-0.32774554955667845,-0.6270460181438408,60.17318812532909,8.29872854787249,4.429106974312248,2.814159551155472,2.315703353980971,2.1921201898837945,1.7740403101605255,1.5484031453697795,1.2316260296423494,1.3004765916446561,1.2615213901464655,1.2118051486331851,1.0235163578636985,0.012692312725156793,0.015443119458179548,0.09464046756926953,1793.230938815489,1454.579632399294,1732.489224137931,170.0695100615399,34.09591479266235,0.5714285714285714,0.515,1,0.19369054684432374,0.0756315259816882,0.32979796167209874,0.7678116800203715,0.27564273194043026,0.10630924608668009,4.0,0.46115037213703197,5.026034365703033,-6.0294294299581495,9.684524534984298,5.103143184912056,6.4814442569372055,1
c409,-31.573651905448386,13.892022952657793,-0.9688462260531716,2.784259523619477,-2.252628443187117,-1.435195000416953,-0.6866801258593798,-0.7360085968877494,-0.1594554360903646,0.6141553720864048,-0.4285206968702579,-0.34113893654267236,-1.7915441420048337,31.493979318183175,9.505882537344128,4.297196522714943,3.2153811734597433,2.042368716752228,2.3052029683530035,1.9489285760512967,1.4920110695370226,1.5864785708152416,1.472560447035209,1.2883716126159819,1.2321442817322785,1.4447505277357566,0.02927115114308012,0.02327206163690664,0.09317496827411167,1235.5488919347217,1201.6787941308394,1073.0006720430108,122.66619686801576,66.92325064542152,0.9242424242424242,0.1414141414141414,1,0.1532838868864648,0.08645554839005327,0.35078453154368583,0.6875557514822038,0.3170587103346779,0.10290502442177937,3.0,-11.264060305715054,2.0853391267347585,6.161331129839138,1.4456971969035162,-3.371019360218088,0.7053506079986296,1
c410,-32.98523092767411,15.370944437347406,2.7860912455791906,2.005339518603159,-1.9673518324239347,-0.3108259983959358,-2.193435105299405,1.47197030273597,-1.2178788621254522,0.2040584982480628,-1.1045279111369315,0.5497858083601294,-1.880312010067601,15.292413351910922,7.015772514340032,3.8130613379770755,3.2837331139789296,3.68999927951715,2.6595869781156094,2.6400412596076688,1.8343914502652072,2.0264094834423214,1.7067657697771277,1.788637156753766,1.3271394727954777,1.567639277734976,0.023782487807250303,0.02829539408844231,0.07794789042821158,1059.2638880898871,1258.265284654188,748.3469773299748,136.98808424274023,82.94262429825021,0.9548872180451128,0.18,1,0.10639652449759186,0.08600436206068261,0.31300928028113134,0.8431947021001827,0.1296360997641233,0.0404247110762293,5.0,-6.0398307233574124,2.7351984945470256,21.481575510255603,1.930063711797809,9.631109619743535,1.7546936111935312,1
c411,-38.56083072666785,15.44313270827842,1.1378645973609123,3.8336158675615577,-0.23199205481331758,-1.464434839631675,-1.1834745700436329,-1.4032572189735348,-0.7660053047646562,-0.8238846835457799,-0.37353509907709054,0.11300970453903006,-1.2547798942568367,26.612017136306665,7.625253887883022,3.119952818920768,3.3862868230178016,2.367792317100857,2.8814309547363504,2.0005187355736824,1.7241885648243775,1.5462280710376892,1.5099069593736187,1.349734933210508,1.1265052814408707,1.482296258240031,0.02077767934805752,0.01798619930980484,0.06849712688916877,988.8989918008022,1166.0174912083478,782.0702099737533,137.36129876835736,73.62876965729524,0.924812030075188,0.22,1,0.12084156383793494,0.07469861930960524,0.25395264549650043,0.5208400972633022,0.241744448761028,0.0619323098889446,3.0,0.9348314599253138,1.1497560836462,-0.4014188881331409,1.5969762601435555,-16.012883420875365,1.6436955776927902,1
c412,-34.87551777509002,16.327969238744377,-1.288287408282855,1.8983385368534396,0.17837489897112832,-0.5071762593767698,-1.822066707610249,2.094605975976237,-0.8164088901182269,0.6718957180097291,0.04509020109376542,0.3609026474591168,-1.0565706575029068,14.262834783812785,6.995015728878305,3.9624713850662667,4.0474630986023685,3.088773803573875,2.5547908064931213,2.3124178168352056,1.731622955089049,2.1095774316988214,1.5742308291084046,1.4177792801910563,1.3195009587140052,1.3775568589426666,0.017213892740864097,0.013232010253474726,0.08247894363979849,1021.6703881389404,1100.5473266323424,881.2185138539043,185.05563713482258,128.86481862920402,0.9624060150375939,0.21,1,0.09383665754374867,0.10692715911627206,0.38675874757660084,0.7594502829965811,0.1436762589595738,0.06935871438466623,6.0,14.070599393784455,1.9344892022573223,-5.217446064938399,11.066704907589433,-0.7535334596690575,2.5984985490711847,1
c413,-19.42503674687607,9.538025619635722,2.3039259521203013,0.9799028545111949,-0.6521210351142168,-1.0429080417679504,-2.5723347288492335,-0.5952108417521181,-0.9917306570723338,-0.2767452605089759,0.024173252054826184,-0.09508551992299445,-1.460988643887647,11.476906088003823,10.50812822425988,3.3879976330186437,3.0883663726363113,2.427548010636892,2.056171180606091,2.340097915148692,1.8303846121223966,1.515563777047784,1.4672628948982274,1.1864834158281357,1.5485743800968268,1.5947892342829026,0.039026045858670574,0.029327131463425863,0.17073362720403024,1811.6398402645073,1517.1885881755566,1829.581234256927,106.25872095177837,54.31691322146855,0.9849624060150376,0.125,1,0.23363671424899618,0.06886323850014876,0.2947190388278291,0.4676762473902412,0.2514533434266222,0.06661305149734847,3.0,-28.696477386162,2.6899505614930574,8.65628940112531,3.590193314105185,-6.946575497330058,3.30288720157024,1
c414,-79.04490519397405,6.879019872019356,0.032197420503661485,-0.5092656535499733,-1.119424411247664,-1.889354913791541,-1.2833287151708574,-0.1995019570386265,-1.5877071450640226,0.10847986334377235,-0.5413309214418628,-0.9599848858357789,-0.8715673819710736,63.79798505472792,7.958788285736208,2.5988230449941465,2.3069019047723898,2.0104631734249248,2.6700073265021764,1.9105619130060345,1.2270757301927777,1.9671303881018725,1.1485072189021752,0.9961656129269364,1.423232289330118,1.128250834697325,0.02798707480679537,0.04085219417931611,0.05565910532994924,1282.1968172348193,1381.0391484932038,1095.0829383886255,166.419765906245,25.364254939461734,0.5303030303030303,0.5151515151515151,1,0.104182150430227,0.07510509108850105,0.26254030221184277,0.5151333845088859,0.17368750474922923,0.07157978647395431,3.0,-17.895427843507665,2.8911970257286663,12.39288232833723,1.9092163311149348,8.644021264879548,0.7131490119693709,1
c415,-55.851779206589065,11.70637417234465,-2.4425679597282497,1.2143837078449067,-3.6401545763173955,-0.9768127193676972,-0.8188908734378337,-0.5625819721911426,0.03429112408119442,0.9197027869551748,0.43184343106873146,-0.5008903355054163,-1.417039489505305,56.61900396314894,9.570322653555918,4.442800259587662,3.2496714535940567,3.5848902680081953,2.009344167614694,1.79848206408885,1.619141194456767,1.3771358443795532,1.5611772246147466,1.2557654289729248,1.5344120098202512,1.573490418931126,0.05611224722540125,0.08989180007878515,0.06555022040302266,1074.1899559346075,1067.0168874937247,892.5646551724138,175.33695283425573,112.13095725327834,0.7218045112781954,0.33,1,0.18186775948525905,0.09887493161370658,0.3797070243577089,0.6023528284297378,0.23173053302483432,0.148140099982987,3.0,-18.769217520766368,5.562610006715681,1.0989041488044768,4.312388841348842,-4.04416606287568,3.8051933276468675,1
c416,-28.88136162020625,10.705973257026116,-0.8534059376568806,1.7484302303905825,-4.715414345874322,-2.4214712543224044,-2.321359652413436,-2.1328266240577443,-1.1604252075772687,-0.533266617326851,0.11932208850721163,-0.9904978955505446,-2.5796342146029003,15.786506642144392,6.454041642458173,4.0765776814404155,3.050149762822597,2.6566488330033113,2.5303255209296545,1.9626965824828062,2.033383976319975,1.8546191454396532,1.6264969525342141,1.272877240222301,1.365503794035898,1.5517155935077827,0.024163788791628824,0.022026232320240608,0.11786887988035265,1497.3516232590619,1428.3635686645873,1193.875944584383,141.73575956387793,63.18657353552989,0.9172932330827068,0.2225,2,0.180207234987404,0.0951924361577964,0.31862010910635974,1.00299294399896,0.2949710678681093,0.0653682312886809,3.0,-7.362236388618161,1.8479626903025856,3.749370961778234,1.2112246999889007,-11.097829381410698,2.3715352745432465,2
c417,-30.35249656298006,12.321690338281874,-1.5068236199352014,2.7725722136044704,-1.5121855100241803,-0.6661502433921336,-0.3100492192174962,-0.9104080453596466,-0.27180027467412154,0.0921371105825633,-0.7695653388990251,-0.16813143448550183,-1.6194532178258956,22.4591553673395,8.184284359958468,4.975508950344331,3.0553398241358263,3.024816064748321,2.381118720559624,1.982635896808358,1.818721424177832,1.596043095944836,1.716558893134831,1.5534966428510715,1.2698454337789862,1.4129884243831334,0.0270575503499454,0.02435935002007841,0.10468405620277077,1344.0731314235645,1278.4931829181505,1214.4582610745513,151.4244769876588,98.33698145709307,0.8909774436090225,0.18,2,0.02283230175030746,0.021670570447156742,0.0732057597022064,0.20604570793440433,0.18773149471160844,0.10527606628499386,1.5,-4.280729313736435,10.255559311205936,14.852663483242754,2.6279569746303584,-7.939523957820919,1.3766406293236106,2
c418,-42.97528928088744,7.075639069334016,0.9878790540068216,0.34827628072789624,-0.22867924179878832,-0.037043676063137555,-0.9055360229426973,-0.8204548042575861,-0.22574813990327117,0.17693930867934005,-0.0060231313568516924,-0.08152155334661114,-1.1565629752368416,22.720165723163518,6.421010091353466,4.000328678950542,3.3111400621020146,2.3343665946732064,2.395130158563498,2.0064964222021207,1.9457022138557605,1.8492207262657778,1.3993120937522778,1.3058733158902098,1.3119985987719833,1.3593025615811838,0.01728368903240382,0.01741708230624132,0.11955634052267002,1801.5344979503186,1741.5380512314493,1526.6736629947745,245.59137654429125,84.04658609527193,0.744360902255639,0.31250000000000006,6,0.2295278684901156,0.11906843885078582,0.40355873038819357,1.0288143636201352,0.2915096850967826,0.105446738876453,3.5,-27.456130391163565,2.9257992197010023,6.8952363331335285,2.45586258717679,8.110127021624281,3.195191788323527,6
c419,-27.109749360305205,10.946324352597236,-1.6596952372426712,0.8303767990336243,-3.5145959901848056,-1.652771264446626,-1.650433773316104,-1.2569980920914035,-0.6417740685070118,-0.4094678992881095,-0.3039983289270261,-1.044708939397251,-1.1160296762889252,23.713353122364865,7.904242778106743,4.813062649624008,3.6013089875053517,2.9271236543017984,2.5885263273958685,2.18963910023818,1.887171109267672,1.7058236748119846,1.7809416100952407,1.5937697399026547,1.4636761944738126,1.2876845487606676,0.036081777440571165,0.026660412168110593,0.12122002256507136,1525.4715334504297,1389.016868323445,1386.7545288620015,187.8552710563179,62.067924917732,0.9122807017543858,0.12833333333333333,3,0.20797038162902073,0.0645965821197366,0.3082797930265401,0.5229638469614932,0.2994861266137227,0.05944239830764381,0.6666666666666666,10.733673219207114,5.118960071103167,-0.7720257675227087,5.641354614663162,1.8844821184034126,4.70911710885787,3
c420,-55.6646632134722,14.576834051012872,-0.8101838936311976,2.64986529519644,-1.474003309588251,-1.2087279145609207,-1.0721031315714717,-0.9165904312286974,-0.29703632278556386,0.5452109765715838,0.13853647093082383,0.3038438854879928,-1.5274765518828894,30.535770102946213,8.720127990674284,3.5569638562828993,3.9731579413884415,2.1057774724305833,2.3670557169239173,2.0153876062730354,1.4173310656184224,1.313094108624922,1.3977338743697825,1.3169208973659994,1.1409398171933405,1.4380009667747684,0.014993906836349546,0.02445391874985773,0.06846022906171284,1002.159107446836,1094.6744492073249,822.0350135784005,194.01060877788933,122.58830396375689,0.7180451127819548,0.38999999999999996,2,0.19290344879093474,0.09741510085797306,0.3618461581629436,0.6961584025065817,0.19398400918710756,0.029172193058213156,1.0,0.13971693957126774,3.354908743934116,-5.329924791392025,1.9859415787784465,1.1736798233068608,2.2385101861259975,2
c421,-48.93999047104108,12.23731331783743,2.4814852994503633,4.3091040231697715,1.0979120724198217,0.03437416835138132,-0.0930659886817934,-0.29152997955216275,-0.3431263644179785,0.5622815784118458,-0.058138935157989347,0.23974152904355212,-0.8806959466041965,30.76817058900879,8.270884887561863,4.392301193530214,4.415014115166812,2.4168681852738967,2.7219447859453565,2.044222474094039,1.5759844485485546,1.635118375416449,1.6488456629859596,1.418351353289356,1.3222106436062508,1.2992793418624218,0.019877887402835036,0.03705309212997483,0.0598876338161209,1044.8804618653244,1279.0718006674556,690.557722961272,216.15806584621043,138.7945446331343,0.8270676691729324,0.3025,2,0.16519712133282652,0.08000922666556158,0.2882463165294352,0.4141533893862206,0.24375050023676734,0.0566499005188553,3.0,-11.362739149676885,3.672801344988133,2.3894882230293844,3.303136708813998,6.0154270258078135,1.6056058203924324,2
c422,-33.61355027580036,12.65735528622713,1.82708947189398,2.328672640224643,-0.7713055233732675,-0.1435470094238102,-1.512451138798365,-0.7578478667351751,-0.8403289020035658,-0.055034601336061965,-0.6564176007306619,-0.8962636957510302,-2.1841547597687043,14.968238534362307,7.377364787410008,3.46219461634691,3.762541774264005,2.165270516669252,2.6941943751465005,2.227162624462121,2.0345991081432167,1.6755655851355336,1.4381892744713638,1.2979681391618607,1.2309031744460346,1.5278436127740678,0.016369375759506043,0.01329684230388587,0.09766608942065491,1240.2306925925177,1354.4522352126842,1006.2972292191436,121.10412679638868,64.5035365295325,0.9323308270676691,0.21,1,0.2458905247220716,0.08727631203417287,0.40348898751688206,0.5537009672950866,0.219814836693907,0.10187433295778602,3.0,-14.239436971669294,1.9899911211141628,-1.2070386787628817,0.7834300152712574,-7.714927049311549,0.9466682785887797,1
c423,-47.464666358401566,12.234021559393113,-3.7672439702406946,2.832353784497458,-1.8202735880597405,0.2560931077865477,0.1960075026167209,-0.7351477606749967,-0.03083779395727774,-0.6579012430212228,-0.43961032690044977,-0.31153791600000613,-1.331688123029429,34.55514715911493,7.644884651624602,5.265595099456743,3.0963700154934326,3.1544861940522533,2.249107820309372,2.412458200462246,1.9680457373592726,1.2885180533614025,1.4951479153415386,1.2408693020645254,1.3003371276444011,1.3516977056842463,0.02194646162024513,0.026098571716298667,0.07499852408690176,1239.80300910377,1219.467073107442,1003.1604363310912,176.62539937279269,93.9871283048831,0.7819548872180451,0.32,2,0.1391511692397618,0.10770171567002851,0.32841363657639894,0.8205184984626797,0.3629071222535107,0.06034889462422571,2.0,-5.816514953624284,12.512289534468955,8.240533086500005,1.9981855301730347,-2.838192349979875,1.7170668760631531,2
c424,-38.28015218379708,11.46170621667211,0.4480719413842928,1.1370804656978832,-0.3710406938039404,1.948332218205172,-0.014864531950271351,-0.9333378623584532,0.23177772518075393,0.461314936292612,-1.0123531802913033,-0.5261084926437493,-0.04473537448032266,43.540288087209284,7.105088881890223,3.714778352451404,2.292593403133702,2.2554627049338887,2.3654576216739804,1.8709904559538943,1.6744697702535791,1.4901931225937421,1.5396613499317167,1.6212768967533255,1.2415223020439936,1.2415594311200797,0.04556318920170535,0.0447941640860667,0.06530423488664987,1173.8022346800053,1400.5055575544357,835.1540114613181,259.7328842593679,82.31019210481655,0.8345864661654135,0.22,1,0.28620928131547957,0.06202190690998899,0.29660711282624447,0.3845180084937797,0.18850033674380653,0.059735786286865405,6.0,-20.661759227474253,1.885628358184787,-1.5899365980911628,6.025596155790625,-0.17595550248743275,4.854213189835388,1
c425,-28.86659001829528,14.822940320577827,2.633646588655952,3.9981735475913327,1.7872241535332676,-1.0066514462828833,-1.6999233838565646,0.9933477486253043,0.23245366174952217,-0.7852659514427166,-0.5555597570842075,1.2334435202974896,-0.6274426610678183,9.1582414328716,7.794986427479743,2.7300889319804567,3.0636068522011475,1.9458323498669212,2.7506429991589796,2.4150792512364405,1.5019641779118558,1.4269788156348593,1.6503673737019657,1.368123360976497,1.253756984275271,1.1870164631029876,0.036955100091394764,0.04780684352241427,0.06012869962216625,972.4022044343241,1255.1949965708493,584.146725440806,238.87952008654128,154.81129685605123,0.9924812030075187,0.085,1,0.15234522934818526,0.07864380524226476,0.3982581531555891,0.6618085085960496,0.26039964097830265,0.07327939811020336,4.0,-14.881882503145102,9.012089874226215,5.5110835920724135,1.2041040213802356,2.011546422549868,1.0018925291747869,1
c426,-56.47224674269565,5.948427765788449,-0.9753137680063062,-0.39337405167074285,-1.8438635551142935,0.2820352093132409,-1.1781324608599684,-0.3602348679893746,0.06114112974435921,-0.12977955886619114,-1.1118424876843844,-0.5507481328443462,-0.5561720335014495,64.61540503766578,7.055380838151383,4.34590865273988,2.825234794913008,2.7871899261245963,1.5839682715792776,1.9265139591925273,1.587623808835247,1.2530672402938408,1.2618269447848727,1.4838170741557166,1.1605932690006362,1.076965966200251,0.04040721112448895,0.04805849164779344,0.1137830604534005,1830.8968559562666,1517.1428617788645,1901.0027985074628,193.43005145157989,64.1645378054057,0.6541353383458647,0.385,1,0.23789507574601423,0.13104883113727758,0.46313489310759365,0.9448167285704968,0.2703623210725237,0.06385460748916238,5.0,6.15395127832797,4.955410285415661,-9.82387599882533,7.981848165278774,-4.989877758639238,7.789399544571785,1
c427,-31.182847659146717,7.356813768221347,-1.7299369562218643,0.21107871866934846,-2.9234289874418438,-0.9950719743109941,-1.8759739455839572,-0.8731949261082106,-0.9473506163316388,-1.3570610925011015,-0.45523556323428777,-0.21442102556601575,-0.8167689829243593,21.59482262451482,8.179621458362348,5.4649721771576765,3.2392543338928763,2.870183200964612,2.5816135877515456,2.4443288899177658,1.8906269537214515,1.5353532699575672,1.6818182066240936,1.3330859745274133,1.4198463625858562,1.2347639976654592,0.020016998287151717,0.015869099550767186,0.16912365199937027,1953.7016774710382,1558.323265988935,1974.0706240626957,197.97614121287268,28.81851479555351,0.9172932330827068,0.235,4,0.24787016769189338,0.09930552405450736,0.4397094955483076,0.8492226587936448,0.3231580518078591,0.05807977204767399,2.25,-8.806545807271892,3.565992536977449,2.900485915849397,2.319638523996598,0.6344833136009616,1.332126405924125,4
c428,-48.16131815484455,8.032511572753949,-0.5816898120205193,2.053475729526576,-1.590080219175348,-0.04048698601813053,-0.6979296690757678,-1.3243346635877813,-0.2667717107267064,-0.275563913434806,0.37390223671902706,0.5873782924118943,-1.3927425251163352,47.860055362338045,7.641246363586477,3.0918530916655227,2.164206562415876,2.685203030541462,1.960206699867902,1.476968722441827,1.8626297435451813,1.4283466551371613,1.480932430918409,1.200954800042811,1.0893518190225702,1.458457983575463,0.01344384107903718,0.012831240456813636,0.11294178998740555,1704.6853346936919,1570.60996135452,1567.3888036809815,122.59131035607098,74.87307279081033,0.7819548872180451,0.365,1,0.3320951321321823,0.2624837606569399,1.1433813173405627,1.2651761485665696,0.31298875704640816,0.12036689344864353,3.0,27.85337244830565,15.11493375786505,15.087377797861182,2.192904750485107,-2.530497898039277,3.0022167252850025,1
c429,-21.422956749842314,5.97287274246616,-1.7386374667034201,-0.5279262878782427,-3.3998871588077106,0.8739865724025048,-1.1323988338952624,-1.2286420221875731,-0.4665031521914851,-0.3788821957367474,-0.6006321587694124,0.11306797027462215,-0.4335500906999079,32.53331128724678,6.504330487852178,4.9681697927097925,3.335525125801464,3.6884806120750024,2.9577246529256653,1.9382200016777258,2.117201068678614,1.502553345990496,1.6705254914657024,1.3350128639718362,1.380541461576275,1.2752953634295525,0.09441727679940538,0.09783056572223728,0.13625629722921914,1832.1887471595292,1564.6516324735967,1689.98159271459,295.40455796710455,34.0869103381198,0.8984962406015038,0.11,2,0.3796518834732067,0.14058430270926148,0.6393459475608188,1.0701415629552375,0.1872812581770654,0.056385254269698135,3.0,-24.286181660776755,4.510466839346757,4.719772266419196,2.2101874778425934,-4.007311607690292,4.182653673385881,2
c430,-32.95384251200146,12.869141223585771,-3.9122410144140463,1.4614440058484295,-3.434855887125747,-1.7776936321752013,-0.8891811897803584,-1.6104243298791618,-0.007143593288177402,-0.8138322400860933,-0.8281567498291758,-0.7031509257646742,-1.1748827269799174,26.35122918952514,8.357640513276126,4.5977064513000325,4.236767635198289,2.6524030325270367,2.615999162833177,2.2894057671473202,2.18161238490866,1.658318193753895,1.4509913861195554,1.587364129758856,1.1324507653346512,1.1998731600047439,0.03081545333912273,0.030126902782217517,0.1136945056675063,1410.551093350141,1232.4849342039074,1326.201607162414,191.54354003624485,36.95605029725554,0.9060150375939849,0.1625,2,0.1578277475526793,0.10904931322783232,0.43525344906114205,1.1178374866200596,0.2970366735332671,0.09776267394243432,5.0,-15.458975186640414,1.7883589870894214,-0.14315226303729092,2.644482170798903,-6.559279383881909,2.1481726282465265,2
c431,-24.93083779847836,11.95590919429508,-2.172272443541385,1.7038633893764394,-1.603473578838744,-1.2948361862889524,-1.1443264229093193,-0.9675581982830828,-0.49677627915231737,-0.9978850646175538,-0.5122451612080096,-0.5466162496777972,-1.2562640213192793,18.219640009569012,6.6798491833635945,5.455015927761367,3.5077322308136942,2.729562881901678,2.4535159295678457,1.9747470968582508,1.8070978917535439,1.753980291306746,1.620137971817414,1.4635801587913406,1.355109989663626,1.2526356670010366,0.03473075270925193,0.030378205892078985,0.10902078085642315,1449.9884962014412,1418.6632175563302,1279.9609107107376,197.44863809600903,50.67075356148789,0.9398496240601503,0.155,3,0.21893829873945694,0.09213308982360617,0.35938466048465606,0.9395339727896682,0.3019277987754068,0.07860073284933038,2.0,-23.454641305403957,3.7793025267336824,-3.618488175509667,4.657429484542116,4.9045225615240495,4.329241710565627,3
c432,-39.23898613794054,10.386989213931168,1.94311613172043,2.4950533996793958,-2.2071431790068,-1.271069873525246,-2.1832340797139898,-1.8473259177102523,-1.0892413599847939,-0.39479369244252693,-0.3819071266100875,-0.409881509896688,-1.7635332946185378,36.70160746212925,7.765121368815423,3.6031416760769144,3.549066521036682,2.4314822787837995,2.350466438225424,1.9471201229367865,1.8409514067280097,1.7355734470904682,1.53347847512506,1.0580799899473217,1.1835550594815771,1.3429038179550625,0.053876567474826546,0.0420415781557707,0.07446965522670025,1238.859723046286,1362.8824105976742,968.1068527522309,149.03271079101393,40.501271374316175,0.8195488721804511,0.1975,2,0.3137381646270059,0.12170241135020964,0.6091641937864237,1.134963624450417,0.3715241352831993,0.07802539131607777,1.5,-29.93635876792792,6.297670848146561,2.5206147501157883,3.588527347151783,1.4978758401217909,2.520615406911138,2
c433,-55.4138487942372,6.444098034268701,-3.4999692905189064,1.1831933810194937,-2.173031710832838,-0.604148566341118,-0.8877261517027256,-0.25374704357828004,0.6898193746830638,-1.1683345790537845,0.0480074405260852,-0.21875723112115458,-0.6359487765161496,50.82034871412185,7.505799600484823,5.431506911273428,3.1399504352115994,2.915516310406617,2.8041037348784186,2.075618610367441,1.67275676787694,1.440095111848076,1.6287836496808572,1.304037945411088,1.049220219718979,1.051599078079734,0.015269640535835596,0.02340549974561562,0.13865219615869018,1903.2833348814188,1465.3279622356129,2114.2137096774195,178.62336950503231,51.984649828227035,0.7593984962406015,0.43,1,0.3029289306006106,0.1050674643015642,0.4418990437055842,0.9594703487857725,0.3272791184740215,0.0607196980161467,1.0,9.688198681655287,7.5326558361914495,6.209036751307765,2.9761614411811608,3.0904480386511017,1.284052967563237,1
c434,-44.1599408277633,9.947922335739086,0.6800447020656936,0.46120438885549203,-2.478654954768687,-2.421180374058506,-1.133525665502641,-1.8709486694963604,-0.9235539424046867,-0.7465577011289076,-1.0526604480083253,-0.4088381650555006,-0.8532208504177431,46.52996903148973,8.854341865916021,4.190772971499543,3.8181897645876837,2.634451632999871,2.377542975103623,2.1320426094474185,2.0001786432405644,1.9407961687462225,1.533764957752793,1.2254270324649124,1.206635038743432,1.3273858413967168,0.0341023783586342,0.03670561523405964,0.10121812027707809,1436.414480109401,1394.2667767946261,1264.5586053412462,203.6731522603078,48.51278476881789,0.8195488721804511,0.285,1,0.2888050711045158,0.12365202493187673,0.49806150293699064,1.0168160904160803,0.3077945373675963,0.0670807894854695,2.0,-2.3004758859838583,0.8624830828949256,5.928369122954698,2.547001833160718,-10.912171020478258,1.4810385770075403,1
c435,-38.59488224518776,13.752164894203434,2.7038793963258696,3.7358095142287935,0.8711992370765465,0.4285021975601139,-1.0511238022162832,-0.14176825171847607,-0.6110452395852717,-0.3069731782104472,-0.8839512182093466,-0.4117845648906333,-0.8802360065862748,13.104811955601868,6.416946579858687,3.779072520030596,2.3977318005461004,2.3214183676226936,2.822347639766898,1.9786565507234486,1.6967646258560352,1.6629184480790833,1.5593817828265188,1.3661094370023732,1.239804651283242,1.0947758131852754,0.012573747209986719,0.010114785370745024,0.06960406171284635,1062.9751628832712,1333.2702239366977,686.2799118387909,154.67281329220046,114.11518829245088,0.8984962406015038,0.3,2,0.11033617961236372,0.09093058169608007,0.46864776492139537,0.8478041537051009,0.38663604158582043,0.09152292119060093,1.5,14.339220248379032,16.183796011306015,2.568471031333674,4.45585516890085,0.06524442216012817,3.2828727559854793,2
c436,-17.978583408692568,12.798092375940508,2.1115854569712944,0.5956077740823147,-6.229477562028719,-1.868490826664627,-0.9058504355338816,-2.997575317150971,-1.9566249447898836,1.277279418876129,-1.0516519073071071,-1.0982730382826458,-2.276834716865272,13.015783113886965,6.215736411079647,3.310275064592658,3.8950945855695314,2.1252323395645782,2.628809855371706,2.064154159174309,2.0424324071060553,1.8310863760318608,1.365764131282243,1.0961470456459166,1.2006353914086658,1.354302395733178,0.06391427808450797,0.05735252681333991,0.09321867128463476,1277.8243467086438,1412.945405437607,941.8293450881612,168.97843517168735,51.38976266833606,0.9849624060150376,0.045,1,0.3052619519309949,0.04840212955575738,0.21418760401945633,0.5163950385211196,0.14930818111899927,0.07167347793057713,5.0,-5.689432677866978,2.7456945918045186,2.1484871207394454,3.2397036935684675,0.4192292982560546,0.6016711375407985,1
c437,-34.318533121662064,10.79862087876354,2.060570492450997,2.236009103925783,-1.9303676615661418,-1.953159292291069,-1.7447257927212667,-0.13532412517914266,-0.6710203064617484,0.3256176060459281,-0.5424357911580346,-0.44418873570469086,-0.4919898514288682,18.547260270682187,6.626118917991444,4.161850854065182,2.4539046426122986,2.602152086156799,2.913771215585431,1.8764441657770545,1.7233925798161533,1.6408891252403406,1.357831227132416,1.371691183234475,1.1709080754812988,1.0159161585876226,0.020654220065022277,0.022762699716902722,0.09346711665617127,1370.3198200189286,1496.5893629665024,1032.275349627414,225.62115658011808,66.39023864250242,0.8571428571428572,0.22749999999999998,2,0.1847071295813821,0.08733357675888248,0.33610588396914176,0.7956644225490697,0.2693776654284433,0.10660057625785464,3.5,-8.362443178850565,7.113033562403608,4.1341730965897625,4.4827623709195885,0.11231862205237236,1.637112363426294,2
c438,-23.01898721063786,12.017894737846765,5.082931755538861,3.0702449259476854,-0.6965019284757421,-0.8272477551229596,-3.573824737353295,-0.22393510994421248,-2.046245562210124,-0.5318915952635297,-0.6254458022869546,-0.960424593983719,-1.745148338514688,13.716312991806026,7.04121821740472,2.9760016787557757,3.0341498058308543,2.2672462187811675,2.4030057668558684,2.181676347371356,1.4113917658425923,1.7111852758457553,1.7333963352479855,1.2849519485108218,1.25299966228776,1.4374220469339938,0.043441588827828254,0.02869872935791456,0.09011925377833753,1244.156148567168,1466.249932010793,924.1971032745591,127.51727340090645,28.00074087693954,0.9924812030075187,0.085,1,0.19053915615228206,0.05302216548533183,0.22433730898691773,0.5018800484823578,0.36451386458550344,0.04869423510371961,1.0,8.950242807159057,5.221749807788662,-9.911434825725175,1.895102746293632,-0.44772477764791163,7.3884480917400435,1
c439,-53.35420866020631,10.166086336524204,3.568180791020814,0.80065254352763,-0.508271859603184,-0.4717683318508399,-1.6791692544594177,0.38673650687315553,-1.4330250019280313,0.16504978072506155,-0.86243044554895,-0.3443131029235529,-1.1324544028717523,36.28806115275708,9.498486764506477,3.7966596065995386,2.9056556165760723,2.3494488961882234,2.43151366043549,2.14660489260133,1.471864050349949,1.8886316784385289,1.5114846100040618,1.5004463840966378,1.2296177586874206,1.2991724555741533,0.023777372562748873,0.021149356649190577,0.08458703951511334,1395.162241637408,1435.0102735718253,1217.7620449943201,163.39383362647794,84.23665695463824,0.763157894736842,0.3425,2,0.11963179937855227,0.08502521619094262,0.27194056968416497,0.44827621479135804,0.296084036743937,0.06217083039214929,3.5,3.319779014889358,0.50998091688692,7.5368327800814185,2.194351115872464,2.7975797418922106,0.4881188616420531,2
c440,-62.12367229464775,13.954870468741923,-0.6591248553200731,3.9810773866681965,-0.6283720118013447,-2.347064854126765,-0.593894526828573,-0.9661940163921151,0.13965336474066375,0.5476079377764359,-0.11970067032322063,-0.17464827994133658,-1.0712740605639985,20.68397232687467,7.535720242784319,3.23291435527516,2.96833910007898,1.8561642888290573,2.423382128092727,1.7502404126415705,1.5527864433266219,1.31278644795384,1.1814976641579145,1.086621947269122,1.1504635436041308,1.097228169741568,0.013641161743296076,0.012329464706502745,0.05643153731108313,1011.9234635854531,1105.4522772893822,818.9794075833906,122.4063042625673,92.16293298393532,0.711779448621554,0.4375,6,0.08177080469813576,0.05742614100277508,0.22665824974938156,0.45594328874715456,0.3317597723121655,0.07384526250922277,2.5,8.970403179269173,4.981945796411732,11.5484233415691,2.763449453553317,-4.93405079054818,6.257096212071571,6
c441,-20.383349909146744,10.995174562115931,-0.9982113776410346,4.549552293823677,-2.5496807277479663,-1.271501506085297,-0.4219614414106595,-0.3209205913597726,0.2008583472324878,-1.3180649677844274,0.4660039627987368,-1.069996255751677,-1.1271041931391919,18.354118688068926,6.607358594408746,5.825730032311911,3.7787778304868014,4.182512007729293,2.8989924783008307,2.002872471444168,2.220863572423072,1.782579702791433,1.8624932192069827,1.6186603414211622,1.576816060031233,1.3693917935570714,0.05096002514360881,0.038928280241985,0.11249163649244333,1509.7155155292728,1460.7608370923344,1320.3715365239295,216.5585194809435,67.00463743816084,0.9135338345864661,0.12,2,0.19852850325794777,0.0718535346307292,0.28372868744162316,0.5034858543681583,0.2054062690258877,0.06558216868256986,3.5,-10.08529577829485,2.9575015622832064,10.85193641600766,3.356222776914123,3.385113459983851,5.0340367239052775,2
c442,-28.598024366786696,15.195498908034935,-0.7283960955833803,3.260434043031099,-1.5673978024915534,-0.8181677446670834,-1.46631021593821,-0.3209503284517526,1.1480339177875871,0.28104887387663924,-0.11634073394496255,0.08878109869819385,-1.738777736553813,16.416404919148707,6.857203144831931,3.642745080064894,3.3606139482155895,2.1588948068208245,2.129876421245479,1.8291908213545305,1.6974451063118656,1.5880436262780513,1.4653633697050947,1.2589173462201186,1.209714062283534,1.354066849853711,0.027112591745736735,0.02045082190053954,0.08222016687657431,1104.659614233982,1210.6572888185742,863.5190612284441,151.3881329717335,114.01772017421888,0.9353383458646617,0.14700000000000002,5,0.23280162696515902,0.09191771373232074,0.38676460133460766,1.1248869040696792,0.23189119051684068,0.0807518255742278,4.2,-18.309980161330554,8.451885641224843,21.931706697671242,2.1867286477758654,-0.6035171426692645,4.53358729893772,5
c443,-58.130542745400476,8.633992531912881,-3.6617848127076096,4.417549705139309,-0.8524599074004865,-0.8657486594789463,0.8637988840793827,-0.49209557672639637,-0.1329511103506237,0.9466923039400601,-0.273093601390437,-0.41755093224190265,-0.8307672829685868,46.958275902442296,7.2385981050856145,5.8074757872765606,3.765790343874251,2.2360151545298477,2.4381173455839504,2.1026643049224116,1.5852052246752408,1.6509043197126267,1.7347139585227975,1.022883072413075,1.2901327227340258,1.209375285737563,0.009886766278182534,0.012206711425505546,0.10228323756297228,1621.329373686686,1379.8643773610245,1708.4334659538827,159.6438704211899,112.78969731069866,0.7105263157894737,0.515,2,0.08535757471502664,0.06325138973782204,0.20428772791834238,0.5643280290568037,0.18238280249693833,0.06535315788444639,2.0,-4.073414964252734,11.065947909361403,4.212395304966137,1.6049963987055427,13.147968093360952,2.728722151353917,2
c444,-24.557267415898732,12.251261073920983,0.5845949286319115,3.391262965531099,-3.8815992452331463,-1.6710058882576702,-2.16770545763295,-1.9577793395714402,-0.8909494950978114,-1.3494073939990732,0.36696431810622143,-1.1613452651209617,-1.8483196107978086,12.571189750559686,8.983963497851668,4.624535856379053,4.0887972439169635,2.741443956541345,2.6025377700429115,2.0247209819639425,2.106482373783552,1.6157306325536183,1.8906643403712784,1.3631212957710082,1.403819015353802,1.4067904125332333,0.03651638480186466,0.03209088306166456,0.1264783729534005,1478.9634383296825,1361.1491584224023,1305.6124055415617,155.27549931514358,42.79808118350394,0.9774436090225563,0.14500000000000002,4,0.1942477849278607,0.08501692633378152,0.3587375079312983,0.8657679659805497,0.27199196288406924,0.059385069335681974,2.0,2.109058608818436,6.085404803623666,0.4936663767852693,4.0726288493220135,-0.7200740322544228,3.6887194006849606,4
c445,-29.101360820380084,10.635275786279234,-3.537149766604028,3.3705097674043967,-3.527664995871712,-2.736761555446071,-1.8611167122870862,-2.6099226951739682,0.03150871157254869,-1.5554939341033103,0.32423380698621906,-0.047735930883806316,-1.8908611088089184,11.397459715751205,7.489098580078755,5.701117407866143,4.00345356926671,2.7871725011217503,2.166349727720755,2.096404509631933,2.197966681837512,1.7982420137009312,1.8439156718380643,1.6526799541559147,1.2690375021210885,1.3046410246836526,0.01654566309752757,0.011831362159234837,0.14306517632241814,1725.3174095501658,1451.9606347095041,1655.6989924433249,159.41574413518512,46.44135533913388,0.9774436090225563,0.23,1,0.18740029527824148,0.09445737976317482,0.38152549533821273,0.8159955817346357,0.18060318516562066,0.09469701377216612,3.0,-15.68868362628316,3.0126000561715385,0.8138407944469057,2.1549664498324956,-5.133066779660826,1.1894760767176353,1
c446,-83.82783550402675,7.548643924417948,0.7420855487190227,0.6094043388782479,-0.21789402318785464,0.15243607797875905,-0.5338954488846339,-0.057386689466813516,-0.4825386813601789,-0.17551786598830216,-0.02288594633855056,-0.021661560418950964,-0.5622761685878925,58.86886618877426,8.981246075496708,2.3809203667911136,2.7326126694614756,1.7779332550758482,1.8215067223909391,1.898085673866619,1.362538174919474,1.3394865366809252,1.0784758118781628,0.981610077737436,0.9083700012062258,1.1375024749024465,0.017596099829425293,0.028971540794405493,0.04233902707808564,1091.3397591290286,1272.3150802587515,817.296511627907,214.96673686274113,90.72352104929489,0.5263157894736842,0.535,1,0.13742277911548267,0.08760141960325224,0.28594267011565855,0.5605468597394339,0.3170069290433106,0.08359773676714026,3.0,-19.156427389147144,6.837755214983304,5.773025844890557,2.9389757710602282,7.212211147973312,2.8889495965100425,1
c447,-32.03006435070799,12.115596654498269,-4.025290901384079,1.3507099722110003,-4.503699042434036,-2.0217644103297623,-0.6265455614433264,-1.9772871802430054,0.1296187500378795,-1.7660953679053124,0.8774096099934927,-0.9178737805448605,-2.0239083855106363,16.989963880821975,6.053750483055836,6.527308539734298,3.1828492864026314,3.1515242669246035,3.125531615763051,2.452596624124931,2.251710324047683,1.876405702370682,1.9285429570858956,1.4227533670043255,1.4067174436634398,1.3128943473692365,0.026658629657940976,0.03437331901637944,0.11893399716624685,1474.1528058110612,1350.6413629284082,1232.8400503778337,197.32266190134087,44.067046268001285,0.9060150375939849,0.305,2,0.2292519755714459,0.10631332189247925,0.42605333719423566,1.0453746687509657,0.32115490265745517,0.07152674770301712,1.5,-13.844783276607576,9.977621692505661,-8.357905043676634,4.88066792216995,-1.3366592542889604,2.4683084654261553,2
c448,-125.4137575177023,1.0022321125696618,-0.7418014058015625,0.10162931044418103,-0.4896077860571461,0.23294041418515046,-0.022619460601381335,-0.03412212755979049,-0.012928825543299919,0.054636476694824666,-0.062266144205328604,0.03730161850195787,-0.04284279844656119,46.341550944310306,4.447482034972687,3.289337413580133,1.5476239123852285,1.5110584917728267,1.1096456013202487,0.8592516021438596,0.5928691501932789,0.7511628795898998,0.6507132872636967,0.5409315977981802,0.687745838658818,0.7971145199657266,0.005229371886555303,0.014799129572062385,0.033823008501259445,1959.3366887344434,1387.9027387156389,2056.159420289855,378.69144405729776,27.375407711442026,0.16541353383458646,0.865,1,0.287648456487585,0.13500553582752461,0.49961245662119635,0.8748517936023102,0.32654494029924797,0.05040998561852563,2.0,-16.09609818594987,7.703671358905112,1.2896527627581338,4.257045560823107,2.53597635738618,1.4704082216043841,2
c449,-43.24118730686502,8.984586487417236,1.6580620677215399,2.081934837339376,0.5441435969475985,-0.12897364524580895,-1.7080967232022455,-0.4350148027550823,-0.13064022942852177,0.25991255768606225,-0.3908877678500583,0.24311614079889532,-1.0363037958678447,23.63799031425956,7.259711997260115,3.0680095521803628,2.899073421413695,2.4797679230772482,2.2505950549287905,1.898037868200464,1.5757008220906992,1.527242163724853,1.4411237895820406,1.287481101988601,1.191378649256428,1.2570583136442457,0.014876803580828643,0.012611980007523498,0.10194131769521411,1504.4377279270211,1551.796435351819,1248.6312066322894,129.47584413032845,91.00745756567909,0.8383458646616542,0.30874999999999997,4,0.11272179324790156,0.08641010572873388,0.30187836074512087,0.4922455529380216,0.24197132816342234,0.06859576502210898,4.25,-2.859849850412254,11.348516871169085,4.35981820778336,4.260031714931099,6.275876499343575,2.797875540498641,4
c450,-39.50813121721212,12.27391282592048,3.655157004104615,1.1651990674135897,-0.20129859346794177,-1.0897122020247958,-1.9749505188156729,-0.8761293215610013,-1.4096668771103196,0.44561367247393135,-0.6579660157746208,-0.27739727439619327,-0.8537765878811352,32.03551218030276,10.30925879218863,3.0831133229767262,3.495082732592328,2.268479366806235,2.596339633966969,2.3816908902124743,1.7987484192386411,1.7992109359247541,1.7055407755029148,1.504899493420182,1.3474553912984408,1.1961460840335136,0.03963491124381868,0.03703191861063903,0.09368604376574308,1258.4257873928548,1307.701933870812,1125.0067435281746,142.861192889354,51.13654212228692,0.868421052631579,0.21250000000000002,2,0.10676303789355793,0.05932751272075597,0.20540151718312288,0.39969700791687335,0.3244382533294913,0.04598005662951397,1.0,16.686098816774134,1.0991170599317268,1.778111110228069,3.068426499392769,-4.087510906520994,1.5522488800709284,2
c451,-53.65209579031466,7.822618664328804,0.2664230032264521,-0.9036283513628024,-1.5635725378236034,-0.20550805547351375,-1.5213761050963284,-0.6694107977460177,-1.2330792093337497,-0.6576115868046354,-0.4818097681874017,-1.0878420783291736,-0.4660294840552561,49.684753741033184,10.143552309449017,4.86077697877438,3.490893366883326,3.0344660044840186,2.3519444353361685,2.1511668710764797,1.805727053109311,1.753457524776786,1.4841837974116334,1.567417969098114,1.5377032405525701,1.128661201605767,0.021535553117208294,0.026511401803415297,0.1437834540302267,1826.6092694450363,1433.0690808175143,1893.010124610592,164.48726347131446,54.417441086472394,0.7669172932330827,0.36,1,0.19949216887753818,0.09685247758484553,0.4292808322937711,0.8808345148424774,0.33547213626699723,0.09353737007029914,1.0,-11.551675245074868,4.517294392542106,-0.43127266088326194,3.223540437147562,-2.9001072285868243,1.4804774217848184,1
c452,-60.207789872131386,10.020600119293087,0.7307698381958613,-0.10613342840216657,-1.2768455719192384,-0.8677814692198625,-1.8263280574528014,-0.19196976221715883,-1.0949534849258993,-0.582338461969143,-0.40830382309076085,0.12983619233912816,-0.7018497500518059,29.13506943711773,7.710391857538415,4.251439370835805,2.9363719891357136,2.255324505449294,2.180518768332626,2.072297599277608,1.5351332530390427,1.5953472458625708,1.3028031220653806,1.288042235508467,1.2983840775617845,1.127024081272185,0.016061979877587,0.026318639323894805,0.08629663885390429,1323.4632247082304,1354.1735316075537,1185.410122282514,188.15338904346513,46.024662329375914,0.7274436090225563,0.47750000000000004,4,0.2005743002505706,0.07922504841265952,0.3016541303639687,0.5900256024243331,0.2734429222283494,0.09379232720277923,2.0,0.4596188261372458,2.0727827495842304,0.586657082576689,2.086951805955008,6.675920090212278,2.1741471452840617,4
c453,-68.65634033905744,8.374208592291932,-0.2607008094899036,1.205599745257886,-1.9808466256672923,-0.6496925654859973,-1.1800536355410616,-0.9757012826035297,-0.42519816258473553,-0.9419692595190297,0.41196713286291986,-0.8304934971686562,-0.838646130975517,50.44238669857464,8.87360330032504,4.880649301650058,3.1157867330373836,2.4961248696585896,1.6060729542880723,1.8626742524534898,1.8396118563170933,1.4775771017113657,1.673954054132932,1.1048559407938996,1.3324634334100232,1.2547812464185015,0.02727930388237004,0.029158270472007704,0.08283562263853905,1539.4035355780125,1369.7568060781955,1401.6868137717788,188.54084911276772,61.60667623058165,0.6090225563909775,0.4325,2,0.21940277700502214,0.07419193529782298,0.37399604963323585,0.5822964223524381,0.2035308487651986,0.10250512529545364,1.0,-14.016098901434695,0.5435292048835135,7.817886511931849,1.3430447528881815,4.657856947174622,0.7361262600279884,2
c454,-52.90354590777325,7.914735572432916,-1.381781384269413,0.9695807183325581,0.5865678684382726,2.1038875891899984,-0.10431801749301832,-0.6871166774799414,-0.3100777116974584,-0.3098977585650597,0.48010274655020113,-0.36107216956176436,-0.12381021643183816,57.1289744561625,6.895261919677467,4.715753290466118,2.844920826634145,2.147183854549523,3.0175670614955163,1.8861943689289722,1.6471642583173307,1.327826004013535,1.320889789720594,1.1938016383767878,1.4052812569722863,0.9461294168317828,0.0655310823972041,0.12316599442346333,0.06758206076826197,1324.9424395885474,1415.0132152481226,927.0481418918919,288.29268284777567,46.65458893255562,0.7293233082706767,0.33,1,0.09950778253715839,0.08005101197494814,0.28966863323739145,0.5691263718773296,0.19337166848690124,0.12632691686080982,3.0,0.09060978001611061,2.0989403887538525,14.286792531393923,2.513915341961526,2.5800820951600167,1.3736089393154343,1
c455,-47.30009000669053,15.084426641918382,1.6579009085060208,2.96647478241208,1.0008223007831478,0.9481933904881718,-1.7537474426533803,1.7204566165724455,-0.14171775880860013,-0.16636158656055663,-0.427907202726831,0.02212420072369981,-1.4423383261334615,32.2186316331312,7.148143716345286,3.2868763111621515,3.132537317293325,2.65970009361282,1.8417438785403424,1.8796817654386788,1.6509413348124606,1.6999227700516515,1.4443495871178569,1.297678797687,1.327807392672566,1.237531036280738,0.016561067983812645,0.016307695364536964,0.05240967411838791,880.0584836517575,1178.0375036874325,544.2216981132076,133.65144062229044,112.5719502303808,0.8646616541353384,0.285,1,0.13514512324278527,0.0871507871334001,0.3329162365945356,0.5795511816434907,0.14780018444318913,0.05155232928077444,5.0,8.220198001355254,7.348707066502708,6.931909427471478,2.7245939892740774,-8.11553036917632,4.369844833186926,1
c456,-30.837607034356655,8.700114143863582,1.5504419149737754,0.10159149049281065,-1.6435159643529844,-1.6160192270968423,-3.1269256760591473,-0.6748167519465179,-2.498026386577986,-0.9144852415209549,-0.32956312584535824,-1.062207250486657,-1.949272000998267,20.117376598554674,6.468846067050722,3.8473703843784532,3.186642034775062,1.9750804454820687,2.0872958370752146,1.9803636186507039,1.588717505464373,1.8270883644414178,1.5166959725368254,1.271668144844011,1.2194638867585357,1.3640137116524922,0.030241487600362604,0.02338880002665336,0.12253128935768261,1643.838185560971,1631.1616591787201,1423.3663014453898,151.00391274444627,21.28295874168341,0.881203007518797,0.179,5,0.16044147153537938,0.0769567003440004,0.2979782208060868,0.5816938850489984,0.2553523410733379,0.11553444738737609,2.4,10.232444959422489,5.96466724891864,9.259601881361512,5.336818633925729,3.350230821725309,3.4050043485013197,5
c457,-53.34492162844538,13.0153399122616,-1.7186044575763624,0.8043185606681252,-2.852345086402402,-1.2479571165995271,0.05547622191100206,-0.01663957351020117,0.5204990267140399,-0.40586728932822824,-1.1361458746295336,-0.9833953302378237,-0.3964747112719196,52.54609440579392,8.92467647960261,3.616740444866504,2.5059025624965936,2.8929372116518257,2.3207792913834617,1.6954875418165367,1.5993474045844378,1.4675829464435377,1.8557094540420924,1.6748385861115287,1.3444575324004915,1.0634316230134204,0.03201977485322518,0.03742568141743268,0.05474161681360201,983.7886851231768,1090.7014438113795,723.0252442996742,204.6975985591765,65.68236581207744,0.7593984962406015,0.3,1,0.13811571141723905,0.09413567116270218,0.29397240284685294,0.5361538958150394,0.29089979319592985,0.07873470563045737,2.0,4.908810177012936,0.43910314131338274,1.4717717420837362,1.0956250407039416,-6.342692249496639,0.48536339197390355,1
c458,-64.81813049515682,8.228799513846775,1.2410536714232077,0.7729765571918119,-2.103729291107903,-0.690339447135369,-0.5047853521374361,-0.3663784701555043,0.014750059151355613,0.7514216583904092,-0.8638540083757822,-0.562896412023026,-0.9654026161514767,61.24519013849449,8.427312805516937,3.7636600203513813,2.3084771190531685,2.577640676515389,2.169207630713794,1.553192376542518,1.8742491704873059,1.2344756281024545,1.4104864986923082,1.246709266037815,1.1149448014464038,1.1204257319805442,0.028450367464444362,0.03767210263896678,0.0734709540302267,1372.3116405718636,1406.3654699329034,1226.045719844358,194.26363742375295,99.53363956269328,0.6240601503759399,0.4,1,0.17390901917658452,0.16985323078073505,0.6937599573015415,1.0229520203860978,0.33193018560137977,0.18209421022181824,3.0,31.48458018260424,11.671730581905845,10.239948393386804,5.1919116116692114,-2.903882499620637,2.7413337731427108,1
c459,-17.252045490006623,6.476286885060161,1.9141645941820247,1.8836321090971782,-0.8207299866358346,0.22580192358315498,-0.7568908739600423,0.4510337177528338,-0.1909582729317069,-0.1785993717208965,-0.16282393007264662,-0.5652986125376656,-0.007252288259753825,13.362097044332254,6.490772177586098,4.587239125707158,3.16591146997533,3.3359079609236004,2.4543849266857176,2.094227094088378,2.0542417412265963,1.6520830245544613,1.6148394901714376,1.6231742911948002,1.5375637688389596,1.2173486281074766,0.05628476939647538,0.05724577062383929,0.12610447496851385,1840.4278420812966,1757.0335466148301,1414.3773614609572,265.10085074582594,60.379273085604865,0.9436090225563909,0.07875,4,0.22223270985892274,0.09645410480298422,0.41777520133356943,0.8183892018893025,0.33622830736454357,0.08835505875686156,4.5,-31.283795213491906,4.2275976749871385,3.9197315287626786,1.7673449917620119,-2.8310170857268813,2.056399386331284,4
c460,-26.141259274730526,10.974846831890797,-0.9411713490791549,1.3263516065226553,-0.8382466744178336,-1.0181516738561363,-1.4344525017434104,-0.24028768168393755,-0.2633986607645037,-0.2803497518846289,-0.1931183412518243,-0.39306928782283124,-0.3916174618177896,21.031576494793217,6.635492440750671,4.920817378772298,3.0510787424690786,2.5399337651291125,2.409326743175059,2.230602975440111,1.920416089590199,1.6931731098836855,1.616957615327551,1.5686260010009696,1.3944788253330418,1.0974864632159593,0.05127861832136413,0.07024470379931705,0.09230114530856423,1390.8821175955356,1440.0967132333333,1097.4401077714995,227.035928149587,58.35874063892405,0.8984962406015037,0.125,4,0.32875506201186616,0.13908833674258908,0.5819775334961595,1.0958111581154042,0.29785947958860404,0.07595424881053355,2.25,31.301757608119587,2.577473071499824,3.892009103809448,2.190226128333185,5.367785006089929,1.8026457115252854,4
c461,-19.1777372215263,8.099112434093875,-0.8847093458955344,1.8335679826842817,-2.2225689772520725,1.263859020774714,-0.3004833959104201,-0.21244520778005815,-0.40291362030853317,-0.56752399565769,-0.3591800405911958,-0.8231110569107208,-0.8838657919548374,10.22725944088702,6.8503318284626165,5.021752254077924,3.0366544975270164,2.75035940094625,2.553681028384494,1.9998172636293972,1.9670726333065631,1.703202055985071,1.424739487517399,1.515571580284366,1.436742061262976,1.2014011703746328,0.027176272487659157,0.01838725231715112,0.1408021095717884,1783.2903680656723,1574.8119807477883,1570.5683249370277,213.63491852229322,75.65884444086997,0.9624060150375939,0.0775,2,0.15022110870651595,0.08241946529995202,0.31670725902917757,0.7832079795031455,0.3576090441591153,0.05846654350642687,1.5,15.055766536577607,11.564297071825962,4.250664928685097,6.966316196421133,2.8990084988010625,7.255049406113237,2
c462,-21.096742751617644,7.133584843659575,1.2890397993234564,-2.783343122842887,-3.070503832087689,0.1364760491648673,-1.6642424732065955,-1.9225745047568734,-2.2957360366357977,-0.2941595515748769,-0.9473405944070556,-0.657517033801799,-0.042854182419046205,12.115545367812445,8.200641655151838,5.797708415076923,3.0146423027009264,2.8705013295463235,2.455957108817553,2.073505892720992,1.8228867798819741,1.8132973575296973,1.5153718007276626,1.5638085715283454,1.640248880229429,1.6450819679329527,0.04962059925897113,0.05638335134235124,0.1827598590994962,1973.028471397568,1647.1617324252215,2001.456234256927,238.95090186291833,73.1452710584565,0.9699248120300752,0.11,2,0.2522468839133195,0.10508443140540151,0.413505969321478,0.8923203648630231,0.21003544751019587,0.08174228550706569,3.5,-13.288734764374931,2.727628245932412,4.713368711663017,1.6212558256869165,-8.6107773220817,1.9998549767273406,2
c463,-25.994515660239408,10.70617236909081,1.3425930172852643,0.7208249023496954,-4.159612129846225,-1.3808791676415246,-2.786335211307632,-1.7969980687943914,-0.895526642687232,0.23519565859108044,-0.42758675096174187,-1.023058095486009,-2.2795776281232665,46.32346179519251,8.160510516624484,3.421411198785105,2.571781533655338,2.841853013717332,2.3688944285419966,2.592818166479343,1.7897559780087238,1.6037965219586776,1.5019060560765032,1.3167665488336604,1.280545441492666,1.4701654496500516,0.09850061798416279,0.08156749788769757,0.10294493860201512,1344.3825125878693,1359.0252691415662,1147.3973087818697,118.31210811618524,69.29013964820739,0.8872180451127819,0.155,1,0.2276857302161961,0.12256255080937457,0.5499553056488518,0.9767898307841894,0.17256568391419544,0.0655806671927031,3.0,-0.4880339224946031,1.9563774068500965,-2.366456820264122,2.957465603937553,16.200327652934703,3.389169369428059,1
c464,-23.05178655064701,8.796045646249672,-1.0536596149885875,-1.0297361103707092,-1.2072631923342658,-0.5723682864557523,-1.0855745867425077,-0.043081220088682835,-0.5286623030369633,-1.254705196833537,-0.41417870889314645,-0.4908434820580697,-1.0427605496061016,9.945365295519565,7.0977286861376925,4.9017379280283055,2.8052842715477415,2.723500736613719,2.559422652181922,2.2338451028446697,1.6570179862932737,1.6214142777997695,1.5922803906355316,1.1152345809758542,1.2674083081769887,1.3720917218747029,0.040561064304104555,0.05974522273482679,0.15714538727959698,1777.7570097572952,1609.2244657097574,1764.6410579345088,197.9989560544243,61.457883498912516,0.9511278195488722,0.18,2,0.12188745106604724,0.09364247036762674,0.37081322627559077,1.0438893123259787,0.3114996510937529,0.11827196917328045,2.5,13.934915397160248,6.308816251992599,-0.18580823870130678,4.271633087808094,-4.592085156090695,1.6449623396035422,2
c465,-33.90490402166146,17.060525040935033,-1.052524458045071,2.344315337834486,-4.141107287294905,-1.628549389037976,0.2711832227648422,-1.6266693413952238,-0.4666541363225844,-0.2567166116939127,-0.6024133953632762,-0.31275754664558764,-1.1095894583859616,11.841028073265436,7.302421629190796,4.93099923517354,4.564012092566129,3.056505662594089,2.662186464460665,2.1869576877962924,1.8423187219134356,1.7350418679399557,1.4465077915285554,1.457087073005572,1.396527885490713,1.249084272294654,0.022083799240436366,0.024992696407112564,0.08838259603274559,1087.0557673429703,1128.095595133587,893.419395465995,118.50200761702968,59.3092441533119,0.9699248120300752,0.275,1,0.27044521791552945,0.07357006436086246,0.3327633963954605,0.6967986223137071,0.21559715622163522,0.12338160404920939,7.0,-6.142992194024661,0.5270523602375663,5.403181741361914,2.1278743050111064,5.3944817063279356,0.6399457019899367,1
c466,-40.07052159326998,13.287628479831946,-0.3901258513987651,3.5353869206467823,-2.7611581716969225,0.26814382202887277,-0.39925926830300007,-1.7863414799726858,-0.38905464132457657,-0.22020158677224283,-0.3485888539482915,-0.652883592049951,-1.7635798789148955,41.3064717702746,9.894267492874606,4.76701507447442,2.831452830205638,2.4167229782688078,2.0354488856552604,2.240956765031386,1.9019053946955,1.4730466918631413,1.4271978086000308,1.2063248781699258,1.2799222305265578,1.590438406916875,0.031093588382030305,0.030966006811207977,0.09838928683879093,1338.0348719941207,1284.926417797911,1214.5892351274788,135.3823593170317,58.111152338082285,0.8872180451127819,0.225,1,0.22939051026170731,0.08214250009449736,0.3463869103122293,0.6410412511098448,0.2693278165918397,0.09688388309052869,2.0,7.375068793876664,0.8024341256928471,5.081470969437901,0.8802201533882977,-4.108211430124177,2.007449072162434,1
c467,-48.974333697392595,8.192209117124186,2.4435944847699616,2.86754437649045,-1.611280958604056,-1.3541779328971144,-0.5784488808508613,0.05266947044926487,-1.3560151551960717,-0.7355044823704576,-0.8867463319969273,-0.9678532566715339,-1.1208160445413786,35.943605197580794,5.968285721630643,3.1608648776098116,3.0285840150987884,2.338820027794574,2.4159483517871942,1.7253894029784105,1.4248700996315686,1.6089383183079433,1.3553220030155146,1.145257586731394,1.1928529873868996,1.1054572181604057,0.03151405487566779,0.02654300760228854,0.05818787389798488,1317.4174414436266,1590.2670616583105,706.6906648518598,181.75080867173733,66.61450198460633,0.7368421052631579,0.2975,2,0.24782125793230253,0.12364354004871012,0.5197637175421568,0.9850404006706185,0.3129240252827646,0.08670330872185739,1.0,0.8956025209002623,1.8509517587826743,8.51321853754077,3.6197854697614598,-8.211489384877705,2.5637667104961936,2
c468,-38.4978925027331,11.688251844335532,-6.854975519699852,2.4033248423561435,-3.610304781163394,-0.763117245111492,-1.1441683155045035,-0.8144412794002603,0.2769189947475459,-1.781554461355773,-0.5707522572251482,-0.2617392108263965,-0.7063515655357253,19.97851334067672,6.0716766323672235,4.630420971576731,2.8736776973582057,2.8871793935905083,2.064361648619876,1.6347122960970144,1.5515405862041602,1.5026574984934657,1.565502856440622,1.3060194190684968,1.0693693692601667,1.0528489696359622,0.015989148727148877,0.013787741741364167,0.11234847292191437,1502.6807762157864,1303.7796671024096,1468.184680558736,173.28620977946645,32.69937285363117,0.8541353383458647,0.33899999999999997,5,0.23814007826142003,0.09648240154220517,0.42057614719831315,0.8951111769754286,0.19839261221569782,0.09155090081593546,2.6,-9.821913273464466,8.146410058305317,6.9685632227891645,2.2851704832812345,-3.3779180744451063,2.8626646681796637,5
c469,-39.56661195254652,17.250669493513335,4.313373720044832,1.4941970825408961,-0.16999110176334878,0.2162319454826214,-0.8688009079041563,-0.6824839366103295,-0.9195437727360039,-0.1259030922868241,-0.08062238737553899,-0.5391151219892107,-0.9774061146841339,12.15169543639674,8.50009722761026,5.161656666858338,3.753993818792577,2.734079195531528,2.5653125892062234,2.252251367494123,2.089259119066726,2.404587063097347,1.47988255150681,1.5438708373390009,1.5971470176159133,1.3771821900001813,0.03900621392247728,0.05496841432332274,0.0647433879093199,837.3415609754334,1010.7799480821511,748.8979848866499,230.92325995603645,68.17532463990068,0.8872180451127819,0.155,1,0.19001023213366963,0.11622884900801665,0.4561614916472406,0.6304899429212913,0.32821273299666404,0.05260941592434462,2.0,15.863411453065096,4.054687676950755,-0.7793794489528448,3.824936565476634,0.44561839453838176,2.9326642681227906,1
c470,-31.791735455845608,7.8329365439028384,-0.582483592610638,0.46980375039509376,-2.578252331892351,-0.4827744033141447,-3.754130510354803,-0.3990773092079664,-1.7103938446470603,-0.9208126043925645,-0.764843733177693,-0.431327364641191,-2.0875545905342876,13.772399043489726,7.259795050627415,4.301540691421508,4.009687396953617,2.4708476407162996,2.286619553228488,2.3523008263778253,1.5915325517439882,2.3216176304899285,1.7208112775055617,1.6743334953092477,1.19050503760211,1.208232635637327,0.013479477355493584,0.012444672549192052,0.14405403809823678,1845.8166416138592,1611.420968884479,1618.9389168765742,192.9533608823884,53.643865317277545,0.9774436090225563,0.32,1,0.2176018342406064,0.11617892444133274,0.40906275071947185,0.6900713125648711,0.24264695274581383,0.1343980799951815,4.0,8.551671173709558,7.481400904890374,5.753677765054624,3.271578571748932,2.494630769113613,1.918058838227976,1
c471,-38.81190741495261,10.316922820022427,-2.681710449488003,0.537950030780917,-1.9250109736871148,-1.5913078498543525,-1.72886446435999,-0.18466447460396737,0.7870882867008683,0.3162995239688801,0.46703466227906293,-1.3987874579323223,-0.09613545636510663,45.213723985628235,9.78616933185839,5.181938004812725,3.6137024317810513,2.11957333176454,2.5817160009141182,2.2701338657364545,1.4566864158548742,1.6440176353251585,1.8920276475858968,1.2804560782157612,1.5100849615542231,1.19023250918532,0.03869164561002563,0.04143238910327775,0.1188503620906801,1522.841167350505,1256.6431575377612,1492.8024781341107,201.68757831244298,45.3188717107778,0.8646616541353384,0.2,1,0.27710259875256954,0.10329657742575703,0.48493040411745725,0.9883442491878828,0.3364826934128139,0.06809104462704922,3.0,-25.094652835014585,4.172960363429761,5.085977234063968,3.2208363514504454,7.875304805038163,3.8000851447916975,1
c472,-10.989818100162594,12.489133953142153,3.2614269307705186,2.268923004981397,-0.06953958187730852,-1.8681948169697673,-3.316087967409164,-0.09916263267301442,-1.4227889706862182,0.07953834162618573,-0.770976074396314,-0.4026227925038743,-1.1732632395270974,12.037408773339417,7.215838627250258,3.1437854742049467,2.9188037775434332,1.7843566005105596,2.3344120094618956,1.8826468710652033,1.6979139986483753,1.620398066007929,1.4415695443789396,1.1665034572089283,1.1871157206814251,1.419458619800453,0.10256554913788592,0.0769341784257452,0.09466014641057935,1263.557186098552,1425.9462757837362,975.5195214105794,127.00724989791047,64.06619967854647,0.9849624060150376,0.055,1,0.21036569195733373,0.06833879680244817,0.33361671430181383,0.8033827414620338,0.27831561809281685,0.06527340672003892,2.0,-9.694198875366885,3.3431639589017004,5.253340669994076,2.83053565272168,-2.510884949512035,8.295887494100963,1
c473,-65.83583179178461,13.881701863700574,-1.758807711611531,0.5445592268484496,-1.182158950833545,-0.45499077719293834,-0.31134336983533695,-0.5395444560319652,0.44260552525699265,-0.8662323985196739,-1.0114839494103878,-1.076610738005749,-1.0872604918387088,39.48334758332638,9.950039436402363,4.604111145310986,2.749603612645091,2.590326348223467,2.0774980708636988,1.7429136554167313,1.7659984055124585,1.2498367126697203,1.3841111889880093,1.6066680605177561,1.4226248984894787,1.273770597613427,0.03179524337220195,0.06847262809745364,0.06836921442065491,1078.2679969600163,1025.640193563958,1134.466165825839,168.5093288955893,39.78894925871334,0.6729323308270676,0.445,2,0.17194974213767392,0.07966288569428184,0.3058492520204658,0.3937937467496172,0.23710309676813313,0.061559215512773074,3.0,0.3840025502531512,2.6215341064278657,1.7500251677107586,1.912609982811201,-8.022336852690682,1.2848223244547823,2
c474,-20.622588087469552,10.809499549107358,-0.3421433202899158,0.057126177945744025,-3.2839107120964557,-1.1791559001077347,-1.4779546578044855,-1.1217402374664989,-0.9392556450980291,0.8147005162183687,-1.2380630343800814,-1.4265082925456107,-1.2036480862961152,32.70057074345243,6.079523561200162,4.31532531727724,3.0184043204174524,2.7857298256013667,2.435151671800327,2.105851896792224,1.574827542155824,1.3804573361641572,1.4534654050880986,1.4887161519888372,1.423152253428453,1.155217103003198,0.10969565867616476,0.08220596230394674,0.08751426715994962,1338.4411284255814,1424.5479865699374,1091.9452197789728,227.6311507795685,34.68488837438531,0.8909774436090225,0.10750000000000001,2,0.24616230996744703,0.12786668617827385,0.5011062908944752,0.9233704280247468,0.3878368991732807,0.06553808018683432,1.5,-2.768155028163124,7.678948929099898,3.0381628877773874,4.562276257151696,3.6204760166588423,1.375340895006992,2
c475,-43.53409768091768,11.577859132720532,1.3228409964669936,1.5723674503583862,-1.5832075016133094,-0.49193888830006505,-0.849452155267197,-1.390466910530628,-1.8124065185079261,-1.0005017034133712,-0.5525748465812277,-0.2601255538758902,-1.193827077084224,56.404402718969195,9.039004365915702,3.512399786588338,3.3629226048027085,2.700953318362223,2.439653706780891,1.8467562899012926,1.9780063810905288,1.9241250735981956,1.417340874747594,1.338426763800687,1.399008016426734,1.473000651783387,0.07269090707082958,0.060827940009439564,0.06891530226700252,1148.5664812752173,1236.6151567346367,956.9556451612904,157.9543432533382,61.340497113328546,0.7593984962406015,0.26,1,0.22775758302078114,0.12325907031668197,0.4126251402539157,1.0894898507885158,0.37191384371387415,0.0274292793070418,0.0,-3.8489181324060713,5.349151916409798,-0.22612453938802987,3.1163038654872577,0.08193729484959816,2.8970061449410527,1
c476,-42.25232480768584,9.999962762665067,-2.5063011378747104,0.08254247640964649,-0.8640011195290218,-0.8729938834715555,-0.7840103478363181,-1.595929523677379,-1.0832589651176268,0.1346987951602717,-0.5536271875052936,-0.27173506225635197,-1.298029636570934,44.3192751337908,7.459839211211231,3.918116135334428,2.754801577888625,2.647585934968444,2.2373550546095844,1.787553236721616,1.8116614353803224,1.4567401315067863,1.544789657566614,1.36092990792017,1.2786175073985948,1.3460675777544524,0.02013697026706333,0.02269878943326493,0.09814330132241814,1498.433467901629,1430.5233814934934,1396.8384502923977,142.82003833852968,55.21131154067416,0.8195488721804511,0.325,1,0.10234502925262966,0.08251878845226808,0.3459653669618731,0.7943000754495653,0.2665389761504896,0.06685433713338734,2.0,10.871769872782991,2.8958725222843498,0.8670668439846594,4.596787965986419,-5.797991130199771,2.321129659718821,1
c477,-72.31814096966713,9.019717517447333,-0.08958669164877515,2.0406889657352063,-0.3331793030636818,-0.7975978121017167,-0.7667933923950625,-0.3897487126723963,-0.7491432498179882,0.21244328183610908,-0.12245102645056126,-0.2726642193669869,-0.7868226633332164,56.481886021317536,9.981100100047462,4.46441783275733,2.9966125455713253,1.7113637735932115,2.674233952999334,1.4923175418907324,1.5536183273439235,1.5059677042042154,1.2546029601995072,1.2252601426255176,1.190332117090849,1.0537637008399976,0.016310131675613064,0.022211816927602497,0.06590935925692695,1345.7937833763249,1345.9471387200363,1034.313725490196,158.14567898284233,77.2885134743051,0.6240601503759399,0.49,1,0.22702271587807313,0.09209507668696888,0.3471012395388662,0.5750161863368864,0.1373097611381316,0.11644635566535727,4.0,23.547652919481248,2.4984661325771773,2.2953855657650077,2.5871548630769454,1.9814738146959265,2.733226466631518,1
c478,-19.316947913420883,8.432502151108373,0.6715309977663007,3.6950547738269943,-4.246735736303297,-2.264145918799522,-1.912950788551667,-1.6481050958080723,0.14748301700292085,-1.3893235238169663,0.42537876909662653,-1.3299458967977977,-1.77078293303919,12.906662929892,8.233092378499197,5.042239387490339,4.26564581969135,3.9855048703087212,2.5764233453698475,2.269036210355988,2.141941676828388,1.6825321378944758,1.9742259506718196,1.7864404060909944,1.5427322236824463,1.2891743425003654,0.04570323799672453,0.04549572128349563,0.17632487799118388,1973.7211007000642,1619.9371690941243,1942.0261335012594,178.4608140314391,44.54059165045847,0.9586466165413534,0.0675,2,0.2821810022869927,0.09154630283998987,0.3965715223164268,1.0301723394117654,0.2501079797834269,0.06901197441524855,2.0,-3.191154347483846,1.3191398803781378,0.5648818627974377,1.7675169093258298,1.6993751131389994,1.4432034840884698,2
c479,-24.6508060691992,11.475414117141224,-1.473928887575317,1.93947642541194,-2.579145798270857,-1.6859904047575178,-1.6249304139064034,-1.1083907734931808,-0.566429263321838,-0.91317759122862,-0.5165318146369492,0.09206869816834919,-1.7737540110881385,30.36611376392959,8.165620605038471,3.885820485205666,3.5992768386503284,2.5987100737045976,2.3936921782040192,2.361008798018908,1.7008617309747602,1.7723637380988515,1.6442575647623028,1.2103292122162563,1.2481017522809268,1.9133959509277694,0.04017590862172596,0.030909317798367288,0.11594773299748111,1468.0874163224478,1365.561467542245,1237.2233072916667,171.59291847604683,111.98179481407688,0.9172932330827067,0.175,1,0.10402880001358022,0.09941935147690002,0.46001253044439366,0.6925947941741106,0.4063031509470104,0.1646185850026212,4.0,32.630713507769684,9.839931977637853,16.282960564445034,7.828054458217239,14.489318935143153,3.5661571663011276,1
c480,-15.556727528050738,15.19145444506604,-4.758865360323264,0.9423524261422549,-2.273219026203206,-0.6768015750996581,-1.9552581553818842,-0.22920919264110173,-0.528225274329668,-1.7915858826867939,-0.8782887456543789,-1.9020237117058383,-1.2275984661348456,9.346735531536531,4.314812280441159,4.853002418684756,3.4231529656407695,2.623539451674038,2.823774366176652,1.820771165144501,1.9646854836285637,2.2169182768364855,1.620219755617339,1.2648008139548184,1.3975453246697302,1.3299793690254065,0.06544325991268957,0.0476926983487203,0.0844861854534005,1124.1381423383305,1126.3740363895947,995.8280856423174,248.6952727512121,56.422168936310605,0.8646616541353384,0.0,1,0.1611451135019687,0.0868982954174395,0.36317628352121656,1.1104028552358076,0.24184787279848613,0.09526989197301612,1.0,8.890388898285009,2.586112051758818,-0.27157110917326344,3.3819768055398867,-1.6929564196429692,1.275790626866621,1
c481,-17.570755123161838,11.485613751909586,-2.5172353974850785,0.6389222953604032,-1.6408714365793322,-1.3823150730642013,-2.1755584123693192,-0.2905101578685899,-1.258189286950786,-1.0935243860993888,-1.4673493357298184,-1.72377617811122,-0.8575888513122175,11.804709796329396,6.080501344526594,4.501095287884435,2.827961775949541,2.584070659758302,2.5977775723645986,1.874112986354076,1.4605817996025907,1.5742362626949213,1.7069124093177857,1.488971940044124,1.553954810421249,0.9679711915180805,0.0393218601979372,0.030709391580852573,0.11055081076826197,1447.908537184354,1433.6993923471318,1243.2304785894207,162.2144591513742,29.6277211646936,0.9022556390977443,0.135,1,0.20092924246839317,0.09016822054937648,0.48637956791953063,0.758429536964918,0.3031819428633239,0.06497078177353878,2.0,-4.750655947777543,6.252986101916992,-0.4499173155152135,4.617652938751867,-7.363775235044123,0.9680833097956532,1
c482,-23.755805678141463,9.38698009215362,-1.270834169516427,-2.5187262164606747,-2.2406921284342234,-4.79036932963158,-2.3543250629237544,-1.0034868354150193,-0.6483615060614071,-1.5894181982640676,-0.5314473179994929,-2.4554825657444317,-1.232751930639374,13.060682159349925,8.239541804306203,5.966197717314989,2.985540423956616,3.2066794843000723,2.598252500610269,1.8758711032200528,1.652086130379208,1.7249186957433498,1.8531056200163318,1.5353531677420447,2.117138276476891,1.3032697385101744,0.041767773853278685,0.03497864341019063,0.18661937185138538,1898.584000470885,1524.0216086949968,2061.4767002518893,207.0352040427919,33.61231467280088,0.9473684210526315,0.175,1,0.1444940126019305,0.08466645570492243,0.28183438315779064,0.8666689949215572,0.26808991840720064,0.056990679968736954,2.0,-2.9585030449264536,1.0417799737449487,9.776452841402298,2.7147129146706557,-6.1684534104512245,2.903737760195132,1
c483,-26.86511332875141,10.133913985624655,1.7054373400821026,3.2049860321033163,-3.2426469005691896,-1.5055034828703586,-2.6657731989488385,-0.3452867625788765,-2.3500057629691478,-1.151273806571199,-2.7877002064198098,-1.5503992354098597,-1.5188604794517842,12.366811952407401,4.281237442478204,3.8837836762716704,2.606192927490145,3.5607946355480955,2.830615949955224,1.7079401003804282,1.6310110421728932,1.9397552440457881,1.4528290268418507,1.5892053389243461,1.4745334583334593,1.1623561784839693,0.03268274632969645,0.03393836944689902,0.08344320686397985,1387.6840032587122,1568.6785736097795,867.4433249370277,175.12779001519257,32.74198302128362,0.7518796992481203,0.315,1,0.2661933917534487,0.09219392950837935,0.42129953644245505,0.9432407884601343,0.40758553556210886,0.028757352093343656,0.0,-8.99061310048295,1.2808819079306133,0.020876315520044972,3.366021855867699,6.049659873574382,2.31575080316361,1
c484,-10.697645608502993,11.38315702389458,-3.8857699369603407,-1.0585147300997961,-3.3488266076178284,-0.7789675237078122,-3.085023329052825,0.15586046021365804,-1.4780602017479205,-0.5576660157897956,-0.23876797861031798,-1.3627484371455465,-0.5851872298639311,8.154449441062193,4.691508999997838,4.046579624097105,3.0479003374966327,2.577783681072591,1.9118559125875942,2.102396808026764,1.9107496505957993,1.2460084235047562,1.4249356523700412,1.3576359341752176,1.5891620058054263,1.7886300982783436,0.07980772876470786,0.06869625238393784,0.10768261964735516,1405.3392748202348,1367.6143445647906,1194.8205289672544,275.23875458609393,64.27590210024391,0.8796992481203008,0.0,1,0.25800389130108203,0.07391527563435335,0.3581373990015537,0.7846812776139827,0.2921554545837719,0.09412604404926331,3.0,3.5920271425521815,12.532294095055995,3.6076259856523376,3.2569715572223283,-7.817722592622357,6.304727549187715,1
c485,-8.231681519825354,13.487730952969313,-5.826811864908751,0.12543920038297166,-3.7922271818644493,-2.6791357327141454,-0.9083385515130894,-1.1147351832767276,-0.909076268697,-0.18313020146608563,-1.0576204770497428,-0.5865969146947825,-1.317180983382304,4.697358319497252,3.5954143444287934,3.894811861804707,3.1001807355227147,2.60505878521655,2.5323478254479213,2.0724177496658163,1.4705315266075552,1.52485128638456,1.15210221333023,1.3607351810907116,1.2047995262123925,1.0640814235871339,0.06395482563546152,0.03079705434691363,0.10723492600755667,1337.6734819850915,1264.7875926381178,1249.0554156171286,211.63614708290328,28.68158759005343,0.9849624060150376,0.0,1,0.20898239649254982,0.10352352449284748,0.4898715327357428,1.3197954353980081,0.14904095080932422,0.10092707432674879,3.0,-13.678326238197759,3.8805405559284987,-2.5863031182287632,2.3460140570409767,-12.580289008441557,3.4922872287664335,1
c486,-29.90156764871758,3.537236709686988,-0.8967688709877093,0.5961747246245722,-2.1372155734778224,-1.0778267105863049,-2.9109780928635827,-1.4088322887168787,-0.9036175260679907,-2.0586510378520004,-1.1650701110963606,-0.9961612212410242,-2.1157048566203818,10.079128133476033,8.215025747003526,4.660957999074806,2.727105780989394,2.1501981369792316,2.4087424798092725,2.494881491307613,1.6066397227451112,1.7731734097480816,1.592277026415369,1.2037048199941909,1.0880327264030227,1.3047423197166104,0.011853141984483612,0.010953047684275928,0.22676912783375314,2324.6869537314383,1736.875118729394,2536.6813602015113,118.78763835378629,27.2709443271803,0.8045112781954887,0.375,1,0.23514748666969978,0.08405520949570469,0.357322461019463,0.9570849422949037,0.2826561747964264,0.057187544739248725,4.0,-10.61235646053118,2.167956926496191,-8.8454599592163,7.8002759597026,-0.547167572968897,7.470494488724545,1
c487,-14.66870317955534,3.5214022463723302,1.838430535911581,3.6326674662052674,-0.2528095586560863,-1.9463363736115808,-2.428344858864838,-1.0277989647801917,-0.042820281399708636,-0.016998048924137848,-0.584381594964723,-0.2865196699269862,-0.8351184474475244,16.519194827763986,7.96045347098836,4.602887993020548,2.8028247670167215,2.43627214043828,3.4561586433187803,2.7395470698138467,2.0490814437313016,1.546588273213983,1.4580183079497386,1.3436977178732814,1.2888755128866316,1.2892442248261828,0.05355422915181104,0.05284217430195937,0.20034044395465994,2387.523169288075,1878.90937284941,2301.558564231738,150.3114811780363,91.1627094111578,0.8421052631578947,0.235,1,0.07123080453303618,0.05794686138536703,0.19469640519636422,0.365930194887435,0.10929272880811006,0.03870973734248001,3.0,0.626188817893991,6.550783933939801,3.3631975345749816,2.9751053405069303,-3.3767469265849788,4.060799034034118,1
c488,-5.603717203322468,8.311647636273316,-1.3761363638086221,0.4276919075576895,-1.192037393412381,-0.7127641892459565,-1.4754533531749263,-1.0914393869902481,0.1455558960310364,-0.24424115085117312,-0.11380210641825986,-1.0992963445259727,-1.0859206435602184,5.937608436414017,2.4048975159557946,3.4005252261763097,2.105632941629308,1.927737746272117,1.9413180804332852,1.6767389673752486,1.7016675176672178,1.5954334298993118,1.487967026042971,1.6226718774407995,1.5098766556733134,1.4214800632947615,0.054201763321285214,0.032329830881713206,0.1285274323047859,1714.5537415649126,1731.2245793366974,1257.9502518891688,213.57828617942752,63.26779633926904,0.9473684210526315,0.0,1,0.2307651622348465,0.12405948405732313,0.572544104504425,1.602414837552043,0.3188871929991484,0.12612100780987184,1.0,-9.395521329213897,1.7993115083645999,8.254045368693859,3.949038456799901,-7.34184697324467,2.533314738256986,1
c489,-9.360448210190247,15.180049107646791,2.8521092357206985,2.802416299974351,-1.3913020624051513,-3.3315604574697346,-1.5919396965389276,-1.5139585552908001,-1.208031240357027,-0.41497965021747674,-2.2855147798402315,-0.5022203884736229,-2.997920755787356,11.996458015012276,5.558090521894338,5.144655782557001,2.985928765097195,3.1718015311043652,3.0474736978443584,2.3835298241431695,1.9572877080884554,1.9386547815455204,1.4205333581502724,1.302491012241282,1.4775712479047844,1.4502348962034897,0.14153293124705907,0.07659850894744935,0.06152097764483627,982.7465409308581,1277.7945012832379,565.84540302267,126.01820329524341,19.601424009574792,1.0,0.0,2,0.18970275352575566,0.08722653577044545,0.4221605031363357,1.0687725405316484,0.06557381864775648,0.031774236513209334,6.0,-5.580342807302771,2.5901430023969887,1.7598631026621656,1.9852348706382368,1.8284551056134883,0.922462917156274,2
c490,-21.199481455606414,13.028344219389425,2.455854402420961,2.2422145566742633,-1.3773550643638837,-1.6099529106988992,-1.0822828661079684,-0.3494370802155134,-1.108658150674922,0.28856820642333597,-0.6340440431812194,-0.056370480381573586,-1.5688537825394653,12.255163562940723,8.059341678692219,4.2847426728698075,2.87466404825036,2.6651154797688172,2.4511097535707225,1.9743515488564,1.6164740178661878,1.8147521694035642,1.6165485396973411,1.3191268340995947,1.3050411507095563,1.597630510685019,0.04511335912060047,0.04426566040580183,0.09578184036523929,1290.4077474578444,1412.6100265735931,1052.686817800168,127.4331589730911,30.65579515615711,0.9448621553884712,0.13166666666666668,3,0.21870920255991713,0.1306092723414124,0.4939360477781905,1.1028558117080074,0.4072945774582613,0.09364347219070841,2.3333333333333335,-15.17653690260686,11.745449538655002,2.4280181844934186,4.071430562891033,5.159286339477659,2.038371089509797,3
c491,-14.803112583492545,3.517916181817878,1.880126443645776,3.6285037598269283,-0.2395427060274463,-1.96793976467126,-2.4688979558779978,-1.0079032899216873,-0.07752046533839944,-0.0038875282726116567,-0.5938628680810832,-0.3232833679644609,-0.8362716025824742,16.538411418517928,7.899456337664379,4.6032593820769225,2.8057894097697726,2.4327648002948,3.4887103527687775,2.7607690743060993,2.021444559957754,1.5721770220224964,1.4623761342099195,1.3502344690094696,1.2911598674198639,1.265240541268659,0.053121712142792606,0.05253943850378658,0.19991734886649873,2387.495237616494,1883.549683260188,2290.22355163728,148.7507578632938,90.00709213003081,0.8421052631578947,0.235,1,0.17489324500306302,0.10873142753071773,0.37626060733124894,0.5224024663734063,0.29188051664312104,0.020763376817560214,0.0,3.256039995635994,6.007593384547818,1.6351761900895867,4.0745258552939605,-1.61835305438583,3.647087326224805,1
c492,-24.886515102982997,14.135740864330712,-0.1742104350258032,1.5585112916325161,-1.8769023467259083,-4.603640129041027,-4.687999547388582,-1.9290671259042838,-0.22502324762041143,-1.8250173335710094,-1.726410569444194,-2.157780269574823,-2.101099532196109,9.854389262882854,5.175108083995648,4.205134441035566,3.170606008447715,2.1114601251975014,2.6196206619162226,2.447260150483157,1.7415277313121211,1.8312041532196335,1.6080954082018895,1.5056697157848853,1.768288147949614,1.138041350267287,0.030221846065790342,0.017102448226408287,0.07204669789042822,1103.3232054644325,1305.314944202485,702.9675692695214,121.26645709517635,46.99980463227348,0.9022556390977443,0.0825,2,0.13461642256448897,0.06838249641262603,0.23174127211433343,0.6074280696757812,0.30957175400135895,0.060361580993913304,3.0,4.524489534113345,6.874793561746024,-2.3643390724755466,2.350805549609145,-3.765505055750549,2.927930910888607,2
c493,-11.714990031008055,5.72245973705221,-0.5637647245839272,-1.157673143554468,-3.683461273369808,-2.1727588737148205,-3.6768993503593914,-1.4664470745225346,-1.5171664019200062,-1.160168721789851,-1.3657251388841882,-1.572830803834714,-1.3445242648288493,8.709057165133055,6.072684466707706,4.8345153116690796,2.943025528046934,3.179371660400459,2.4890506979114817,1.8645478728262128,1.906454228615393,1.3576618633749673,1.530317740131472,1.5418234093440433,1.2474467501886486,1.0574524128276157,0.05534878093685692,0.04621427783850987,0.20691809666246852,2189.8003977565645,1815.0411577932648,2320.1353904282114,186.6752007754048,32.474235240112115,0.8721804511278195,0.03,1,0.19261606854520508,0.09014736224438644,0.3354886918016318,0.7755732118311309,0.3200265834390549,0.0351095917551246,1.0,7.090567701436925,4.736771305158065,16.278784193599723,1.182761312886285,12.197467490092434,1.7514829615645036,1
c494,-22.92157835363847,9.292758076117446,-4.791002671278929,1.6669258880334386,-5.197556761854287,-3.8202935234717077,-3.0962734933886233,-2.6668924223532966,-0.9489005785712129,-1.9145638971223335,-1.3724815337120428,-2.318351755008412,-1.39751707433383,8.407572338775488,4.916343019324542,5.492148234961818,3.4128383309746093,2.654540119816036,2.5731117367263012,1.7412022021927915,1.3169946065713884,1.9046521756603618,1.7891764942502857,1.6079016795439225,1.5471071687710687,1.5535070541611267,0.032021760645613837,0.0179839501505832,0.10495710012594459,1475.4221581270804,1406.968630589501,1191.98677581864,231.56684300504327,37.13354274968008,0.9924812030075187,0.125,1,0.23015536031682174,0.0870354520796406,0.3612276769034768,0.9415741083196763,0.30032998178346015,0.03254549218565327,1.0,-23.0214467452533,1.2391181811706855,-0.4017781362522183,0.9386577976357778,0.4204376504979574,0.9118387876177793,1
c495,-21.77461254461137,4.457174473703082,3.0710918133905825,-0.2809358066182916,-2.2131110023693163,-3.0845478726472715,-4.270392783296634,-0.9607609552965263,-2.4155580031652053,-1.3169979982740507,-1.0376372803435383,-1.3739789600474663,-1.4431232395859097,9.40845814576205,5.633992755853379,3.0792672999901023,3.49396772904252,2.5363864429046723,2.630749473829372,2.297654347460526,1.9408987420817465,1.994061898674167,1.4339131624551018,1.156530680376466,1.4385354295263668,1.3436792257439305,0.029337802061132817,0.02324985193423721,0.17686112641687657,2144.632086378529,1989.3304898095648,1868.7814861460956,172.85614557516732,21.280273174138266,0.8947368421052632,0.20750000000000002,2,0.22436542261376116,0.0769813688160117,0.3353758506249461,0.8999839261380485,0.2988711158497244,0.03760375093379398,1.0,-17.24181375122487,3.957288672512509,-5.419123612309681,3.564872984211029,-1.8843098173666524,4.352848148390197,2
c496,-25.86314158405857,6.372410430386457,-1.386027861227431,-0.9077696953137494,-5.318588330595138,-3.3871265661541266,-4.028232944856106,0.5338976159034107,-2.945778871323203,-1.2748038971868378,-3.0200341896692273,-2.399511672881362,-1.9593766461291338,15.473147032587738,5.509903285962518,5.4519154950391835,2.8047355029015217,2.9835149171614943,2.796762508572781,2.185859065162085,1.745444061787657,1.6983528276165878,1.6992067680558403,1.6776150002567336,1.336424190868155,1.3376949884705152,0.020991120932901865,0.01508098858632813,0.13429005300167926,1878.2213464227796,1717.481652679506,1665.9057514693534,180.80356673545714,31.040827939138364,0.8972431077694235,0.21833333333333335,3,0.13436131174460672,0.07418526979114487,0.31085444330272355,0.40233497877354996,0.1984091822479157,0.08265389783514543,3.0,-11.971250791726881,3.281981394101399,9.40969648090794,3.25406416530569,-4.049506039041986,2.568269301308518,3
c497,-10.917590569929352,11.502757402858606,-0.3940953145833984,0.0023034110891757414,-3.409752170280781,-1.7177016855005904,-0.6941863647794495,0.32648770604286026,0.004978732542763574,-0.4632199124324302,-0.6395487788995724,-1.3448850084672328,-0.5811235658634292,8.281023944492414,4.710590203691038,5.010721007338658,3.351688414981858,3.7110700191087718,2.6987782555616695,2.1871079053536677,1.5147788046574595,1.410743560645413,1.443921339384989,1.4493282177589069,1.416956058682623,1.16186002285799,0.06648833288072392,0.045935116624995456,0.09948146253148615,1427.2754704193712,1542.065766032716,973.3548488664987,189.85363963916586,29.01328611557697,0.9586466165413534,0.005,2,0.12729136497934973,0.08465024122014156,0.35277710210081414,0.6562096818382701,0.11354391688994192,0.06455725977754208,6.0,-5.502117682738926,7.406505132376514,0.8304991412529164,2.802124867441571,2.7532321984292807,5.299564001636,2
c498,-27.906996772833978,14.150235038128388,3.530424390396072,0.8610344524742976,0.355702074760423,-1.7773776457255412,-2.0292602006060525,0.9262202287348937,-1.6967039212816841,-0.32007332317845105,0.11261772861582231,-0.8589836079793023,-1.359337925672091,9.394062040302938,8.671944446713086,3.2081176060416157,3.1029528151206534,2.700621470606441,2.2048160787060453,1.9898152297786615,1.9320124756560944,1.6235176105283378,1.4825711106140564,1.246148158249997,1.2179923136159867,1.2506467076001997,0.023708303571524533,0.01811730813004287,0.105161268104534,1259.7996880543037,1375.3259335613704,1123.7405541561711,93.37221299832181,58.35870554990422,0.8909774436090225,0.14500000000000002,2,0.03312795298904706,0.022597176622440967,0.1050690753609611,0.13265597857492353,0.2401889432944848,0.03992998179466655,1.5,-15.291841409199307,1.0307052526642106,13.329650855220327,0.6757258367454806,-16.711818267690898,0.3925741192601173,2
c499,-48.41164971120806,15.741318613679987,4.097408816621207,0.4927610887481896,-0.9342200674663514,-2.0479886030364636,-1.4264810306692572,-0.24814629058645463,-0.06993622334381608,1.1580751893980108,-0.7940280188570524,0.787369793958154,-1.526651729245743,6.381352116242344,6.912682451250037,3.0175920788244497,2.54355392378705,2.1801761931426413,1.8313601374145672,1.8709898260802733,1.7023778869217077,1.5377543097624182,1.5659728584600237,1.3858852020255514,1.2478416874937472,1.507103228740792,0.004643233541564736,0.003093558347677185,0.08109650503778337,1114.059124919821,1350.9910579215302,919.9464735516373,86.64291585698209,37.73409078752318,0.706766917293233,0.66,1,0.16547927725839642,0.050228755505379794,0.21755311695200158,0.5668399839834736,0.2426779529544598,0.083546160687152,3.0,19.276091160964633,1.6046107051291338,8.430229290506087,1.2677311012975216,-0.4566577470937603,0.8426122496606624,1
c500,-4.613985870051763,12.763711098241155,2.2143990728682414,-0.716548395537161,-1.9496974830697396,-1.3445651840349808,-2.577887454171285,-1.017323361742106,-1.1981599939241259,-0.7666508972812943,-0.8262077865405797,0.33218942869507245,-2.3359633775743656,8.659040997225468,5.956284351601632,2.8986656163975058,3.2769315490144644,2.3353243294800534,2.370039839279278,2.022439658251846,2.0349900830550864,1.5909625424852498,1.7238215321577657,1.358444735806655,1.4639569893812876,1.3996889208598273,0.11973052903306299,0.08511476175029185,0.10271371221662469,1330.7614367611982,1478.3571816640776,999.6851385390428,120.4660508493538,52.00689070590589,0.9849624060150376,0.0,1,0.2766559055778117,0.11097751632553733,0.5191590090986172,1.0497478689359983,0.32290878686889796,0.08498175506952026,2.0,20.923589537396666,7.071915638941755,14.792055071005173,3.528855308721936,17.667329808460316,2.331825296434359,1
c501,-9.922716786757563,10.661421458351693,-3.1387130391896294,1.0027385230179335,-1.5321232257069075,-3.524935784697558,-0.9846929694627028,0.8733634770928066,-1.4129088089275772,1.3211381494619288,-0.2619457062268125,-0.8992199397615415,-0.5276546350785166,8.683602767910022,6.308643944952783,5.812750622917394,2.9774519353375033,2.8001242871174963,3.3088834092905097,2.1802626654492028,1.9390861647915727,2.0190269465199973,1.4946125874409621,1.5842994675727362,1.5845442522079998,1.2310340030145581,0.07728670669762322,0.05610264339342226,0.12634800062972293,1562.3515316325127,1410.8139854142582,1408.375314861461,198.67262339027585,53.17018769700488,0.9849624060150376,0.01,1,0.22113952838767406,0.11112337324091148,0.401546602592625,1.1521498915434094,0.03519839780681217,0.016780034846975597,5.0,-10.17966189134701,1.0066316683541388,-3.2366290155826416,1.7735461229689746,-10.149354045996922,0.8487601261960164,1
c502,-14.809747622948022,15.986650704759882,-5.676457356820229,0.19320877283156904,-4.6279903868010965,-4.758225166291234,-1.8824006180057675,-0.8611548316469679,-1.553165995610259,-1.863807583487613,-2.03343393555685,-0.8903900479714937,0.017612616477649532,12.891686288273037,5.548034591125874,6.226199994427744,4.007608046901173,3.535703637090528,3.212411020875376,2.1616371168325754,2.0403371119207767,2.0345495762098174,1.5128674961277953,1.9370377582957867,1.8642862688503823,1.3048841284685333,0.09816729973404303,0.11090229319019743,0.10658306438916876,1231.232127218061,1119.0981798647097,1145.426637279597,192.8599249985855,64.38316100202124,0.9135338345864661,0.03,2,0.1869535581758407,0.0855756434180894,0.3449522056092018,0.8707006108119524,0.35265868492372693,0.08094991492198148,2.5,-11.714523688313289,5.737988874149236,-5.188857217340532,3.3494296090500972,-0.5351403059944924,5.871511339170995,2
c503,-15.472913428890445,15.044118215123694,0.8333297913254188,0.3692185192501001,0.5407825261990115,-1.8035979377073257,-3.6472633547763036,0.20591257467214005,-0.5706391114102243,-0.9624137314330963,-1.0488382608829334,-0.8442133520243257,-1.3474243226775253,8.056803122522545,6.764071937692488,3.9028253213102118,3.569099684693078,1.885194434270204,2.6325978245524375,2.872203752780245,1.833985613280833,1.5548613581932489,1.4246525221838995,1.3379863407691701,1.1432517470420402,1.1415551085052078,0.07130905035071716,0.04575368398469038,0.08784142789672544,1200.2139002469298,1308.4958014175643,1044.6316120906802,156.265874790526,42.994196043513206,0.9097744360902256,0.005,1,0.14791922889580258,0.08303260697085833,0.28035485023281265,0.954548912454362,0.1753495566272418,0.07427643206542532,6.0,-11.192335961612788,4.442524469272691,0.9470486091739032,2.781909088778703,4.125602042830435,3.843295272891465,1
c504,-31.543385993780028,14.084771295540708,-4.7421723560612765,0.5131357748679478,-2.0517025558125654,-0.9314720553420607,-0.3150136150925806,-0.5890885219126369,-0.6704277139509426,-1.8379900210171962,-1.5599808704154872,-1.6038225591471609,-0.759149971404773,9.402016352814174,4.060355721013607,6.31711338146333,2.8629405380018462,3.176348533580154,2.3439465624233717,2.0527828596630497,1.7046946159942544,1.4827283989195486,1.5841693453307455,1.535722546923798,1.3027276879590879,1.0854541571546197,0.01588712339235575,0.014618377875516921,0.09975204659949623,1290.8020024215468,1307.0761264358293,1049.1183879093198,199.8969718268382,58.637760725136744,0.8646616541353384,0.28,1,0.18326207670982148,0.10869248213800874,0.38403082153702023,1.062164373170388,0.2525282638725022,0.11438025170262124,2.0,-18.24006708316365,4.3659978445871035,3.592556673200111,2.661917630364199,2.5800953006991345,6.862225813026675,1
c505,-21.302556903764174,14.24371391156407,-6.91224185187669,7.618066312467233,-4.737345130007334,1.956464288963058,-3.5598589299917345,1.9866373408171198,-3.6327743985665646,0.8529641356256354,-2.161324108193749,-2.1295674434137584,-0.5521221869304294,11.475768545858273,7.917906560396639,4.805399178267917,3.699462490700319,2.1597561249544777,4.000611572539987,2.6909656146052123,1.774423306740283,2.0168580066639223,1.3880576398752573,1.59833627574782,1.7637695729168352,1.4973287147884606,0.04236132397945211,0.036188045796331496,0.16607958123425692,1643.4442353917266,1251.436994094548,1789.9874055415617,126.55519330809932,18.79242797048048,0.8872180451127819,0.195,1,0.23044654545742294,0.11735907105435392,0.4541601858110416,1.4172396065173665,0.21636109236758802,0.08430407123987729,2.0,-10.371431063300323,2.1993848958290374,4.044316837226918,1.136577240432764,6.479463549169323,1.0790439703733008,1
c506,-19.37261167692317,8.120475224991845,-3.2545890024903144,-2.02650046576399,-3.675214429738026,-2.317019701576034,-3.5222535461637734,-3.3901320230354264,-1.4434653692932466,-1.970344662618868,0.28561331315667116,-1.1871764893066707,-1.6998561090297215,6.341163812205471,3.781140991347625,3.203268933266847,2.344480958149334,1.666140520205667,2.3604615519798657,1.540854246531029,1.7375395845879746,1.5477121962695757,1.677805789787918,1.4028650710370387,1.3467795572706684,1.386246935179312,0.025824619651931325,0.013217302500741183,0.11115101542821158,1601.2448782513377,1630.7338002813708,1192.3803526448362,278.9581820243619,53.32493970512731,0.6917293233082706,0.01,1,0.2594061121248215,0.11948218642637516,0.43752116858462203,0.8539737923627531,0.2484422291969221,0.09196316245461218,3.0,-9.864121108431744,5.561693129564202,-4.096193832821394,7.8138001951115115,-3.4787782522696085,5.055558280748614,1
c507,-26.67180427366935,10.065100567582087,-2.5943666317250695,2.0005002943710135,-3.238980295490948,-2.8068046145247574,-3.227498149958581,-1.9923882087518907,-2.304514479769357,-2.6769670712468674,-2.327841111848226,-1.8491236995191418,-1.1806378422588963,9.674341681721025,7.005430466649006,4.745497806977564,3.2196649203167325,2.847941206024017,2.0273542768869963,1.8613128985623841,1.682197996007845,1.5217707801334657,1.3694707303460185,1.2704376216167006,1.627988523287133,1.1819331642432533,0.02122212799577164,0.014456941824299534,0.12560266451511334,1566.6752562027477,1404.2229330888028,1426.007556675063,178.59489317107762,24.55960127806675,0.9699248120300752,0.1675,2,0.2211622468975543,0.12144209583631915,0.5198962987778362,1.0532022286954401,0.19327945192083767,0.06324015932772017,2.5,8.139016655999153,2.659634111961371,3.5427212002598214,5.443148001242513,7.862414414865823,7.2995262636960465,2
c508,-3.875170049265612,3.146149307125898,-1.7802462140554414,2.2703586244853997,-3.7074710964351874,-0.6993801510404485,-0.48154212888348785,-0.08042581907872133,-1.6321759156921676,-0.25606124572734823,-1.5728197331383764,-1.9804281494791827,-0.014091728059254002,6.7058357680496234,3.4983638550862453,3.837383473196657,2.7865729887569417,3.112219621088707,2.9225953344402744,1.8863836989235037,1.9285040008439434,1.7174180366648055,1.448328229503393,1.7125280670121212,1.7500344664054641,1.3934386688607996,0.06458005196576927,0.040303512861294515,0.2225135784005038,2351.8365176922825,1831.368663630437,2722.0560453400503,273.2740156282838,48.983415859223086,0.9624060150375939,0.0,1,0.31576218546331736,0.09796282150421909,0.46803775441980133,0.908395125246524,0.3335954948584582,0.07822676651554322,2.0,-13.588116065264408,10.845203347431234,-6.593908749323397,3.9487171593570887,-1.1138501963844631,1.803246853686489,1
c509,-14.80141422915289,8.150973426878833,-2.480074340258151,0.13282427660120166,-1.4813315623801944,-3.451068607968609,-2.3922312732606477,-2.2281455647338166,-1.7630026091377984,-1.5465431998168304,-1.0192997009390286,-1.8382772453174807,-3.060906467983958,8.86742670941525,6.400987646296817,4.749472580476324,3.3337862698951137,2.3916716874403976,2.9534431634673366,2.2061883704289724,1.7983733818610974,1.8882425056546912,1.8154902618557374,1.5157797112046203,1.424099371000667,1.4109238245987852,0.048112182673541296,0.029737291709670637,0.12302227644836272,1703.715212818534,1547.9046934584098,1505.4313602015113,191.9560810234028,15.425351121257496,0.9774436090225563,0.045,1,0.21700932718785113,0.11538227391009992,0.42480093765216587,1.337470477367786,0.359346230950417,0.017740834591298174,0.0,-10.419139416867424,1.4565839988601965,4.373963750000318,1.433617474299682,-1.286881040528295,1.3537982710333825,1
c510,-15.317767791468285,14.738492481158193,1.109846421369378,0.1048398957287064,0.8027592206838942,-2.0616840651693464,-3.415756963456071,-0.013014719179416576,-0.36456092195163015,-1.1481899849837136,-0.8689356662330947,-1.020340765720865,-1.1850065234206077,8.01007338474866,6.762424863982303,3.8686477394060947,3.5668323974133442,1.9067716887219115,2.6547988948734,2.850540314432771,1.8207884952173838,1.5463476233685172,1.446368812270188,1.3445511781246342,1.1425999877813804,1.1435195519438404,0.07120443561295413,0.045643343479663645,0.09207729848866499,1252.8026930338056,1368.9987508279157,1117.522040302267,157.21470751765398,43.965164567603345,0.9097744360902256,0.005,1,0.23448947437843923,0.1056510690134333,0.44135863214568605,0.6354017457180717,0.3375960218562782,0.018221474413145353,0.0,-7.5822141387511905,3.734576816442234,4.242823173823441,1.4542859174911207,-13.256256771538595,3.2414952073255607,1
c511,-37.5566688530393,10.903527782103534,-0.6601033408074872,1.1178928996181268,-0.4586890463187365,-1.8724092858443906,-0.15607196787799077,-1.7685729633927525,-0.21053417235623834,-1.1902899106491058,-1.2197337468295069,-1.9360249577463322,-2.2360698826194163,17.127062651995427,8.254969653185949,4.976764759512166,3.292842593422304,3.2818383860512723,2.6605174472448034,1.8512370207395739,1.7931997452900226,1.6118621420013106,1.7161881880500123,1.2959571759482706,1.3101951633582276,1.1461398527504043,0.015958097885625466,0.01994920768759023,0.1353707493702771,1612.571270773364,1543.583074668935,1476.227959697733,120.99347981646201,57.05714995946876,0.7669172932330828,0.395,2,0.02043304084900392,0.018588227647389544,0.0731072556962965,0.16327051839363355,0.20820944529000907,0.06893991692265297,5.0,-3.3938798587674013,9.387426652417396,10.193702749080938,3.8889481377497086,-5.605936001447394,2.8554535083550423,2
c512,-9.662772641704791,17.344276320152368,-1.5300703840089143,-1.2934306740490105,0.1117576721440956,-0.802016975124223,0.23948709812577035,1.3335298458529194,0.40944031500599615,-1.3820583443978984,-1.003103177685364,-1.5068810814015652,-1.3275645814228931,7.873084249077516,5.059455149832796,5.237565411226576,3.490181689826289,2.406706474820658,2.7718784875284594,1.9050122282638327,1.7085322636369837,1.4964776750933084,1.3650517315434922,1.358315811733688,1.2679691162528846,1.0645009207530387,0.10892869258922597,0.062430217980848225,0.0732810532115869,1042.1379735681487,1201.1075733096004,774.0081863979848,232.84628065862952,18.775606981927197,1.0,0.0,5,0.22337932335978805,0.07122357418413346,0.2901364333228934,0.5871373344507276,0.17367631088350038,0.10586834208029483,2.8,11.69395107893504,2.1301442573168807,4.416004316751668,3.3258325022241237,10.447873206870932,3.8102924212652622,5
c513,-13.642419494352332,5.072040919981418,0.2756425245812248,2.3438789353314946,-2.1961705466221417,-2.1926961206882467,-2.2273932034570287,-0.5441358444231029,-0.9768798122610336,-0.5934095312613868,-1.0581090734000889,-1.1221378095473316,-1.6919617009975154,13.440840551675334,7.373267492003064,3.6689780661610323,3.06565492724667,2.785478009489336,2.704440611890747,2.5181528171762104,1.5607436856362809,1.9983976611961456,1.38958870299579,1.1583704858800539,1.44941496777651,1.4418867451503994,0.05284318173571739,0.0477992985888369,0.16749645780856423,2015.4458572327744,1757.7419560718681,1790.3022670025189,167.72414974180563,57.329937728212485,0.9323308270676691,0.14,1,0.02233184231000768,0.026513813086211823,0.13288107995088555,0.15167579708725157,0.1412814680112369,0.0635747374394709,1.0,4.5561397561742805,4.3164218908561836,11.395227408776284,1.8889689920240809,8.572953053025703,5.417736639969603,1
c514,-23.032549128939554,11.519726772204248,2.0559691742342907,1.214229236771539,-0.5680451522428801,-0.6142196936397378,-1.113763818776758,-0.5655647303524519,-0.9533089314009886,-0.7489935904969537,-1.3816291227125665,-0.7371675984919187,-2.295361181874645,10.085945559222443,7.3726423520358,3.710820110229488,3.4531399061842962,2.5719814641613334,2.368393260671624,1.9832962964419598,1.9829850200944252,2.0604434147267683,1.6474361811590053,1.305934407315867,1.2719899152724017,1.8839649021766347,0.03163712247354433,0.02392587625092385,0.1233371379093199,1430.280503399347,1494.3009307741077,1240.0818639798488,119.26457186945167,42.86149489647673,0.924812030075188,0.13,1,0.2413316785265709,0.08576591120255674,0.4056462067110014,0.4752310765064372,0.24617970056838856,0.0808214558231978,3.0,-14.551491704453305,2.0512921632264547,-2.361880757712146,0.9490292992334144,-7.335428976011524,0.8001689864621933,1
c515,-22.72799018498539,5.583790156467809,-1.124121962024657,-2.1232211726074657,-3.138683775420007,-2.2754494092135134,-1.4108077282098754,-0.7342360531271741,-2.384497442471218,-1.1007489336637024,-1.8848529459664254,-1.2085486527030682,-1.1740117061953443,10.214720840000899,6.437449617100301,3.6550301911857783,3.421849758831673,2.5490539517702295,3.149237705046325,1.8962852522422093,1.5345771610554289,1.3538468892822608,1.4049766528045224,1.3094232422060528,1.3036057722915089,1.4584321846759265,0.027316794678922562,0.021265037493436344,0.15073008501259447,1948.8422894847724,1735.701595675477,1762.9093198992443,293.61591764394376,51.71724281292419,0.8796992481203008,0.245,1,0.26352332148188984,0.07780012288391393,0.3905213652762265,0.8446854458699485,0.308959607927813,0.09772606133700713,5.0,-7.519377933826764,7.186460035729704,-5.12933849153174,5.240974572605785,-1.7771191567010982,3.6836674746079523,1
c516,-6.247356755601321,11.154323928189445,-3.0048534916080802,0.8914517961324371,-1.3530465041268886,-3.6623774738835526,-0.5415198833094527,0.864850405780775,-1.3890212327987195,1.3518890173454352,-0.002768324275509909,-1.2582070476783822,-0.32419808768005026,9.276416425198713,6.3044936690643265,5.8113188765715815,2.8356058383384917,2.80567173065484,3.2416307722844038,2.2281693494445904,1.8116653510905996,1.9438777210545042,1.4564360781518604,1.5081661709146095,1.5460987951145486,1.2236082399900408,0.10577240636995246,0.07464699430522775,0.11647168214735515,1531.1343978719951,1430.9082747954535,1276.0547858942066,191.85476643932424,46.31653503392704,0.9548872180451128,0.0,2,0.24609978305590968,0.12763607559972176,0.4438799825793264,0.6814079037990497,0.19690444677422378,0.10356402083812721,2.0,-7.805944609388122,4.68009019087035,6.195733105377936,4.951171435652304,6.853417336097323,1.669311094308871,2
c517,-24.62365150538628,7.895512697557154,-2.2727116810138503,-3.031193546755877,-5.085177713945265,-4.5865170922701,-3.559411902527514,-2.9093320049284777,-2.927277833513189,-1.4541215211785081,-3.2116610290185497,-1.8176311492378892,-2.2235295018368415,12.296147306606176,8.432376019564373,4.473258079447186,3.289648752106195,2.8357535550945054,2.6561352953323567,1.8611218325253247,1.8985679077566198,1.8031861691748217,2.0272734450162284,1.3999999580109903,1.4906503011882668,1.1763087477530587,0.03701821953815796,0.02818669618243872,0.13910972921914358,1634.464488886241,1470.3115103066557,1481.580604534005,162.2227712433828,42.52695934850663,0.9022556390977443,0.205,1,0.09479507130543796,0.08345886457451054,0.286590515617088,0.5379179261475814,0.20084974889210122,0.11268230675980118,6.0,-16.299710333063476,7.310282968257973,17.789177590118566,2.3591926132529784,-3.0096121914354814,2.3972732116838817,1
c518,-24.17362134017674,10.369686444251776,-2.3105120816837297,0.40701400566915463,-2.8908109883648714,-3.4564167857003847,-2.192915321499773,-0.8942438339074561,-1.3188823538298298,-1.3493225948738656,-1.097032488451773,-2.0907025921807256,-1.2202426324515947,7.872036797405119,3.3941559567286186,4.743454603866093,2.8180527923374346,2.0679744322510194,2.495242378330791,1.983077616343764,1.6055848184915753,1.4582958719992933,1.2131891621890092,1.4862170973734454,1.3249033112687647,1.0577785720186215,0.025747537525769363,0.01612347824993882,0.08405817065491183,1372.3119720923582,1510.5043004818108,792.0340050377833,220.90953750983408,20.404249584716332,0.8571428571428571,0.175,1,0.21270398703645813,0.06458867481855007,0.2791066340784832,0.4789283029684572,0.3206249249316953,0.016851222535890043,0.0,4.811147368562417,1.6776041220566076,3.8878481898084436,2.407225122748616,-5.357384435446168,1.372190787935721,1
c519,-43.07310534655757,10.939000163587323,-0.5612145306404123,1.5925410733093783,-1.8015671605323154,-0.9257491926830523,-1.829152953177187,1.2707810504174526,-2.0726112168548863,-0.8318307332699206,-0.8534016859332159,-1.7057141573934889,-0.3967697180666368,7.683852351978236,5.182885458906151,4.622967810817537,3.6195195481641123,2.469433615898059,1.943920965312812,2.0859647770038516,2.209406414599921,1.437132895238086,1.3738950889843244,1.4547239983893894,1.300069072197618,1.388463832332056,0.0044456763158626025,0.003292229301359438,0.11518271804156172,1507.8862660800087,1530.894612758849,1228.1958438287154,218.1056316050517,59.62388371360824,0.6203007518796992,0.7475,2,0.26414557962362406,0.058811994210066554,0.23634441542838297,0.5407828327272064,0.20983851568240908,0.05026064616963417,2.5,10.670966708752099,5.707090023226067,10.69612518892444,2.2513983812787433,7.5567691196349145,2.448927105225632,2
c520,-18.62635488225989,15.849893675123532,-2.3779205221122592,-1.291106323258415,1.2692160133873545,-1.668582894872918,0.24821373072574526,1.808796144186088,0.42932275084561394,0.6565104751886739,0.740966064737886,-0.5927189515970179,-0.08661702460904905,6.686741548435095,7.140775689519629,4.541851203774749,2.945871785668924,2.6690143886298165,2.9731477609146997,2.0911559622873597,1.731012265233347,1.5840542911026316,1.1829868771591436,1.2350937415606924,1.6600016142814458,1.0958494355347217,0.03819572367658035,0.029411641779297202,0.10858784634760706,1359.6144294825463,1298.4306658471507,1306.9899244332494,177.77777746086647,112.07574069747308,0.8796992481203008,0.005,1,0.13223325017956636,0.08725189287302419,0.3300375818799679,0.6150604646619781,0.25934718870343665,0.07242816152517154,3.0,-12.743306397778694,1.5689931362515115,7.272943262959153,1.6507875934600094,4.5006648583725015,0.9295778997581116,1
c521,-22.630818479294298,13.769705021428662,3.237339018471773,3.3038657157561775,-0.34466786229942054,-1.1716187395540179,-0.5446293293804715,-0.6072250859910445,-0.9414422280297333,-0.31113067120413457,-1.1495488340449591,0.1015128300702998,-1.160106989493515,12.072098322763308,6.97494903684245,3.6309550908341426,3.446366545189739,3.035518352117778,3.198017813137451,2.4400843884104924,1.7952763115926402,1.6789026527467452,1.5305829682568781,1.4845486008072235,1.1807738675847002,1.3407232872946462,0.04951705041296436,0.04610755076983986,0.08042742443324936,1147.4704784700816,1381.1485116767574,856.4231738035264,140.95157839385848,66.87633414347589,0.8872180451127819,0.075,1,0.1185111466613367,0.06021567710394704,0.1982935899622401,0.43968365189183817,0.3582766512201734,0.03735960691953279,2.0,1.6175115670877407,1.5376766618791133,-2.3836796111187533,1.1797842356489399,-17.03558543859312,1.619851848561005,1
c522,-24.79714381569572,13.696020589376706,1.0816000809410682,0.9699553412105693,-0.1964842362920409,-1.340266738929541,0.11905336931334784,-0.4642804320975255,0.47814276412439727,0.7584075181601343,-0.35856648961329746,0.510285637734201,-1.5994020175669479,7.085656396231752,7.246165881735198,4.153217366531416,2.8969273524117978,3.40438549136798,2.3671374059624677,2.0046122293676016,1.70477807324654,1.2695200830160644,1.2195841883469947,1.4056260314286608,1.0207138408215712,1.3043373874997737,0.020413112891873572,0.013002205921527768,0.11683328085642318,1466.2196685317076,1510.5894628818514,1393.97040302267,106.03512982990722,87.52976130103178,0.8646616541353384,0.11,1,0.2866044680306415,0.04654672542990404,0.22500217347357054,0.3032926948756316,0.195964697650159,0.07016168633402209,5.0,13.421611824987803,1.0495251991894103,2.948253669418701,0.7620944963855958,1.7031026575885113,0.3919308679952753,1
c523,-25.291112973344024,13.070186325927459,-0.5999706065974916,1.558532461231045,-3.3750465376497534,-1.6815152305329217,-3.303806173999602,-1.7527879768672232,-1.4066066813479488,-1.3470164658175683,-1.4519435870328667,-0.8694494511897228,-2.3583648450169648,7.768538033374419,4.658420691602662,2.889102024581522,2.462790676128339,2.136707420754862,1.9065886378251165,1.7835637280787895,1.7118432334243592,1.5198849384598694,1.727296999428891,1.1397400424823887,1.0745873207386774,1.1308392157542722,0.0210462830034456,0.014136241820798196,0.08300371274139379,1222.848354693642,1383.6386884763679,804.68094038623,114.3864281414662,15.693401761190714,0.7418546365914788,0.16833333333333333,3,0.18812510242650513,0.10582756245352637,0.3784721714612384,1.0788589234280692,0.2562306808044278,0.07495711852839322,2.3333333333333335,11.78233720208734,3.463280501478227,-4.343112792253145,1.3618211389043255,-6.594929242785862,1.6282403597994832,3
c524,-27.54869462973987,5.712401624208345,-4.1606929686864635,-1.428171270019463,-5.615805367746933,-4.054043034321224,-4.4320661275109074,-1.6345371368699473,-2.3735976230326745,-3.0934528622761457,-2.3918096189515454,-1.148125169015796,-1.5612937505841267,11.615991734273436,10.57073567108269,7.133582585328107,4.127190265238792,3.61417955590677,3.0843376833400225,2.8867161488105477,2.088065758561814,1.8928833649485508,1.7540133584407671,1.4850382393447559,1.4669680698313412,1.3785629331155358,0.02595051753921469,0.019445654909629347,0.19250703518576825,2065.548095580788,1446.8427903430088,2127.892789672544,202.85401244924736,38.89834828751549,0.986842105263158,0.17875000000000002,4,0.2527728198611281,0.09897515796388606,0.42153880652995745,0.7366674795462076,0.334849558985612,0.05301961758896235,2.0,-9.058132967905424,3.375384409813404,3.039489605360753,1.9932160507532553,0.7811979646858417,1.3821822673558104,4
c525,-25.73461317326221,19.092207729807967,0.658456466337378,0.3067786964857771,-2.830509818155228,-1.5026442056836098,-1.2588247168524487,-1.9327699576168067,-0.8839421285608506,1.095723393295762,-1.1778029590141061,-0.38013919214086206,-1.4956292998229526,7.715738353477079,6.204284049951589,3.7205771803859387,2.604897371915877,2.9045769327102997,1.7378974534985092,2.101478039795752,1.7580776110138001,1.5820018215863068,1.4445557655032601,1.4105139647968405,1.2912516623921344,1.4840700732357628,0.0459065757434836,0.03121362628488917,0.06720570292821158,872.37428465742,1010.1904761549649,693.0100755667506,168.06659384900678,39.46064654968983,0.9436090225563909,0.06999999999999999,2,0.04209172448669275,0.03292858761745666,0.12158988430921652,0.28277354485840556,0.13218814502218648,0.0332389314896072,5.0,11.350461911531568,2.3536974299694693,1.2997201028414804,3.984356877986564,4.532841661854251,6.605336709809471,2
c526,-26.95915563062433,14.085606373358353,2.7017642862212026,4.583890697917817,0.5332434862320267,0.33621104629576126,-0.9881817384505501,0.06460504498298875,-1.9822167808817197,-0.4646069494937807,-2.0676804583155155,-0.3541443145584905,-0.03018551590172424,12.469156396711654,6.728546986314241,5.094779892071421,2.869203634246289,3.1687385866622106,2.0808816382715474,1.959731230363767,1.6654309442995114,2.013954604611337,1.6154367972373118,1.7512179771696894,1.1941880672974765,1.082954658568733,0.02879309372998277,0.01831397057377202,0.07582257556675064,1140.2517753214167,1311.1717799259623,881.139798488665,185.78723352624738,74.82567331573283,0.8796992481203008,0.015,1,0.20393451864539774,0.12526999704357597,0.5089411986427925,1.3961331045559227,0.30380127296363446,0.066302058167071,5.0,15.437979044889701,6.548660354207884,-8.490279218097811,3.4940255417809,0.7294637739875056,3.0766843786177596,1
c527,-11.747092066921589,10.474446931971233,-1.4225491844016211,0.17610624304346711,-4.394107094730647,-2.238626845083038,-2.3621119859335797,-1.8205717367139715,-2.030149221148255,-1.2291028581322334,-1.8393739799644413,-1.5790976763351727,-1.2230334653501056,14.187564872836571,5.834236615857291,4.267049810881391,2.8155172994679534,3.1047121263015462,2.6902736137878884,2.212544522326368,1.9001322616343241,2.070056080233476,1.5142150989294656,1.5726836747935793,1.8255714796831524,1.356194727805593,0.10796454742715056,0.09476073234984153,0.10777855399874056,1417.5429434319312,1435.4191960923758,1046.3633501259446,174.51718643747017,63.906847384262306,0.8646616541353382,0.1725,2,0.22647450198717434,0.13478225936484334,0.45286325549690176,0.9483765580719541,0.23061285786150457,0.029391052991205154,0.5,-5.013017273039813,3.2698782084238145,-4.505510426235974,2.494199306829893,-5.3677548088069145,3.3249591292590264,2
c528,-13.623848010729768,8.560702522544391,-2.945209256612675,-0.4160452295865368,-4.869631410651401,-5.278784555292507,-3.9020428630474484,-2.9587214976684866,-2.970581601017207,-1.0801105004385312,-2.757647931950555,-1.9431220515615488,-1.2591030555531246,4.915581613447691,6.095523028782964,3.869528407859506,2.7391935600987116,1.4201762382336667,2.65938320444102,1.4756187157753022,1.3888743701640607,1.636213968835544,1.2842847051880424,1.124394109982263,1.217009539043342,1.0609440014859077,0.04228155665450753,0.021141925779177385,0.1266284241183879,1631.3460953835831,1499.1312646642966,1235.831234256927,166.54492268993775,58.11118668270751,0.8270676691729323,0.0,1,0.16602785614195828,0.06371863220328441,0.26426500720780244,0.7235752230366539,0.13197748863997905,0.06319612513267203,1.0,9.070495291471737,8.232796761252994,9.195046316944842,3.204797676005538,-5.203679301160614,2.4869617527186607,1
c529,-38.656664256482486,10.804065623857955,-0.42626728758315346,1.4402754596118217,-1.6626463396389268,-1.0748518383531718,-1.635384082156651,1.051431711355413,-1.899548308445897,-1.0038160136828522,-0.688231015014223,-1.8557931731978248,-0.24829179095294024,7.6716355721804526,5.1892234171927605,4.608822745638085,3.6310250743957155,2.4507404346926727,1.9487973379054124,2.092486429845666,2.2196542163773167,1.4131832474730446,1.3825310423476873,1.450319949205958,1.3125662744015867,1.37921294845198,0.0062699744280303605,0.0046390389389509585,0.11729573362720402,1548.285598365909,1581.276246632392,1246.5758816120906,209.11821713536023,60.61086889051683,0.6879699248120301,0.5675,2,0.17897864229745675,0.07328219155536311,0.2691565827097848,0.6206181177719443,0.2690436312682117,0.07347081703756507,3.5,-12.396967794306516,2.243320114248455,2.4943832088863838,3.284695451347199,-4.5218861838271325,2.156867136039776,2
c530,-19.412915930670863,6.4463722446152625,2.0307612810363445,-0.8900887743013722,0.581782522214088,-2.2851744152823943,-1.561966727242151,-0.8051813292912383,-1.8027707709490761,-1.3037322737130275,-1.4389190402576724,-0.9503279895037672,-2.5389191865231973,6.587140613648747,5.2017065726030935,3.0744217049141382,2.783795091882111,1.5913592498815596,2.343414520110209,1.5911780689816093,1.5215025854025324,1.6786386293416997,1.4783088100882387,1.2444316936402637,1.0148358757246432,1.6303395940590601,0.01954342486752117,0.011093153064568664,0.1725867180940386,2187.8964557588447,2052.337292024425,1845.1406381192273,119.26523741524828,27.31414317331539,0.7568922305764412,0.06833333333333334,3,0.2652274644300525,0.08214479355552928,0.2964466995116077,0.6443504031652005,0.24725731133978623,0.0560980120562399,2.0,12.763095055794144,3.749988841389346,6.978940641349278,1.1816028977743545,-4.101790079891436,1.9566774338534556,3
c531,-2.075061374320222,10.209804442119093,0.23468059336007868,2.6972727534663234,-0.9530447598664129,-1.1871255384303145,-0.8505907000727004,0.8289671324606589,0.4519283296363058,0.3069425105718478,-1.3560139436845202,-1.45294183841028,-0.7167084267020234,5.2398694844515985,3.1819778363581284,3.054454868789955,2.394021024869715,1.935524940476179,1.8501806947751542,1.4469313736692695,1.508554634332426,1.3221549285989025,1.3582991247397267,1.2568273279658464,1.2213342727383787,1.168888946497368,0.07400431368261443,0.03308570696046946,0.09800062972292192,1500.7396486188095,1666.3505503810675,889.9952770780856,187.93192194087268,25.036395195628288,1.0,0.0,2,0.2120981090361124,0.10399205974761924,0.4254063163674675,1.4181241874943868,0.31116466395476505,0.04952360337948518,3.0,-7.843319085624131,4.127437353324673,2.542076946491025,2.7080016980969948,0.3448993728803158,1.3210919395614675,2
c532,-39.0177690795614,14.907391806247837,5.745063845570112,0.20466784829894485,-0.8965341125596304,1.888455394154097,-0.7420328165080362,1.4056892138249417,-0.08478080069483492,1.4123315645416368,0.7141397473759297,0.05649289147246155,-1.5960014428875073,16.013792623281766,5.683846790307943,3.177760596545278,4.209342433495423,4.046170986879285,2.2167681038293066,2.42567923532181,1.9551607551406363,1.7484711094887087,1.3328637918045887,1.1295159846922438,1.311950855719211,1.5283097578645894,0.020411596688334824,0.018606379858360816,0.04552207965994962,839.612833648369,1304.1406552132771,435.13853904282115,178.38160320645733,95.49103572308935,0.706766917293233,0.3,1,0.11423358056515044,0.06556963550545031,0.2585671838729395,0.6103298727580678,0.24763110901095653,0.03862492398492851,2.0,-7.845506805146752,0.7751754337940974,1.157860551539104,0.8172464441717501,1.3048477403699,1.3032895771672748,1
c533,-15.098765677730118,3.473927423324082,-4.099040502244564,-1.5554642092342914,-5.724272021322099,-2.07142320033572,-4.807877179734308,-0.6112150806159266,-2.1363139551386365,-2.096714342968769,-0.9104649992715064,-4.109930829987787,-0.86082303491175,5.190121663981889,5.547045934136526,4.944019143803383,2.9071683957950722,2.9033755486578885,3.106139480134914,2.403116612854507,1.9857686546685676,1.8984392075455363,1.6840631337159386,2.4549972286909396,1.898639147490847,1.5377674877066925,0.04303000205347282,0.02151531636048365,0.1753138775188917,2103.549355667027,1717.0401882863216,1922.544080604534,243.60976853705304,27.695264381190558,0.9774436090225563,0.0,1,0.2249224007661937,0.1284671132723417,0.39777434639461584,1.5782351613547996,0.25768347825280474,0.0994125656593724,4.0,5.3917782456476,4.4318378605937285,-3.1611769521925748,2.2170551459494554,-1.656486493456717,1.9234768403855882,1
c534,-18.773818590229787,14.929259477110357,-0.2206287155166653,0.4213305396971748,-0.8334642943198896,-1.501078616186629,-1.1549485257013432,-1.179750367778541,-1.028729759231717,-0.41047372766008894,-1.2446359706135992,-0.32750865886040903,-1.5384205714830317,6.413797174118426,5.703794452924779,3.631028148122411,2.5007674991901045,2.4334079000202635,2.0626191717282683,2.087414401341679,1.622720638530378,1.4692351426323969,1.432169196113215,1.248114296439848,1.17597566608648,1.480479519458733,0.03743310067686081,0.02231672042541742,0.0841036779754408,1172.6822181588361,1328.3503819079308,866.852959697733,140.249334147066,33.99632219041446,0.9116541353383458,0.0325,4,0.10237958732174343,0.10578395862256715,0.30761995457503577,0.36374236550864103,0.19376213256607505,0.09105470358254555,3.0,-7.953075300246324,4.650015849240026,19.004544068126357,10.717130615608646,2.953085371734608,3.220192204304515,4
c535,-38.056339871277686,13.014896692425646,1.3397553463671836,2.257930219693846,-3.3989183876077056,-0.10844358585013456,-0.060376350989210056,-1.0866069919617172,0.23721980644915713,0.5835761822352722,-0.9463651185219187,-0.1831138322868376,-1.7279861061473114,10.876239584628246,10.878038507730029,4.611289496289123,2.0897741484681522,2.0718425509312985,2.379308296489076,1.7105297651833844,1.8981442655121141,1.8770341579097867,1.3748865904281156,1.412068751238039,1.1757140674777038,1.7694911794501504,0.012273784249642181,0.011161939339774002,0.14107761335012595,1564.386177929575,1368.8354830959663,1577.6133501259446,110.64591189020386,5.0957629616427615,0.849624060150376,0.42,1,0.17955307081532754,0.13887906045677098,0.7541595037337762,1.42144375927657,0.3556637034291677,0.05824181361093759,3.0,22.152630140574058,5.317318496983202,0.7682454905291872,2.8290829754769495,-9.853051066016182,2.5604812284463105,1
c536,-29.605955642241568,17.740532951405996,1.340003534570179,0.05022323160469723,-2.102348839574393,-2.86729670246733,-1.9587798419593025,-0.909700674560089,-0.03806126500122509,-0.5216848740545037,-0.20495560587250214,-0.7736301656509909,-1.7841010770893824,9.050080758069566,6.830185914101612,3.87744914393116,3.267207710119919,2.3696631226982348,2.705049916873116,1.5391848869094067,1.4570531508246463,1.7083221935087716,1.4893328544175104,1.0493662259532481,1.2211193768067035,1.3341263042894391,0.02496660916090567,0.01533780499996382,0.07670812342569269,1025.064382680731,1165.8543834853454,819.7418136020151,119.4958395492332,24.20734662164257,0.9172932330827067,0.165,1,0.056377347455950216,0.021933619377056547,0.08869627133165939,0.17043194783421697,0.2697140071395056,0.03747088764207944,2.0,-18.90951765076469,5.862855510262742,2.2198249893337567,1.0473315685084965,8.215341626737093,0.5031150170209365,1
c537,-24.064306432825568,7.410452924254923,-5.2990468357090235,-2.4730049632086293,-7.756844008870988,-3.9626239440731297,-4.330028093971863,-1.8621111315278478,-2.6516760013284966,-2.247798129624213,-1.233647342654297,-3.4097702390446396,-1.074445361910707,10.341556779560728,6.700663779373688,6.201530961720125,2.993803986935884,3.207901205848688,3.115049555561304,2.2512977647239567,1.959059723809764,1.8996374222716224,1.6669180062984879,1.558517213060551,1.8293949376422398,1.3356383224593096,0.03318239958866655,0.02147105825085642,0.12113310768261965,1548.2867489631838,1378.3412106540031,1275.8186397984887,210.6133760263673,43.75456925806081,0.9924812030075187,0.08,1,0.34844646625990433,0.08755683307355241,0.4414871384863121,1.1096503848254706,0.1135080345869124,0.07971734909298685,4.0,1.0848402012818221,1.1447545955745262,3.8691386809355244,2.1913208152326926,-0.4293091634656639,0.7278400446648935,1
c538,-19.343794569875996,16.034625957877093,-0.443979546972294,2.282254578888697,-3.779449835206542,-1.4685945964714435,-0.8100777381425001,-1.7971092454729611,0.13434314650284773,-1.1089604649404223,-0.5419115093340935,-1.7870767415959017,-2.0356581016273037,8.245161023693349,5.840745262946607,5.267285729312476,3.492814320302626,3.7339839010071914,2.3187735119487454,2.2088026959091183,1.7600261978950484,1.755031041329785,1.4846428426378182,1.4398592143068765,1.4359741312264456,1.3604459389798627,0.04579736596241161,0.02498996092024756,0.08113094301007556,1097.3820911478913,1233.2601279637702,843.6712846347607,102.93856893107942,10.927595087189312,0.9172932330827067,0.015,1,0.189196858904671,0.1038911275653693,0.3318080086253902,0.4926738227745746,0.2619621440968353,0.09430949464154714,1.0,8.826988246663962,5.365316664217031,3.7072510748015945,2.1260461517736204,-5.198786566975366,2.2096295887746353,1
c539,-21.723936194420524,10.004159984221292,-5.14572729412704,0.9278781648337227,-3.783286013236923,-3.10618900326382,-0.4816653361365154,-0.40622056564825665,-0.9299590482203541,-0.5173909178016566,-1.0538872121162626,-1.3222944686805065,-0.17408477443714027,10.975934327924618,7.0849354957094794,5.468270403741181,2.9231499509954633,3.520233058548965,2.966389461736659,1.731648404476348,1.881104241710858,1.428901592502247,1.352414682743169,1.5481550461950406,1.6426985569645147,1.6456629765501845,0.04302563287013239,0.03644522047283443,0.1477536602644836,1620.0648620605325,1349.5382487902416,1611.0280226700252,247.60442278403383,54.44930337634652,0.9022556390977443,0.2,2,0.28871474890761417,0.11562358823397194,0.4969358828358226,0.9025325140443035,0.31583094314951904,0.09118410322538334,5.0,-30.044570456771176,2.171112775277723,2.2737256875220884,2.910580556190393,-11.13023110279972,5.881347035897061,2
c540,-26.225451516144457,5.450538054087902,-3.7735181085052814,-0.78809191519299,-3.2552188224617913,-1.6267587601770397,-1.4662293866937848,0.3371765873681763,-0.6624727958994916,-1.4481071628631068,-0.8091482299356543,-2.30373580949553,-0.3702561723282902,11.092962072130744,7.036475506253113,5.90024633524915,2.7566170201367517,3.3184397944842488,2.906325676225039,1.9644863210672763,1.9141893928041667,1.575914550267367,1.7678649873811654,1.582552399761851,1.910424526422537,1.3306367467508156,0.019019642078127598,0.013602881888175156,0.184208713790932,2082.980792829944,1597.4348072344483,2112.6023299748113,239.21343386649178,36.164136920620635,0.9548872180451128,0.2025,2,0.24815216303045806,0.12447804386466604,0.5635685920137329,1.1864942922032449,0.28632873702293105,0.05674111542549752,2.0,-21.238231501449373,3.906055703793239,5.61560132181863,2.541550978415034,-8.325493868871881,3.478066769586566,2
c541,-20.193855977474687,8.489600727604607,-0.29134414643152357,-2.776037100732079,-3.6863685418275787,-4.572723914170566,-2.806086275844093,-3.718611345920336,-1.8651340767197229,-3.0524898033520773,-3.178687973886551,-1.614477885217782,-1.9680072391105186,11.83249672242946,7.65930064901568,4.855664926319708,4.576788206072657,2.812704412139263,2.428099370489785,2.3814693395111024,2.0585705252200834,1.9113027859648437,1.6281183527166685,1.431443166873636,1.2902598041862765,1.4203208945089507,0.057978854790495256,0.05958710439774302,0.14176637279596976,1683.2281317402985,1579.28827853034,1508.265113350126,191.6444547688789,51.4783143438269,0.9097744360902256,0.155,1,0.21984868561636933,0.09476204727534546,0.3952814628356227,0.9986542665436502,0.320983051426626,0.08564081812801329,6.0,-13.152358575980967,5.261428764007,-6.42871604580334,7.69169461856663,1.914076762783322,2.1460304059063264,1
c542,-24.58633998221868,12.17132982511083,2.9338360347819363,-0.12872132128335467,-0.4479384884296397,0.12951272237011416,-0.548705206766395,1.1454899150849776,0.2388869778285509,-0.38399539196545857,-1.0922269017734731,0.273023426896311,-0.36304635252346695,11.855849802089388,5.062470360293419,5.6393123235457105,3.6984894693712174,3.1415614798791314,2.5415204216483076,2.0409983158680567,2.2636522636527743,1.7532401978233616,1.9776484076208587,1.7567205286727043,1.4296972855421795,1.0816782772068625,0.03220926084837525,0.022984735950269296,0.08315294395465996,1254.912705164032,1529.7862618415502,874.9212846347607,203.081305101412,96.75620164756769,0.8947368421052632,0.03,1,0.2286458656541885,0.10088595299431265,0.46509616180971586,0.9167452267365179,0.35959960541588437,0.07432305731241523,2.0,11.360510990973752,8.649497801710144,-4.023261717828243,5.663110816722058,0.138680393790455,7.311052857760376,1
c543,-3.9291012476515212,11.039754569084026,-1.9322747222500096,1.490539275231856,-5.256977978611355,-0.7591248108861134,-0.960367095363576,-0.5984936267740636,1.504159686977313,-1.0581016701522796,1.2203950399183094,-1.7282532868378935,-0.49085232198318324,7.243455158299624,3.629254850753631,2.517235244532635,2.1291630678091322,2.315484141557732,1.9969282232467764,1.6053017195969743,1.8155765183095443,1.8241190977797095,1.779092164390019,1.7723460879960324,1.3826266090301809,1.6981090355011685,0.09502452303797206,0.06321089116984896,0.10361893891687657,1469.0310217521267,1509.5922291205065,1191.4357682619648,250.2234105723379,44.799595148273546,1.0,0.0,1,0.2600894031055703,0.07882874636883601,0.3795816926255437,1.025339809101643,0.31121416867999135,0.06989233498205387,4.0,12.379938846801705,2.299932952590154,-5.097192758795893,5.420267384507569,-5.287456041085893,7.588256687598284,1
c544,-20.12477103082027,7.963990360648085,-1.0237436499978203,1.196453793295628,-3.4706292781313097,-2.0750376449872867,-2.0969346900443724,-0.8678632854195503,-0.9712112234368556,-1.6934568891810442,-1.2294454242132606,-1.7688137830141746,0.17632695608199908,8.938639234467157,7.159165917606635,6.015212359862815,2.595029687283,2.7174155043100825,2.2003464248595135,1.9590026108780068,2.0227461248120058,1.4889470326137464,1.5499747039578455,1.2707671478692648,1.440722976161291,1.1108315581302906,0.028324394314567333,0.01911098299114604,0.17321808091939547,1963.0679114213606,1611.6095680455853,2086.586901763224,195.8194004185705,25.3838835370019,0.8421052631578947,0.155,1,0.20218265701023946,0.06561104378253192,0.28442770479855883,0.5477391459894088,0.27063499550120573,0.08901117629246978,2.0,0.930483704518692,5.1011408869259816,-5.369737888770598,9.37154565634259,5.054000517546033,6.573873621696518,1
c545,2.306803078891783,8.12416717564059,6.260722353237869,0.7041255993269746,-1.195380145075239,0.2812060084827103,-3.471405996602447,0.31473728522777983,-1.3944953253973054,-0.7475318056336747,-1.6010645471140825,-1.1855824119799967,-1.8592706775870262,9.670111233460545,8.698986895460912,4.103654873073241,3.157988360719693,1.7781872374650043,2.7330429214521197,2.2885882771832846,2.0220578153452973,2.294497119654735,1.643247515311681,1.5841279629605924,1.6647016776209391,1.3576049160623118,0.2151148562145593,0.1258766947246727,0.15706175220403024,1907.275618914381,1722.3420803122779,1617.1284634760705,148.60243317701872,45.28659477040966,1.0,0.0,1,0.22127645675240154,0.12813214162621755,0.47507358837170915,1.1617263734545473,0.39296428180832266,0.06727086644750532,2.0,28.8485166844759,9.055853102792897,2.7966443631539066,6.394246467748826,2.127533850440808,14.589396519407304,1
c546,-25.658513826450154,14.578127251593004,1.269343611188633,1.8850763575664164,1.2712793296397475,1.6850157716346958,0.8672431068937855,1.017023397555324,0.04075340865599691,0.8128065454505359,-0.06858918394644996,0.8413615160973797,-0.4555437696041204,11.696725265172507,7.965366687676248,4.017841996544519,2.834511384975431,2.04478785972801,2.4300149317989423,2.081135548000943,1.5960275927643095,1.8738786571328852,1.5996184190835214,1.4475340767924645,1.3335957228150734,1.551427513947468,0.0285159310456061,0.015348233533789937,0.06362169395465996,1091.2604852534919,1303.1208609799928,732.0528967254409,213.45114111145358,145.6729629696916,0.8345864661654135,0.11,1,0.4284003424547793,0.1772380757123429,0.7985171470139465,1.3571396461608722,0.3078253437307149,0.11242303858571574,3.0,28.635025541428345,16.876254890172124,14.523417427154419,2.301147293274276,-2.93214977800228,2.8869361705643297,1
c547,-8.163371163206106,14.415042497408002,0.9985020120031229,3.470844842691535,-1.769976615187012,-1.3283271896030693,-0.8468041168466872,-1.1866092737773846,-1.6261259899374034,-1.712514559412661,-0.0990514089534888,-0.4812707684383848,-0.6088624181581205,8.157294596110711,6.001497992324108,3.833096769837101,3.403916067838074,3.226433463401672,2.138252781827727,1.7624984082977724,1.9125243079050822,1.7211775289466413,1.416335638109604,1.4559192129649439,1.3276321534578588,1.0288851219108992,0.09958537296711968,0.05783175631640156,0.07818895623425692,1175.16416439458,1344.3005821853421,882.477959697733,158.465733971168,28.070818045867934,0.9924812030075187,0.0,1,0.19903530249957732,0.09581010926648868,0.3724686931913033,0.8533246923815745,0.35555748950956756,0.08776590147513773,3.0,13.751688792856928,2.3623420660241328,0.89807567711432,3.1655133111035973,-4.00921189903312,2.183083735017353,1
c548,-23.8218027895927,16.57505855797628,-0.7666899091776085,-3.274225863359045,-1.9571087852444933,-1.9848381660740175,-1.7729300761959728,0.20097356992888438,-0.8424281223789437,0.1637182938604431,-0.4534571683810749,-1.1629330390978514,-1.525921810342373,6.53378281868772,6.365995793919161,5.778431146250504,2.9864703772276973,2.4235919517821323,2.574867568288459,1.8444079593885292,1.1432777613679381,1.4241929403074924,1.2760950364682455,1.0693078245296708,1.3359011832934675,0.8935859492605189,0.03753374213957731,0.026215103644836008,0.10894698520151133,1202.2682112699702,1202.0230629394694,1208.044710327456,195.3534291827872,11.184192033029952,0.9323308270676691,0.05,1,0.1737119228928119,0.08461890187591375,0.34495842826441847,0.9995135403014201,0.2486957852084289,0.0828259934837357,2.0,7.236248903403692,4.684689951612394,-10.5189797179041,5.159357582377022,4.406576386146437,6.057842516392258,1
c549,-21.77814515690688,7.949872838264566,1.94456024759376,1.246202894726635,-1.239880369596118,0.07249377145260724,-1.2636401294968154,-1.7952018690549016,-1.91432087837636,-0.030223778636258046,-0.38764947185158355,-0.6496239449766998,-0.8263583839147975,13.316955468029095,10.911625763466517,3.6597691124819094,2.5536677301503365,2.37757296283159,2.9786795525376673,2.2156836136900138,1.7125138132855113,2.837331857593781,1.3380110603931525,1.3002062912331918,1.399469917413802,1.5091915027663074,0.053127834652072985,0.0616008719715286,0.1911848630352645,1944.6281601876274,1550.558763622922,2067.1442065491183,182.0280021637544,77.78092167726071,0.8195488721804511,0.235,1,0.052177447471826045,0.0837395398372392,0.36669048687511024,0.4561127301062048,0.33348159409195716,0.07021756679185646,2.0,-26.738768296198405,2.898294826546762,15.550482207483876,1.8255216125361577,4.163374288409485,1.9877031611089422,1
c550,-17.880336084495436,15.21558238969837,2.754735169484055,0.674595144752716,-0.9679106742824447,0.8861947142196489,0.23384338689184203,1.2138994511294183,0.19683772539528918,0.1787745820749565,-0.23292313440677112,-1.287841908622371,-0.3091628993347958,10.291019260844411,6.495221309718665,4.856834639848864,3.631360313409909,3.6301918033655896,2.8370454236326794,2.1524101484128826,1.6768719135643668,1.5466786189697674,1.5682064567075762,1.4902779458552549,1.5064668013917895,1.2083311007882578,0.06035093703414489,0.031605380131262004,0.05928250944584383,1050.2903702132603,1361.1295431380017,563.9168765743073,168.27813523833882,96.59308894101902,0.9849624060150376,0.025,1,0.25000736345930635,0.09111453897454524,0.3817902763740728,0.8501691124512266,0.31028474039336307,0.0911017712548368,6.0,17.989620857123892,2.1607495631011058,-3.213165818342414,2.2550950495295763,3.975788046704604,4.53940495543303,1
c551,4.15747510584672,8.412105137138013,-0.30136251928625285,-0.374366816705507,-1.8709047798089826,-1.8900240056182898,-1.3945277974354884,-0.12610718263447526,-0.5558409197635169,-0.6501154729965778,-1.275418298546319,-0.8690354203374686,-1.0316002177628818,5.075854746312468,4.880538442186754,4.138351173240702,2.6405174670867773,2.2348748734533137,2.5422901258881487,1.6957234820643852,1.4727133429850188,1.5952996882571537,1.2630006763651986,1.3296345299867252,1.3679489122362638,1.136962174180328,0.13741789688355172,0.07682400610682188,0.15409639680415618,1823.1587284195587,1711.2900513039883,1904.4985831234258,186.2610604448542,42.85909105158093,1.0,0.0,4,0.2532996017093612,0.0836338362248274,0.37770112723325205,0.8556285215398495,0.24775758707724346,0.07575686539200353,2.5,-16.32794148907168,3.856315628011962,2.320809926700399,1.423915511080868,-0.6907354229544765,1.6104318190294051,4
c552,-41.44659106871792,9.280834765533053,-2.1024887320939243,0.3881721788923527,-2.1760453454984092,-1.2205518721561874,-0.7977130715637638,-0.4189833069296399,-0.3639224841324377,0.10025277145846824,-0.8276299580964085,-0.6136938693188672,-1.1137167148230365,19.67654158943123,5.681012104737761,4.742152123912144,4.56170081666634,3.0074801958237116,2.4266241907008355,2.113500656123131,1.841953847080553,1.7535900868654684,1.7606711425964707,1.5582496456027208,1.4237608368885297,1.6116070478544664,0.009987347857163743,0.01034764844565029,0.12543293450881612,1582.3893633457328,1513.8420173718503,1418.3721662468513,225.29130365253124,22.463224652720356,0.706766917293233,0.475,1,0.24672349031611854,0.11587980025159825,0.42415598072176053,1.1023295888693712,0.17151266589149003,0.06254664902192149,6.0,-20.440330018671727,1.8388004044692785,-1.5676989332302222,5.878879527509641,-0.23761343381917005,4.978363385944033,1
c553,-20.751089268467183,12.796065521930721,-0.8959911796935378,-0.3527772208812035,-1.7999335033611268,-3.7895482778731844,-2.4586032821519006,-0.7897785588209296,-0.5912649743191911,-2.0216745466096233,-0.2494973231738677,-1.2729768235514078,-0.9963114908596485,8.516609128210195,7.817190960314833,5.101531025378492,3.3595095461675033,2.548200756795397,2.6530169055460933,1.7128525527971734,1.7243341020916054,1.456250769202052,1.576280729266827,1.4226782434760958,1.2302280921911866,1.2758149077773218,0.04047830601382716,0.02964054051276443,0.12772059981108314,1539.9376590194734,1449.572741500289,1373.1895465994962,186.87410392531362,29.83813861508158,0.9097744360902256,0.1,1,0.254414266821371,0.07153676780502445,0.323611682572382,0.634091329461812,0.30786592391870576,0.06876431691954636,3.0,3.055901714817178,3.629467466302304,-0.6574485075245878,0.8052738629243876,-4.910077630852718,2.872877954375139,1
c554,-18.987247825687476,8.32055350739844,0.33960974096477703,-0.3580794580156382,-1.382637166766501,-0.4535015455534327,-0.2981039645033161,-1.2164034811212472,0.2791698870315895,-0.667255145982228,-0.32141922066971995,-1.3551338118369634,-0.7008505469267989,14.761017505333399,7.4985806254290654,5.677539099550086,3.230104567288592,2.889591236046778,2.4248159751195573,2.0294468015083895,2.197126375996409,1.7115417649261921,1.667980576476391,1.4038750385461207,1.4275112342477034,1.3911263592385685,0.03848146444281089,0.03481887521345585,0.16265792270151133,1937.7696246574928,1635.3746189432845,1811.3192695214107,184.12683814160704,41.671669378526715,0.9398496240601504,0.1725,2,0.2530454310771786,0.0960430720894441,0.33423274687183435,0.5494269407218776,0.21005383615209935,0.09755712412851641,4.5,13.20580907342568,7.141793081813874,6.38450006123896,2.065247644026728,-3.179599190178437,7.752699638004962,2
c555,-20.78301331690819,9.427352174544776,-1.8166331824586468,-2.0685356002809128,-2.197294348138081,-4.44143831480412,-1.9989355144313348,-0.8152040204367377,-0.5320908466391163,-1.4495614743064635,-0.7496953157758353,-2.303773198932955,-1.3330685463111362,14.041556455155753,8.594586583132415,5.42738257860656,3.4316662576413024,2.9650961891607928,2.574555217186708,1.8447305004707482,1.5963026235255273,1.744542425531669,1.842778498825913,1.4682739470112902,2.1227194017995545,1.3727358945045847,0.054755284632020104,0.04811750155784086,0.1762117246536524,1841.8071721761726,1490.1079526687931,1956.8246221662469,210.0903055473626,34.51899081249141,0.924812030075188,0.16,2,0.23527943012215008,0.10106953880242647,0.40866994648788957,1.1457271375151068,0.31107335336235487,0.07099138510451843,4.5,-3.6935901815460848,9.037257329522365,-1.6117490305225415,3.8979162180305598,-1.8130083941968156,3.856543331162137,2
c556,-24.707547560998854,10.730785008605856,-5.085966714083364,0.7340986199869581,-5.72577982189323,0.45979310167829096,-2.7043513783407764,-1.8516881863361216,-3.742393584746623,-2.145308153315088,-1.6530029891592726,-2.808873894134728,-0.16877070014977416,15.473073696020066,5.52836045125399,5.9093323685223185,3.1429179250387875,2.922241723495878,2.6718029979916347,2.0522187130200535,2.001320797058241,2.0400369823868667,1.6701987486918313,1.2168839493708687,1.8188024971454841,1.4336102374213853,0.03160705702081977,0.021701497256294718,0.1078351306675063,1412.6118020904798,1312.1695604240124,1250.787153652393,191.97664246468014,40.73629436855025,0.9398496240601504,0.205,1,0.20827425803367944,0.10016449046196378,0.4006650126622549,0.7485645945091317,0.20074230933305529,0.09591521850991354,3.0,14.233905225427742,5.7222684966273185,5.188795608729309,4.381882179425796,-5.990948667312122,5.567431546730329,1
c557,-10.350982620314724,15.73933929825439,-3.123555885757099,0.06526631455191309,-1.0684515740455083,-2.4196707013617558,-1.3142900545917464,0.41600704846494224,0.007196470859947141,0.8372006193133479,-0.38556987313510094,-1.035605011056469,0.17103012777856824,5.324056731795732,3.3987556803154346,3.7234727882619363,2.4860571858297593,2.0512499417022956,2.113274608376381,1.5876875644359654,1.5576196413107617,1.6644931354828236,1.298843864635495,1.3765794696466367,1.2621340828360788,1.2258284875480643,0.06290821801440814,0.03775031462307949,0.08536558367443324,1107.3573286783817,1240.9065624792604,836.272040302267,192.78620308834573,50.58361706252927,0.9849624060150376,0.0,4,0.2034702860956919,0.08755161246184343,0.37092716570476825,0.8237471025752088,0.33194872965678457,0.06571733484916213,1.5,-8.679674880492122,10.710411983382095,1.073163775899196,4.675688167783909,0.8397507309106449,3.9438971999256163,4
c558,-8.145153473592893,8.021938124137884,-7.594215170584931,0.30441386259347303,-4.363114269141756,-1.5073922870781384,-3.182722860795993,-0.7071789102212862,-0.6023457115329893,-1.8951881700629343,-0.23578914807062934,-2.781891966082179,-0.4231795099216608,8.462624604129719,4.007788474739039,4.615149163831977,2.8471802378165556,2.5595637267080473,2.5123575722125358,2.0630361171166793,2.421061502635528,1.8242864864772568,1.803946191595371,1.5481814068086257,1.5314489779906049,1.4800402699422008,0.06209073048651932,0.03913766104892404,0.15269304943324938,1750.519040894999,1436.578205638228,1745.51322418136,242.29545504751366,44.73410720434753,0.9849624060150376,0.0,1,0.29389987832258063,0.09852934161587135,0.4863731638504341,1.075057596841374,0.3965188859455451,0.08643087597232932,4.0,16.750274901291778,4.143483833916011,-2.7778007945754264,3.8349112715168086,-0.3317847492852254,4.052059739133551,1
c559,-29.39584686741813,12.79115155045892,-1.7602898100397435,0.24077928429733372,-3.225196591112885,-1.980113780273406,-4.3314426024862245,-1.6374985182759338,-1.7733903378938491,-1.4745699312942764,-2.6503187874214467,-1.4194865600907713,-2.7617056643758673,11.044681012995786,4.010369699999253,3.108285455678585,1.9916448028439666,1.9924963569193361,1.9662384810210785,2.5460572572004003,1.3086386445308142,1.5310525450458716,1.3454803270114268,1.3839192972623078,1.1729683819970798,1.6676028845982593,0.02289794831962914,0.022502653940615385,0.07931065018891688,1173.1960860621596,1326.1424139793853,793.52959697733,153.8131970853911,58.246638470311815,0.7518796992481203,0.335,1,0.21199598512577403,0.11876781351523187,0.5386163733534012,1.4543426777284687,0.3379685797282578,0.03055378306129675,0.0,-15.881852717719271,3.974324377824558,-4.401849603791933,1.7476472471111653,1.6638327427450101,2.366332088375549,1
c560,-11.236012760392306,12.052643149324144,1.526356275264471,4.244239888236261,-2.3917680410438074,-1.9922235194670346,-2.5211260477016446,-1.248076893408576,-0.3068226340426365,-0.5578818509812925,0.9073785675417781,0.6121714018916307,-0.7819025586236343,7.795305009604788,5.167490760427026,3.4203465010271485,3.680084335758547,2.707391828821502,2.4254027020777853,1.7530002404316267,1.8224835997337767,1.5602292321285207,1.8713490877447494,1.2127791452649153,1.8565195724785617,1.3011903527791,0.07178758873053125,0.0608306249787116,0.0951570371536524,1353.7028021482486,1484.1139808012415,934.823677581864,184.03328038586707,108.32261538542632,0.9774436090225563,0.0,1,0.20086462110128778,0.09846819593326919,0.421081197838331,0.9758917426077294,0.26843410885473257,0.06773986362847637,2.0,-5.375940825553721,12.987419225861498,2.950771319937465,4.759722092588612,6.6726526572930425,7.035062598722568,1
c561,-12.549418956300887,2.598768102038436,-1.6393393463030193,-0.13281162712442607,-3.979000644019607,-1.7223974453387276,-2.755432928157944,-0.541181891251375,-1.1494277918431797,-0.8906036570614776,-1.1402495734094162,-1.5673434805214583,-0.567112270302637,9.439821379037621,4.850300610126048,5.270748440895957,2.774950313639966,2.7251371857129008,2.553491426267631,2.0444389534098475,1.927684877532664,1.4816159596970264,1.4235944990915628,1.4557105215776522,1.4366908378175507,1.1531634774086688,0.043395979302474824,0.03226347503821782,0.20344232131612092,2421.6604118105797,1850.7918675107458,2458.7531486146095,247.2767489286795,42.28631773307617,0.9210526315789473,0.0875,2,0.29038064137344316,0.10724524027231641,0.5254852917641262,1.1091830644629528,0.306235769160347,0.05750456779502054,3.5,-4.981106441644339,8.986428223675066,-0.07536731709300715,3.7315556942622585,-1.8691336957815972,4.138291886689986,2
c562,-27.070502576709515,8.589018511710785,1.8351624363750194,2.481357618493949,-1.5142225166817649,-1.6529102348856288,-2.8295988876432485,-1.6759584325498942,-0.3308359256992292,-2.370013630496542,-0.8273378969437072,-1.4540535390108011,-1.7076029746889845,6.856475418901186,5.119433297649827,3.972932369106259,3.0563378628262026,2.276623660606798,2.1237096397896456,2.143479330841849,1.9250326013641184,1.9511093534544586,1.353098292465437,1.3153673270486228,1.271797692057094,1.1674876175539286,0.016546995131070608,0.011828868289130273,0.13069538465575148,1771.0284408915684,1763.823800828323,1404.3870696893366,169.57213775701953,33.13788904038491,0.8270676691729323,0.19333333333333336,3,0.165441502422888,0.06644095112040345,0.31991006680965023,0.5166713635672308,0.2300914127206053,0.10352119550132298,5.0,3.7495049319531772,2.8389927470599865,12.655607550866057,2.802585387042503,10.279605768518982,1.7357873645557895,3
c563,-15.885511077700158,11.76246764719623,-0.6810046854337504,-1.248064433541264,-3.05053436065645,-0.7805489234201862,-0.6087131826915634,-0.5260109760223634,0.7329891400983416,-1.1790895426968795,-0.5704107260306122,-1.239489500579511,-1.847751469172428,12.397910843382654,4.619248202049617,4.298063646062369,3.1842572927793595,3.6923155336789253,2.3309472827291837,2.4924441867192986,1.7010117040663741,1.9303557124218365,1.70581145867219,1.692495306116455,1.328217141880924,1.4551737327818304,0.06270138896324721,0.0409133915016384,0.07992561397984886,1259.8099320357048,1433.0190936349495,781.3287153652393,219.95223292935398,58.26152769036947,0.9774436090225563,0.04,1,0.10258427722854224,0.06701229026797081,0.22184548908067997,0.4596422726794123,0.15533462243664084,0.08787554080399487,2.0,-17.267910150508374,7.293923885207243,1.8340845027306474,2.9810489709374144,-8.89867518917995,3.756794290883104,1
c564,-22.89092554049679,9.99572446184913,1.6141407968836152,-0.19652273556935015,-2.078923378869097,-2.169895282935689,-1.8050523670018426,-2.050773594656739,-1.9786061558366779,-2.4595377360841133,-1.1348487746393787,-2.9758593486516847,-0.8068368056225644,10.737498165322837,5.941079341594142,3.899403400589685,2.980083163367966,2.242278455777312,2.197357849236741,1.8688306851826222,1.7582324275661827,1.7201713753988637,1.4359572955876898,1.5947196393373326,1.840085605433493,1.191312447247257,0.03233448809321334,0.02074595573087151,0.09558505195214106,1489.3963421600918,1649.8156492600067,1030.0692695214107,183.39173790040593,37.87035774844185,0.8571428571428571,0.2,1,0.2108662590475652,0.07925410056600227,0.3111288279930141,0.5658784388343483,0.30564222835994387,0.06879500030613091,2.0,-13.81380733106233,1.5115263522347346,6.050070383467273,1.3232813820660565,-0.7707653509694468,0.9057178858426439,1
c565,-5.6694707455964855,18.876063429907443,-0.835995541703031,0.4725555288729541,-0.3898857170310853,-3.210798576637503,-1.213598710360678,-0.46874832436229186,-0.14088626271896024,-0.30448323335869254,-0.8331315382519409,-0.8809957580034542,-1.6047594213152852,7.0181781272507475,5.220158642413741,3.872371946596526,2.8744828146098804,2.133625645253126,2.8466450453727328,1.9267970584495209,1.5866836511559963,1.6493223887804112,1.260675590828523,1.155401469239874,1.2167451536700462,1.0673120084702385,0.12796579357153504,0.07128949695028239,0.07041335406171284,946.4882064535906,1119.3690689729635,732.8794080604534,101.68628090406557,21.806850134581445,1.0,0.0,2,0.211219628895442,0.08623895956629765,0.3492072450429183,0.9738260803523139,0.19802138923842746,0.037798951802446704,2.5,-14.687218742191229,4.852433681333869,-3.018486797114657,2.144270525097947,0.8448993570857426,2.9137811378220686,2
c566,-24.09255281084097,13.352103789521662,-2.1944375210755576,1.0940609538671011,-2.0101825026865505,0.3622103368797804,-0.5992137979425259,1.4989507525919639,-0.11961486096321455,0.10042847978986336,0.8737134990708887,-0.6772942832724089,0.811366691143044,8.87977098628062,5.651397931638162,5.214188080609124,3.3716671879652904,3.516686404985638,2.4828396657687715,2.3356512309758726,1.865829936803647,1.5842770678182863,1.5553904558612341,1.5726354292761935,1.9350211439069132,1.6206169202810852,0.04265225310939998,0.01318264111359859,0.04631989268471873,904.85609123747,1227.139927147249,460.3536943744752,230.47785846404827,47.16425571151631,0.93734335839599,0.0,6,0.15630837587754384,0.06690246125019565,0.26463812691281635,0.5103230474043875,0.20020815991868465,0.08131460021944233,2.3333333333333335,-5.682708597647179,6.744513037371482,3.4222001291738184,4.032489525820208,6.936092533813988,5.302683904405947,6
c567,-16.738747104349414,11.849297054786591,1.5603406884136242,1.0012979241579765,-2.5402428342586663,-1.769490287343347,-1.6641522662026638,-1.8725999236964137,-1.5302097006443622,-1.0998464048122798,-2.0108270910557704,-0.4275902105884165,-1.9988090534117706,9.117535551294871,7.829379912441249,4.492366398807565,3.410640584966712,2.8943806153252867,2.798994834359637,2.673489764661282,2.3372168381794203,1.6742997478555952,1.5088194813046123,1.574322407298229,1.2489975987145783,1.2967345088674038,0.055576157967992305,0.04131415097204575,0.10820902865239294,1371.6589896936548,1414.5218188062713,1153.3375314861462,150.7899997546252,48.996180878182635,0.924812030075188,0.055,1,0.26330097247932355,0.12973724611737508,0.5455006631783177,1.5831079778928825,0.36156090722593737,0.10688092380515031,3.0,33.63628067280837,5.190316970501156,-1.8584535213672848,2.5512963457992686,-11.729831903776493,2.9575302971124278,1
c568,-14.262799354001578,17.14562848605409,-0.34532864508629885,-0.09940913173910274,-1.2238010079028314,-1.9788348431348999,-0.5223256507826852,-2.718806346907104,-0.10716299793636977,-0.5499137159332053,-1.5273036135156282,-0.7208016845489852,-1.9500416260496343,5.2307133716975605,3.900550932706932,3.177339642809063,2.2194005398390093,2.0082551382267075,2.3784019169636177,1.4805318787000865,1.705834703374055,1.8533805023899417,1.4384380310221587,1.0878909361846074,1.103927029582416,1.2440947152697148,0.060410340565302804,0.03956414661730547,0.06526610088832488,970.6716249884117,1220.7790949176076,652.8394670050761,132.74702040340563,11.450681708532702,1.0,0.0,1,0.23830448484127753,0.07179369893495771,0.32303996205748187,0.5931405129669859,0.2154587235122321,0.045214540355713005,3.0,-10.02817313941307,7.468752121975506,1.7928737844678018,5.110206070143544,3.4050478605842733,3.266115722484398,1
c569,-18.982924260538237,11.07057404350967,-0.3171421136827214,-1.9314486274619307,-2.3489189179300847,-4.244621663841061,-1.099375016122002,-0.6911970688456652,-1.9368863379037955,-0.9526008861340302,-1.6902132916207993,-1.6081191504670527,-1.2038679408773505,7.392885026026878,6.131685152466379,3.54200656701415,3.0615625937843065,2.648902376417256,2.845591845707954,1.7959354123546534,1.297303505073816,1.5107124844854272,1.0828199425455793,1.1251527531200156,1.3722195757182813,1.1333552495876498,0.03965420427926497,0.02377988569198451,0.11395033060453401,1488.7299111636082,1562.2005244702536,1233.7846347607053,196.4848896067955,43.15638270566033,0.8571428571428571,0.16,1,0.2077359681689125,0.11944693796888221,0.41648083584978174,0.5210910266278278,0.323015267024073,0.06915313974799099,2.0,7.560996041729376,9.493756676768506,15.196922471044765,4.659864587485538,11.509768055002326,4.473889691101054,1
c570,-27.51218797633682,10.374098905166077,-1.7658370376947348,1.7753456967626788,-1.2132862261827284,-2.1346689879589245,-2.0030703413716404,-2.3802920284912368,-2.612403023692299,-1.8148741537936806,0.05255715218413363,-1.6288639388319157,-2.2383803345094613,14.519875298729596,9.274696410497906,5.240826860718477,3.2961040721495256,2.8174772957015706,2.5136068025243454,2.6145901769468987,1.6178078912663743,1.983794483120506,2.086007582938058,1.6077370892917877,1.721985553181515,1.5722989072419271,0.022149412489442914,0.014992622309584997,0.13141530226700252,1581.4151246880588,1385.0185931688977,1559.3513853904283,128.94390023792042,31.772444338176726,0.9699248120300752,0.165,1,0.1519023463476654,0.10574930094130638,0.41978560783651514,1.2493499059144628,0.20735339160151248,0.051768066995021976,2.0,-14.198187481498035,11.541056973851749,9.779835102342972,2.998467728147639,3.026831602072125,1.3410586790292593,1
c571,1.2957485043245327,13.67732883612128,-0.042987285284228564,0.9863311930313323,-3.246643167287954,-3.760033541125212,-2.7321795338854034,-1.8472675810790034,-2.740400439450839,-0.26549882215075116,-2.6204450132150177,-1.4711523521996885,-2.064829302436835,6.737300130546874,4.095093322134571,2.821497675978993,2.030504340840654,2.106521716632195,2.8723649298352383,1.5120948846035769,1.5201015117672534,1.4951117363502722,1.859216134149696,1.184232957027466,1.2767934842269906,0.901822111235745,0.19165727546493,0.1007496073982106,0.06274844537153652,1090.7219311179533,1362.5434462502865,596.5050377833753,146.93872400052368,15.17918849812569,1.0,0.0,2,0.2268834869613899,0.07235719649191777,0.29745525138922235,0.6995910254353287,0.25954425453584046,0.08325280515833228,3.0,6.565961966712632,5.529064603277753,7.862640023070512,1.5977061528137018,3.401992492317325,2.6360809328102714,2
c572,-23.99345161276623,14.714303617874338,1.2071029896936378,-4.80599606836335,-3.905870107024775,-2.7543325430157553,-1.2962392951460562,-1.610726643329325,-0.5191308552571141,-0.6359426932776533,-1.5476596990593108,-1.6398332945259635,-1.6928260763248724,7.784717799710721,6.537118765857817,5.701224305680174,3.5661910702490847,2.9557175083156997,2.388204880945511,1.8929257130268664,1.7898953858844255,1.5002707419712116,1.3266585814396807,1.254335392389674,1.580694024878238,1.1870955754744938,0.04173943653473264,0.026839939635220994,0.12974752046599497,1391.9485999022033,1317.9912451941848,1346.8198992443324,176.24151093780148,45.691964389562905,0.9398496240601504,0.11,1,0.21972499448019098,0.11366925949900131,0.5052466923016289,1.2117756372108304,0.2646816138619971,0.06819876154308659,2.0,-20.96891509042351,4.469369050705496,11.873743404523116,1.9689682249489584,-7.836783889474088,1.799580971849739,1
c573,-12.7506080822015,4.20155758705422,-4.361316720722288,-3.3706344146504423,-5.2551786170968215,-2.595471563164171,-3.259865793612751,-1.9546987363999497,-2.4324869117099746,-1.5108166482374077,-2.609198515990247,-1.8773507647889676,-2.1218494615086567,6.851379532784763,4.328422719039676,3.073609034752889,2.7148380038504785,2.1646746528030665,2.15918616690822,1.9917025750586355,1.6670072615818317,1.4545724098568928,1.3529575406032905,1.3742977145180897,1.2920163395361366,1.4518824810339184,0.03741284620493833,0.02528669624548647,0.14830958753148615,1969.872858641295,1754.031543436966,1708.7531486146095,186.7596713040879,34.95075981523963,0.924812030075188,0.0,1,0.2444227448288396,0.09773445150106996,0.37515554530572537,1.139171562957066,0.21611022121985501,0.1049121219776306,4.0,13.844594635239822,2.1471955176046587,-4.9661584693907805,7.5334789611657,2.5467540846873926,1.8347180986018863,1
c574,-24.52400777669169,12.191368245300396,2.08660034838363,2.6513806212728595,-1.0405109730237074,-0.31691926216482047,-0.28552171518700376,-0.47625429904313066,0.28627353899479124,0.2910160826908337,-1.016204425619671,-1.1385882198110633,-1.5342402646834563,11.618581264589388,7.815962539541708,4.468611277625678,2.8302292739931163,3.562286395463184,2.7198624244255933,2.0694368446401374,2.158156419255932,1.6021115870462008,1.4885748389598663,1.5204566607315546,1.4888317674485592,1.104571265572838,0.03781393152160167,0.02827692916013764,0.11077957729848867,1371.2339149589584,1410.0483510875574,1155.1086272040302,234.66691656115924,76.13267516141701,0.8308270676691729,0.08499999999999999,2,0.1394981683849456,0.08664570924492287,0.35520718521900496,1.0747301215504321,0.2531749113956657,0.1061673478781407,3.5,-9.198676066245708,3.5668441419696637,12.205687038862811,1.689053654276362,-5.1039096553331875,4.281041433838386,2
c575,-13.735384873100699,4.7050162036999525,0.036516737600174334,1.2502362924318144,-2.572065002168045,-1.965191914918869,-2.5506531088924316,-0.6933177754805516,0.04880909794913092,-0.7598548610626211,-0.5421626536174317,-0.8690701198081912,-1.3348616583455999,8.869515883648662,5.532840611262952,4.859877019318712,3.27019367499296,2.4449075864436303,2.938310026174596,1.9152662370096383,1.8278293343517227,1.656034017286745,1.7284584184510356,1.249749937943568,1.055799938748918,1.8138056960283262,0.03708025952533,0.027879259879080583,0.2067409870906801,2350.916171196922,1845.4534165164748,2232.2890428211585,183.75531816480643,38.430992378863095,0.7518796992481203,0.065,1,0.22738700491957553,0.07820832632571782,0.336514408685621,0.4737867136513747,0.2740271880443791,0.12666348374897718,2.0,-7.960687562321907,9.04327171821835,7.025778589937489,4.126672373794648,6.193652193532853,3.406904547384049,1
c576,-20.068645478234025,13.621087844536023,-4.3446782366450005,-0.8894729804122474,-2.788981177421798,-1.4665629766001123,-2.168163953222076,-1.6477115152867512,-0.7873213223188739,-1.2856909346817946,-0.9711976751902918,-1.096279043347695,-2.1771692054133354,27.524983867176378,8.824707947420226,4.1321158104382,2.5943462560147204,3.2902197405385927,2.1156396275960043,2.323700005169489,1.9696252037164927,1.9555078136727564,1.42672365419541,1.1436134363126351,1.3689544738474337,1.4997105849026895,0.05649362609189277,0.04115025537722881,0.12651527078085642,1416.535313520207,1204.4459556950628,1505.8947028423772,111.54342668128926,38.025014612631686,0.924812030075188,0.12,1,0.1869363452118244,0.08881714736051749,0.39267878202354833,1.2383818622018155,0.21103231778954687,0.05489257469053829,2.0,7.522054900293117,3.382663835048054,-5.9220941840039245,1.4110467138249878,0.536950968465402,0.8234721568922705,1
c577,-16.64606968997387,15.646998997330957,0.6209291662263535,-0.1636853884465904,-1.9415695430483184,-2.2409665205359426,-1.8030448695574777,-0.9319699409827641,-1.0884064677343386,-0.8956016626756507,-0.4636174090199968,-0.7581085121789362,-0.5706028185333829,7.195901838647671,4.9432440270461395,2.6513990933024147,2.2249944507648434,2.221806374843277,1.7661785745656047,1.6231019838997987,1.306429590455926,1.1720372838862478,1.241696701237135,1.0160328047408245,1.0261333247064044,1.0743158500329089,0.05820885623879228,0.05105922760768365,0.0760046048488665,1044.7455400019815,1277.902346748651,736.8545340050377,154.97607593456857,54.37904128850423,0.7744360902255639,0.0,1,0.27295635452942574,0.07430415071481537,0.3889230339133176,0.526731961874761,0.3705516779264485,0.04669355232216587,1.0,-20.065859836856852,3.0916546456804643,-3.1649974564517516,1.4411284351712252,-1.5756022655730064,1.3693020500050381,1
c578,-29.079879109973575,11.734039688432771,7.037985468563037,5.632893419106816,0.03477787031411567,-1.086503626391822,-1.9295974051242093,-0.7389420068741003,-0.5147834532653238,0.20390815054306338,-1.1735313775986411,0.32635555162490987,-0.5064407503571939,11.404804292284512,6.537447677814155,3.9544503864331912,2.5240920825319186,2.164964466639276,2.5564986886598198,2.264323327330608,1.8893027102106679,1.6089130455444858,1.6901033305577107,1.142831170442086,1.2215058513712151,1.354527122655303,0.0291634703368746,0.023954465862472855,0.08422052109571788,1162.1740200531788,1455.4041902962826,812.1851385390428,89.9949691391848,30.607043833450685,0.9097744360902256,0.105,1,0.1851199082396332,0.08290805419218018,0.28269229143974756,0.9402262276845095,0.2706869053087278,0.07046437594134904,3.0,1.1217369034217934,4.905618145775737,2.0175571539638213,2.85085618421314,5.926821684711091,1.8208636149622353,1
c579,-17.153708221596858,9.23139032908374,-4.653368249076267,0.03345937405902965,-4.401452189221321,-1.425248871187988,-2.1169850117882825,-1.6347314658438945,-0.7434490106519943,-2.2020219715611704,-0.06732000958827504,-1.1271889737501182,0.22019743485846302,12.743969588397771,4.9442779351794695,5.874589076308214,3.745088314010182,3.564671058005655,2.7108804841094964,2.4860651299527716,2.2568469895129755,1.8384802254900894,2.1575821860626587,2.0190083049524388,1.9949167898858675,1.972358647945205,0.05058047689056594,0.03981350089825694,0.12511315333753148,1632.5344218210796,1464.897440125865,1473.3154911838792,248.99079121932715,65.87948135952901,0.9473684210526315,0.085,1,0.1748232523060556,0.12228939154058978,0.61912934992293,0.7804159213575402,0.2970635680918547,0.1361134175051519,2.0,25.813120909039498,1.8920538560849993,9.354780431491891,5.817040381845085,11.111909306752095,5.260176738831391,1
c580,-28.225376907852052,12.948267251061047,-1.0140781490131487,1.5133020550885474,-3.47270916097608,-1.7172444847346575,-3.4156202080721654,-1.8914789061761315,-1.311761874780275,-1.5645259507682265,-1.4857244830498813,-0.9448866025820588,-2.513605987982233,8.613419611862135,4.573879585541732,3.0855040204380337,2.5982829002775834,2.0996340581050705,1.9793078281488823,1.8513900778286025,1.8254692308550644,1.5936509350469212,1.8351586579861299,1.1523282184792714,1.050964394754935,1.1445946900418904,0.017053457660668497,0.012013685764011413,0.0824445056675063,1228.84092009643,1366.2463150591511,826.9049118387909,119.5957933288334,16.43393360455639,0.7857142857142857,0.25,2,0.20549539254537294,0.08174496599358276,0.33861779009712334,0.9643041304162111,0.3414935714127125,0.07248392061258693,2.5,16.459870831772616,4.237503101146129,2.487770241050365,1.8904999612095887,0.9015242197968966,3.989451162960136,2
c581,-21.613956268459546,14.011249564914134,-0.4482927670590512,0.943706113769121,-1.4262869177673734,-1.7837614659799677,0.2893175151911129,-1.6206489678750726,-0.13205840296824448,-0.4775086977145644,-0.8133705994176363,-0.5320499893274431,-2.18992485815984,12.81103384107438,4.874213125522868,4.529325589908732,2.8509877159000467,2.707076967063329,2.3234034976375275,2.014708481861698,1.80576362964141,1.6130187273657386,1.4013340250395974,1.2623088955654735,1.6968425998274863,1.823338964253048,0.03801916256224738,0.032685684250346105,0.08829404124685139,1249.7326591076258,1411.3514981982248,926.2043450881612,113.54713481119875,47.05579363301473,0.7894736842105263,0.19,2,0.24188461093226515,0.09387213666750986,0.36148518617249054,0.48890257821080885,0.164099106504,0.02952993913975384,4.0,0.15223984037807525,3.412859837831393,-3.989334919592083,2.1048790475918775,1.4141042591773068,2.1007920964063187,2
c582,-6.994053333520456,11.525513618577795,0.02836748680921582,2.391087664166039,-0.9530875189029114,-1.1103131268383972,-0.9541283238107717,1.3672707006740692,0.07551046917201774,1.1395186623827203,0.1870003593220459,0.7496206444757382,-1.2354558453672795,8.398948045847005,4.698155737357071,4.397370638729935,3.3330473394742866,2.197640134877022,2.5229033589436782,1.7277669841962242,1.452502048126963,1.7315442608278413,1.425238317577985,1.4181372591839276,1.5211844398978644,1.5047582201494998,0.07415318647121107,0.05399937733680576,0.09717903809823678,1409.057442549306,1528.3331550937544,1046.5994962216625,230.9105375032004,91.60769232217775,0.9774436090225563,0.0,1,0.25066693214612223,0.1182964318553601,0.4442683665265766,1.253732229475577,0.18626348208143162,0.08078226472163799,6.0,-14.874017397823454,5.164444160793773,-8.841758365784546,10.06811194318119,-1.4140312050557529,4.075579501077282,1
c583,8.186458211945615,8.174094852911342,-6.261637849445816,-2.065835169279859,-2.050665695239997,-0.8586026520931305,-1.4011427757526453,-0.8676877850129707,-1.4121953607767934,1.0633573236987406,0.6607663817768115,0.7129784276643539,-1.1438610010561912,6.410309632159016,5.528323549129846,3.0960017633132426,2.181491275595967,1.9620726504271861,2.7248653605032924,1.8978778327325052,1.6931053054929452,1.804055411020809,1.6423902503120305,1.4653211115486358,1.1957890731738756,1.203343950765048,0.19384094871014765,0.11140866387756931,0.16507104061712846,1752.732904156181,1399.3267261859332,1887.830604534005,125.62828243908554,41.23291786315662,1.0,0.0,1,0.1951040696224992,0.10100626242932483,0.36926683301973773,1.1893905659662136,0.27387870816452314,0.04381454816461091,2.0,9.46548038259017,2.422489050493635,1.4710448766991373,1.2728004051852126,-3.2138069944967333,4.622969243573702,1
c584,-25.44403745276085,11.226679481691821,-0.19600074348306104,-3.2128377828216097,-4.736950513120144,0.6236764447352242,-4.00249282152191,-1.9658752304101654,-1.5157818533790453,-1.3033038110875823,-1.2798410810125855,-0.3053821087947488,-1.9866374145187922,11.93816751409656,7.248258862524266,3.378357060900604,3.361487338766124,3.8130918586125158,1.8847442686499103,2.935685991896023,1.7939078713940253,2.080355646383806,2.0682136663235875,1.6921726168741034,1.2498996553387123,1.5136864629643296,0.030312256442315395,0.02558526983384316,0.1217283926322418,1507.8737067366756,1470.1654206172398,1388.9326196473553,132.61281161402997,36.031235218549114,0.8872180451127819,0.2425,2,0.14344581366645653,0.06747554977735437,0.22293382572262158,0.6290104090497064,0.19585219399559833,0.08113330465488625,3.5,-7.339110360331434,14.242237744522775,2.263450832183146,2.3645814362498117,-3.3547519458724775,4.982753943610066,2
c585,-0.047353261471799836,13.260333531041852,-4.110689281970388,0.8949750865718514,-3.6714393613162826,-2.301224931526174,-2.383241039682693,-2.0775187412915237,-0.4502872302237581,-0.049617987914786506,-1.1688933844829643,-0.3529933886471451,-1.3930546861561686,5.660728178575224,5.231701026354304,4.072494225349263,2.499153990234548,1.6183560875571243,1.7556134515539272,2.0512677890444575,1.5665424738735636,1.3270386018549776,1.4505726662414684,1.207723015923164,1.2868819398039315,1.1324110611281188,0.12870406976122506,0.07206968628947945,0.11365350808144416,1376.7394392052993,1315.7343305520271,1209.1467254408062,143.55528854430574,27.529840053516086,1.0,0.0,3,0.22640918564233328,0.07983433304128178,0.3909694779848469,0.9440160420412621,0.25946441529719705,0.05843454968396065,2.0,-13.597165557016396,1.7650185579337976,-3.8539634145914015,1.3888005613089192,8.004234777268195,1.0734102969659107,3
c586,-6.221392557765396,15.943230807905044,-2.3753831170586337,-2.0292635008890167,-4.533348066990088,-1.8925134934035162,1.2024360624135935,-0.48847691471876364,-0.07825982908269019,-0.8975418801707886,-0.7518136395275598,-2.4523344772641873,-0.4061370267301912,9.983052222004215,4.225000426098416,4.597444483447755,2.6940630085750006,2.7437211660405434,2.4006414749777036,2.0822583904166168,1.975757831848007,1.8820666062681373,1.672635290078884,1.4820834517282866,1.4133401423441274,1.2829440842980804,0.17034472700943393,0.13264803636132963,0.08095383343828716,1037.892994111438,1146.8812846507221,759.9968513853904,220.3258549699995,44.01862014032107,1.0,0.0,1,0.21494044705716447,0.12837218171746423,0.5474845286870317,0.8300940894277413,0.3162420711876515,0.04471822895855688,3.0,12.162172761491318,1.9945505996349908,-3.510338960669719,4.639165859746469,-4.637602948104341,7.342678256377709,1
c587,-20.223788315828816,11.52117808787715,1.3621019873313727,2.863884634788343,-0.7796577256895653,-1.1676582955960988,-0.0828314992145882,1.0535430063418039,0.513775962758836,0.5347732499121548,0.3106647448682491,-0.19012490928064438,-0.088631010322366,9.520074029488095,4.536082122672944,4.6145540305955315,2.609834725350016,3.207813128690983,2.2173021583231467,1.782431214175947,1.6055879207295247,1.5501139585912143,1.2145069603830196,1.4375170396534287,1.2962081532688512,1.0464487260808872,0.033670749626413136,0.025787686224148267,0.07364314389168766,1352.0957565490178,1633.1682519424392,727.1725440806046,228.57912895314388,68.05814363534004,0.7819548872180451,0.005,1,0.19039621419075203,0.1303700684528071,0.5636496783785174,1.0772981443413379,0.28120903043358414,0.07146804437331825,3.0,-5.77622961293368,4.577282974026663,-10.261873593039072,2.9683551077519925,-0.6637600735310489,3.9950823567968663,1
c588,-36.505266946583774,12.783441638537859,2.9599717531385763,-0.3707032490709843,-2.089685667667399,-1.784240444521433,-1.7927074620207517,-0.34933725165144314,-0.7773067932077465,-0.1778991519669358,-1.2358009073460465,-1.137281924020658,-0.28691671262204854,11.586591027342111,6.374973373363915,4.9885251891077615,3.3602196736469008,3.5890528250225286,3.1825185262213607,2.207525981782235,1.9027344474261398,1.497315646906464,1.2442537436005814,1.4026228913213517,1.592468593892199,1.1039479489436772,0.01862518409448528,0.015645721916584688,0.09469458438287154,1281.9694552389346,1433.1584429682634,917.0340050377833,194.41643234002896,28.03014338528334,0.8721804511278195,0.325,1,0.20678122845098357,0.11568299974331946,0.4255877510010385,1.0353505761259854,0.28749963875566414,0.08909179094138452,3.0,-4.039063565703778,3.433121359522817,3.0669608321952944,1.930880567233166,5.021117520790202,2.9959207577364255,1
c589,-25.77356333019925,8.37228919674808,6.5662924031814365,-0.9244184740705972,-2.3987284954220494,-1.1116180379032705,-2.9272567354931076,-0.7014469032965992,-1.8599752809145604,-1.0347678934721292,-2.110213477667083,-0.9934110922770505,-2.337674822337519,11.41993083007444,9.339458607087723,4.428398079381484,3.721726980961535,3.203523031926617,2.346390814130255,2.6998274487340783,2.084986503676186,1.636334805557546,1.3320829224314057,1.6712566415388188,1.202239416060685,1.5264877260112515,0.02932297665680306,0.017934091506787722,0.16072201668765743,1840.1604674220648,1682.1160286035692,1625.236146095718,121.53757065416566,40.77208824419388,0.9699248120300752,0.13,1,0.2233106815571586,0.10743353885713493,0.45622028323802005,0.7983093646662855,0.28787039853849977,0.051733337205241675,1.0,-19.083359747688153,2.6724220814553736,4.430724119676333,2.6572683221290467,4.033650393956146,1.7174138785428947,1
c590,-28.021410701349115,5.41266019851236,-5.564773900939738,1.1243352454675708,-5.731296595638351,-4.047143041354588,-2.051236913962705,-3.2106301480627124,-0.7405525180885427,-1.834260667339929,-1.349286662442914,-2.1163099389296574,-1.2558421127896515,8.669239402342024,5.05429904099754,5.067924224946828,2.635572967149475,2.9979472153322924,2.4764463976009163,1.546165574917663,2.170406512599622,1.7335271033753794,1.6322765905583019,1.476464281176606,1.6265068981074564,1.0719113958013793,0.016150346557996527,0.013307206691540526,0.1624881926952141,1910.866595882449,1570.780346124379,1888.5390428211588,203.3187175565988,34.47558819586762,0.8721804511278195,0.295,1,0.32246811980140255,0.10096757669988703,0.46579320688084896,1.0266827405425236,0.2828141594319387,0.06664561114871935,3.0,16.192500580133213,2.216175118196805,-4.657579647333584,3.7047871774530035,13.367061834711103,2.242372418028177,1
c591,-27.18387484437409,9.694550104751647,1.1368239888167213,1.841417802253014,0.3536908004103991,-1.7517413415091507,-1.1612832431832079,0.14906695433774397,-0.4288335702063651,-0.47972237432812426,-0.6099870942879713,0.4275842310371725,-2.00227806771615,7.672906586738911,7.756599696982761,3.3855003097839442,2.889164678556233,2.1152885267752883,2.3125906040491895,2.017084976509994,1.8778090476825386,1.9130578957732276,1.5213328106946928,1.2611666527929088,1.3256220577136688,1.3095442102772654,0.0130604231665558,0.007027706142345741,0.13598899296809405,1660.4291768628316,1593.8363616421848,1546.7569269521412,84.51808529254532,29.939960945208796,0.8421052631578947,0.17833333333333334,3,0.21102206847595986,0.08454747597903782,0.34719893826780385,0.8877464564647702,0.22622631935259038,0.08512956057467096,2.6666666666666665,5.3432991108890695,5.957801921646443,7.0411884561837,2.2623282569260397,3.3686574130775155,3.0917812365704336,3
c592,-25.192066313807253,6.139119569028177,-3.7719079507577784,1.6755010677857818,-3.6119738796715484,-3.1401357486343953,-2.6429416699890775,-1.3545820903859405,-1.9288837971581336,-1.193938334313815,-1.8454491242321915,-0.5500425876703998,-1.0061229930978959,10.14217856897845,7.113006079278841,5.440929133118401,3.536040084904561,3.112168568823304,2.8116348508898374,2.0407504182090257,1.55692966624689,1.7316476121464173,1.5188971394842599,1.9418808742028895,1.2941323971896632,1.0692874455876542,0.01926821360102295,0.015041046840639552,0.19811181517632243,2103.7649846551294,1592.1872399397569,2328.5579345088163,208.43672715407524,45.343424019925116,0.8947368421052632,0.21,1,0.24352361951669477,0.07880606425256789,0.4158471315070401,0.7212911204649142,0.33522393119846833,0.08034955617230168,2.0,-17.005546402177796,1.7985829093031553,2.4124840635483586,2.2641774484681685,-7.565104848185435,1.6356735446353763,1
c593,-21.702709089306087,13.288327833588212,0.08428283947438975,-1.9444077318494157,-1.301764025827877,-1.9371027309933906,-1.8011344805845968,1.1689833228864122,-1.4004029230693198,-0.9233779763576279,-0.3516499220924486,-1.679864368720405,-0.28223673022075807,12.234697390696294,8.589871062420187,5.678208998682246,3.6132430478898767,3.1672358819483835,2.9924633471097555,2.267030043710619,1.8334068798896626,1.7454339425827057,1.6064379822886625,1.5863876728773294,1.7815395302823285,1.1046326907394044,0.04748302865112291,0.037751057390679806,0.13611362562972293,1523.9330734709467,1319.1722675586554,1461.272040302267,197.65106072942683,38.159377757692916,0.9624060150375939,0.165,1,0.20512328600453664,0.048979482563635296,0.21276150755326256,0.3208523087184105,0.1779003754820246,0.037360002981662345,1.0,-7.532822676407818,2.224655625505807,-0.04631370440210336,1.071031048260571,1.6559692552053136,0.6480884118656106,1
c594,-15.002569559813427,8.15428586081637,0.33215374022526717,1.2208003015882554,-3.9296439226115316,0.3916649551753976,0.4961501884204334,-0.9345991997626496,-0.2745526527803984,-0.7223128639260374,-2.6939196774220093,-1.0645641416154232,-1.2548105523346351,10.063250521078553,5.5910644264107265,2.9570823307935066,2.658044377740099,2.8377384665319636,2.1507116140664166,1.7596616900608995,1.310293010141123,1.5812185508848609,1.4709782722982006,1.3767539898595045,1.2077550075905485,1.4223712986100068,0.04099406940228211,0.03477271664399962,0.14617935295969772,1729.5052906914327,1633.2276768648064,1485.4376574307305,122.69369299469057,54.38607372378983,0.7894736842105263,0.12,1,0.20874479107928504,0.13426694970926234,0.5088894501688778,1.2311542673495621,0.308078731990774,0.14470936393310438,3.0,12.130599989762807,20.509899082245962,5.839181220901617,2.6590960959606664,2.752270668253327,6.1086299186390125,1
c595,-1.1487251870817694,15.117272699829883,1.0743153765689344,0.36694232299154916,-1.0357095391111992,-1.2028805450817628,-1.0581917089038897,0.2890653214936219,-1.092687000638629,-1.0028729887940133,-1.189494387908308,-1.6685985529914484,-1.5836301035886147,9.136285082797189,7.157713975213223,5.112658944210256,2.797798521082471,2.095060762211805,2.6026564401007146,2.239217943213628,1.5131237308056034,1.398483058341577,1.2259162567091662,1.3875333346511205,1.5407735410041186,1.291524639827019,0.18021839472884205,0.10855691915588508,0.10784988979848867,1258.7554509128063,1257.3850304435273,1141.1366498740554,99.91537521230309,24.866071533234575,1.0,0.0,2,0.1585490713103218,0.09762067071768726,0.32771905654631633,1.1706998100474215,0.1998197941807406,0.05886205810844941,2.5,-11.2718383773286,3.7239359522291515,1.8733309763157138,3.466586006477039,6.342926989400716,1.7151099490654682,2
c596,-24.790602723900445,7.1270250748917485,2.4121562183588527,-0.16252847816511143,-1.1455266229765053,0.6614317607447179,-2.2049402527472837,-1.1391341662336794,-0.9880388474596641,-1.0148586776839443,-0.7154178589797948,-0.39982568750593084,-2.3132455782086314,10.1722110164414,4.981236463937944,3.0608025505126464,3.2887568845075066,2.639798956467385,2.090793644998707,2.5216959445275977,1.729812186996365,1.7818734063637327,2.153252376908772,1.5379827216036592,1.262833794534466,1.4762053812285587,0.01547953669397068,0.006745101549319021,0.12072969143576827,1803.0485955304707,1876.692740408882,1221.977329974811,129.16468382500597,26.31080000592336,0.8646616541353384,0.125,1,0.19160473839409042,0.07640070567067973,0.29710702118738963,0.8621779213759839,0.20630124004939582,0.05390797500010217,6.0,-9.269189947841909,8.002999283402916,0.9544425148270732,5.501315874117249,3.7515031943898363,3.6300906433551687,1
c597,-37.86739801132473,10.323158665722294,-0.9419100863921991,0.9320123276238491,-4.5943350587575,-1.6904524635639504,-2.237185111413341,-2.1456801222975446,-1.3899483155397299,-2.3324522980554994,-1.455355843399459,-1.4292073551479068,-1.3581481370787223,12.741533817718206,6.748565006801385,5.125602651395465,3.2215006913036834,3.2804817888361875,2.7227672415855046,1.7360618562912462,2.032815171073214,1.602643779501461,1.548875187089157,1.4565266012973506,1.4519689614457885,1.2643626086089153,0.012078101080196283,0.009959409217919614,0.116572536209068,1478.2693335750566,1401.953291118074,1249.002938706969,226.52314008225983,43.00075424321486,0.8721804511278196,0.38833333333333336,3,0.2744566104119625,0.11623980721856442,0.4879553265835308,1.0449321817212402,0.23441684052365427,0.11616513514997763,4.333333333333333,1.3959315687128562,2.8810348616234887,-0.020529026794005468,3.895155595234719,11.345195081400965,6.614009927847818,3
c598,-22.51825280806794,13.95045306478856,2.829722950472094,4.447812165377001,0.6723753153877521,0.1993756069827879,-0.87670950768434,-0.07142292034784546,-1.8621019007358228,-0.5863956295411342,-1.9502830146674404,-0.4950269211548474,0.14430187785263493,12.421815389096924,6.706591489222589,5.0659565422520245,2.892115887984257,3.1754691691926706,2.0593759763373316,1.9628200109123997,1.6557911883575251,2.05016926567105,1.6358698806814167,1.7875378622468292,1.1970608983514084,1.100760383661745,0.04060338189261512,0.025822040184691957,0.07662448835012595,1163.0006012473846,1347.2162506772631,885.154282115869,185.97450740345596,74.46577697356075,0.8796992481203008,0.0,1,0.1496522399726936,0.09503548503049317,0.3546539799076904,0.5996777503733979,0.29687232923088,0.030401411504772255,1.0,8.514841083798535,1.8758287291018607,-1.1073156724251632,1.6983187085428109,-1.8330697523956607,4.130769694644793,1
c599,-29.89641273175289,3.5513356160667646,-0.8875626655097556,0.6083525360391038,-2.1272570535059345,-1.0666283961336398,-2.900238507038138,-1.398701459101808,-0.8922167764466756,-2.0503425900984493,-1.1522078303965426,-0.9891990696092365,-2.1028995869593254,10.085408551151225,8.22999761490878,4.651737146726814,2.734222156167867,2.1417032251681727,2.3942513504770755,2.48265199459406,1.5999681296587962,1.77647804281034,1.5893789577200985,1.1925543070906415,1.0709145626739844,1.3002507097028562,0.011853643245572365,0.010953734420244677,0.22677896725440805,2324.5007206354007,1736.6721302470921,2536.6813602015113,118.78763835378629,27.2709443271803,0.8045112781954887,0.375,1,0.12178602899936279,0.0820449273190589,0.28784625279482545,0.9584569899002066,0.23357408593557497,0.10080406359799482,4.0,-18.427631703474237,8.324201615675697,16.5260312783309,2.387403134115546,-2.257724895190921,2.1290765340921296,1
c600,-31.995374498641045,14.615612447221123,2.662638592418241,-1.3215174659186684,0.1636943158443997,-0.2345714494413954,-1.6150201988255837,1.1637485784202086,-0.9458678932972004,-0.4851036309430396,-0.4160338198555364,-0.6025351421790711,-1.2246190037399636,9.865828056695678,7.846026870644484,3.508805866401778,2.84328270694529,2.221402616001033,2.222074705107272,1.8524051413037956,1.706566678249838,1.6756969775612116,1.6510465085462351,1.1421447576322115,1.3827337131602715,1.3506614602348255,0.018793232156288957,0.015095094475158779,0.09638696473551638,1256.4193097115667,1393.8236788546617,1056.8324937027708,95.28566022414748,5.533617412293993,0.8120300751879699,0.335,1,0.21325023780367336,0.07213329678723719,0.27916070648526486,0.5424208669203773,0.22437648900072424,0.10004314788091345,3.0,14.489117401930521,7.969305457840729,6.949338630516206,2.307357127294172,-0.5810276612576498,1.2432149824823557,1
c601,-24.61707800108177,14.202851875087285,1.7156992695671485,3.2931236798906465,0.5390564095430829,1.773014230821462,1.0828412737566249,2.28598997037604,1.5429402028819397,1.6038016713576364,1.4323987179483366,1.571182655225932,1.25332917949819,5.351385170544114,4.194980413725512,3.760125419330437,2.6155582894324043,2.473992477494642,2.4249393479254353,1.6284301885258894,1.7962852960313294,1.5987014781775262,1.2803396528475024,1.2526983475430764,0.9967635740185028,0.9822133121371843,0.08874243501293584,0.06967707373839689,0.02325547071788413,654.1247530359806,1175.0891254722735,180.41561712846348,373.0819793840344,64.63871557223833,0.5112781954887218,0.0,1,0.16264810010655406,0.05321692140432483,0.27779656461894986,0.46882717477405794,0.1884190854575737,0.05195898694628464,5.0,18.231656443073597,2.9531157126481196,10.997687028049201,3.5172949728553635,4.430979929064126,3.2197609860280076,1
c602,-17.516212720809857,6.193269813969371,0.4159220920507365,0.10878698058201218,-2.273330554514344,-2.7224852962511727,-3.672706004869131,-2.068245140160113,-0.6839928070254897,-0.3204703412489611,-1.3625778958683166,-0.7303715767941011,-1.6587466803721849,9.25253952633261,10.401360399989589,4.228470524010775,3.077491740188598,2.3353612420248577,2.2115520248440346,2.3887968367363124,2.5655094176436446,1.769143979070367,1.3832084314644133,1.5282923476727859,1.3185908373527757,1.5545333123421465,0.040659584790456,0.03183557456257607,0.2057127676322418,2179.0327090073433,1598.1730274063445,2300.6926952141057,140.14519272714173,50.30578737900539,0.8270676691729323,0.12,1,0.18872641178472868,0.10176132133300399,0.30363379701692533,0.47858685520842664,0.2377620470580592,0.04905067901720601,3.0,-22.20311132197841,2.2503376940906628,9.055323815815878,2.6319048635854294,-6.756470473625414,2.898295793695689,1
c603,-5.9549157610708985,1.3506484055049834,-9.598722430007179,-3.6170298199482662,-5.0684180250106765,-4.135807042612122,0.30321568705159924,-3.4572498934188918,-1.2522834884783105,-1.9357651110154732,-1.4392603073777444,-1.401561347595536,-1.9629134283353542,8.588261235814375,5.449166474743904,4.553298947375504,3.1293016898885506,2.8901892794970907,2.676743273933575,2.5400243832658473,1.8487992811448848,1.922200742448067,1.6041591672949758,1.406169925644189,1.3094470783632293,1.387644437098765,0.08789210327901056,0.07160483989069967,0.2283827928211587,2201.9227332734145,1558.8781499984752,2573.205289672544,211.24254549855425,63.727887030694035,0.9060150375939849,0.005,2,0.25307237966356666,0.0970545380328503,0.43732134126956973,1.1219999201770425,0.33544634958027836,0.04881793615773738,1.5,-18.574331630181252,6.408873821086559,-19.745183645890357,6.334361889361696,10.236982424201386,3.4554860610999887,2
c604,-22.95113623306793,6.863116269424671,-0.012285192052759238,2.310149028850638,-3.5400433209107125,-0.8251270594180866,-2.0361665130332964,0.9947556033744911,-2.6689142481079093,1.0165375095021612,-1.9082371510830316,-1.4316325561600551,-0.0825160570619884,8.311693997800027,4.638924977737176,4.745682981784063,3.498879333988345,3.201689423716644,2.5130487656237164,1.8220137919422903,1.8652094781523927,2.1678170182229177,1.5919166118596673,1.5418188903473937,1.453211844204757,1.48599368472498,0.019508479123635743,0.009996624051384339,0.12825684823677583,1881.2112319902212,1751.047468490104,1696.1586901763224,249.83699205046543,28.24848552868785,0.9097744360902256,0.085,1,0.28254281130622716,0.07626553470832005,0.3721899850945042,0.8200539571995192,0.2751022201503775,0.1164746660214416,3.0,-12.539292210980559,4.0379725687322665,-4.34684376025572,3.1666766306441,4.986435240417459,10.966004576785913,1
c605,-14.3325359671986,16.99549200019474,-2.64727920539978,3.384330677670033,-3.9465416081218314,-0.9079591830184492,-1.224073021147677,0.16273676650217658,-0.6313467321219142,-0.08340922277405048,-0.45760141986995717,-0.4685698148887192,-0.4428856351248053,6.109384418700343,5.942324519552647,5.041072023063577,3.5220079688916437,2.5070331543019795,2.2917468991189294,1.80468336483276,2.0568290765710797,1.3800063743713,1.54814178986814,1.4678649892605453,1.441322014743576,1.2056970843731019,0.058370984918920135,0.03577723450862849,0.08226247638539043,1075.2978877673513,1158.0193601958506,833.1234256926953,191.14163672028525,41.89704775318823,0.9624060150375939,0.0,1,0.27696344300000186,0.11759793241768567,0.5907921151400966,0.9136990652172411,0.3376895256990355,0.03197379955564261,1.0,-2.5854850474292466,2.548254816655358,2.135003248344838,3.013219973295915,3.063164977406142,1.378369264997824,1
c606,-26.48305691553983,15.814290430518815,0.08165675658039667,-1.456095677758716,-1.4835313819020652,-2.208851937280692,-0.8798342218812651,-1.425030475688628,-1.3966154725220523,-1.2270401428377464,-1.4255185639331187,-0.8519241631397513,-2.3629719563966436,4.758784146916957,4.628435947941092,3.003224596171144,3.4395536502036785,2.1655144968162308,1.7316084715587183,2.2893708349129414,1.4131719500955982,1.2793179563622006,1.364591913552312,1.1349386703348598,1.2819821273121494,1.4000355302342133,0.02062002546938463,0.007292921459257692,0.0787596426322418,1027.8643471322025,1246.4922565375473,806.478274559194,128.6711723145068,23.17858227213845,0.9586466165413534,0.025,2,0.10307731942574144,0.09040073175575275,0.31003544629001356,0.7466897254887004,0.2760733417648936,0.054582189075629305,1.5,-18.402186100888635,6.0782855138621095,5.236886563026292,4.589684551731575,-12.690799355596923,9.90164795090679,2
c607,-18.14953223670971,15.492463303551661,2.5669854803797123,0.863898747924506,-1.16139535456004,1.0784034620417167,0.04697963465892686,1.3967909400230627,0.020870310707668163,0.34059053184471155,-0.3906347885429571,-1.1344100508483326,-0.4574734219970639,10.322331969862157,6.501066437479633,4.874275531943849,3.6436434255539716,3.6350580343782384,2.846266497335813,2.156099565554627,1.6808888796787516,1.5561320730549237,1.5734665814493989,1.4977989391139481,1.5109735648010112,1.2117334467009362,0.060302225845518614,0.03159280669280579,0.05880037783375315,1018.6581081060702,1315.2178012263287,556.4389168765744,168.2256787531248,96.2138514245859,0.9849624060150376,0.025,1,0.2156253119117834,0.1257069626744287,0.5606381954767062,1.5269848222794027,0.2782238718497142,0.10315898629072762,2.0,-0.586968402611706,5.413144575044838,3.6507036077475292,4.121092364391829,2.1549256574544615,3.7224462446616426,1
c608,-26.252013498947232,11.942794131873484,0.33493778134442675,1.9532595671790576,-2.490538723274651,-2.6896168241202485,-3.522698287127588,-1.201111152458399,-2.201415398397654,0.24830304694580718,-1.7703418093046495,-0.6372196593900422,-0.9836038205895224,10.8111860432702,7.23788961179796,4.172102237213028,2.9372926528611885,2.7124847546125284,2.982477076199445,2.0946917108220755,1.8647463573390537,1.7194460987772782,1.539097966399625,1.5480050260270912,1.4168355793034186,1.4597856218583474,0.027051733924950427,0.018966796020960196,0.116406905961377,1387.769106747652,1349.4486694785676,1134.944374475231,172.44499740362156,108.96629331899241,0.8771929824561404,0.19499999999999998,3,0.2316353828324665,0.09964276456171932,0.4514784723397421,0.9623544343691027,0.24673470716705834,0.0673535734212427,2.0,7.710462249906944,12.790792488498736,-6.623173102354052,4.907262981690332,-7.382706133235195,4.847340383148446,3
c609,-9.21029677485659,8.077011530353385,1.7793851404346848,1.9317359583033473,0.06505496875745825,-1.5004300725854904,-0.5037990646370565,0.3341948241852833,0.6845275835037168,-0.028718294813890807,-0.5076120858432379,0.015226907636085826,-0.2855314304186995,8.063247222411789,6.428377745603703,4.403770759042335,2.4697210263750216,2.5058531026013813,2.65675090251069,1.729384776308303,1.7552136335255124,1.3136170881051348,1.3677979115958183,1.0898792515854867,1.1243058756001507,0.9267037130506659,0.05350328527187531,0.03672383994165978,0.13931635705289672,1863.7850251044472,1828.1001458593526,1372.7959697732997,235.00285958321805,101.96506205202489,0.8571428571428571,0.0,1,0.2071318133193745,0.14862593004428962,0.6148246417159468,0.8845374953061128,0.30197417099983753,0.1463025501951269,2.0,31.49448245013454,11.349928465562103,10.882815063331117,4.841765658372117,-2.6718009288457507,3.197968132944533,1
c610,1.4030499852763507,13.380237384286794,0.24445517159195787,0.7519899961619545,-3.0653140285089107,-3.9516230942883075,-2.563413108493579,-2.048256251938958,-2.588240563275421,-0.41079343540553825,-2.4801277171994855,-1.6307032043419958,-1.9279137100084682,6.648844560874198,4.0360350796275695,2.816582771600095,2.0134338068809856,2.1036163290367504,2.8740773107001507,1.499739175649885,1.5179192385632663,1.5003117392814953,1.8437962631028157,1.1632472096027624,1.2537722959412512,0.8988224878035976,0.19085473717557597,0.10025623228898978,0.06341998583123426,1114.7605126177905,1409.0081732744152,599.9685138539044,146.93679505150232,15.177848366055596,1.0,0.0,2,0.3065307395787266,0.06958964752867763,0.3240392787502434,0.6516547581511463,0.42819835376587023,0.03526778624783161,1.0,-28.62197602105995,3.717224929555128,-0.6151126754056251,2.6669069589523042,5.6877374667971505,2.6613973014879875,2
c611,-8.703276954675188,8.3942094787294,-2.8416034921099707,2.4928084913548902,-1.3604302238283383,-0.8052966189544178,-1.3354936421612258,-0.8586738744319765,-0.41186797050594376,-0.6842480829935094,-1.1032964600551198,-1.0784129833435476,-1.4674510075953529,6.745479117617024,5.877489478368142,4.143204197309993,3.0846668732227114,2.349014706372863,2.4841090532252434,1.568843395641463,2.4099298294884823,1.7640299282253522,1.3637672436738772,1.278117211037192,1.5268006771540574,1.3907751984462111,0.04765849074505219,0.02588041679394112,0.16484965365239296,1871.9534480765624,1559.1575183079945,1880.116498740554,138.9825829723286,48.25237597277555,0.9473684210526315,0.0,1,0.20873954666290426,0.10529104636294617,0.5020465472012823,1.0232274503879775,0.2646628110225505,0.11781965242870633,4.0,-5.504440447222945,2.756350780734115,6.3335775644563315,4.734425365207774,2.6563279917039946,3.724446020514009,1
c612,-24.05950885464404,15.571018668674501,-2.866869207241224,0.4990136524459591,-1.484246654164913,-2.3330470459330988,-0.6220925508548689,-2.5840066943093145,0.09112254213066097,0.07588074640324916,-1.024078427988923,-0.47005602986636896,-2.5337784339313996,17.021926437796143,6.271966768588056,4.7036288216975075,2.902317761642203,3.177348688490749,2.692826097498603,2.568450618164304,1.9930403774959269,1.8434708636044397,1.8097122548084943,1.4102117593404622,1.4952408148053506,1.8454033387006248,0.036960154943487,0.029671663750372154,0.09689861460957179,1192.706125916743,1218.179426798625,1055.6517632241814,94.04619458188908,41.7602539659312,0.8421052631578947,0.21,1,0.2352495333671969,0.08833044621515564,0.401980197591629,0.996774899034088,0.2136422386021572,0.12559806935177006,7.0,-6.105257582420686,0.4190221764818723,5.182392354381806,1.995575540551863,5.341428073054472,0.6811490761531214,1
c613,-18.08700305418201,5.273591471568527,-9.823229342562728,-0.5958033240142531,-6.872887026974778,-3.395715095428315,-2.7261557157971947,-1.769948825721879,-0.8069875735271431,-3.144755473412286,-0.6191296259759048,-3.5333115428327364,-1.2580879691269296,11.573475060545055,4.107552396976454,5.731282307527748,3.9960298288141542,4.001138502259459,2.8235408596616365,2.4012039533493845,1.9803282061204643,2.0520108036704134,2.23880790633358,1.9338719791091739,1.9827792221857774,1.4130523711108014,0.04295604191514314,0.03519959203440941,0.18950232210327456,2003.2926405259204,1480.0518264072186,2321.001259445844,202.42508788851998,49.47715586690794,0.8872180451127819,0.215,1,0.3252312129905128,0.14515114284274505,0.69514740551715,1.628093484524295,0.2520024021296443,0.029265564988144876,0.0,5.375049052318968,5.872795470166347,-9.936647040358174,1.9920368725987678,-0.4873555523911602,1.7237971943718808,1
c614,-4.514662424643729,10.070336526829331,2.582002466074502,0.8780435340267713,-1.7944645604146525,-2.2194384243299967,-0.3094557992527226,-1.3627560641563683,-1.2842588262130328,-0.195819643800912,-1.0175263828043986,-1.2493392401143066,-0.9330442491378542,7.224986420848294,5.772854938724107,4.541962387500034,3.2200476358945584,3.13512454147394,2.3042450677807866,2.2027122628177014,1.8288232535920366,1.2779679005361892,1.4962735930705189,1.4010472554460893,1.393669116676724,0.945129678710123,0.0766167295291454,0.033161466172280434,0.13950822575566751,1799.338842427856,1806.891226706032,1646.5680100755667,164.14167298171557,29.047499514425795,1.0,0.0,1,0.28028985936019774,0.1234403512478365,0.6659366312993051,0.8584329426576984,0.29006786669802564,0.10080612693140212,2.0,-3.5482934774919443,7.148429107736181,1.9698264930366085,6.4367230187844315,-5.823918669642586,4.28111697734866,1
c615,-32.594914622367945,15.020688888943939,-3.6937413609860252,-0.19829307398811732,-1.70858212707946,-4.908982953827285,-0.1712772304159104,-0.15080278102773756,-0.5292219090219774,-1.3465672430166435,-0.5494993403428647,-1.220016413657774,-1.0015284750973943,10.39301224295165,7.701748167384699,6.4589696841279585,3.1342941015798296,4.014554568300805,2.3671957533740744,2.3275627569825854,1.9319131299396515,1.5263887445332052,1.9975187592393067,1.3472261333956765,1.7144366345848752,1.291294166874079,0.02535269658190844,0.023229782759897184,0.14435906013853905,1531.5056821688079,1355.5140125989885,1762.1221662468513,235.62708246462373,35.566629582408616,0.8947368421052632,0.365,1,0.19643305640241585,0.08476932656085151,0.415323375867669,0.49564547448852725,0.22676561585558946,0.07674061722345174,4.0,-19.61453097812747,8.988360739899422,5.406452647114313,2.634039695669901,-0.10358316765872652,2.722483155285273,1
c616,-31.69167261411595,11.968615552151151,-3.7906839816905427,0.29630649688313493,-4.835042781951586,-1.6713854605466616,-2.7391543987461056,-0.0033263938390129147,-0.30731200984288093,-1.0080919723071193,-0.5064141410475622,-1.5533967052467,-1.0352938145903945,7.733842014866148,6.526627590229674,4.49072598955485,3.8439317940795483,3.561495586985103,2.6372069435703085,2.371678558090505,1.791573350311969,1.6703449894595515,1.6703779902022282,1.4744518395924917,1.7412519728038236,1.3939049970423842,0.017976501036937792,0.012370459019552452,0.12631356265743074,1453.194129699922,1343.5924207304677,1410.3431989924434,220.61567211610378,41.900716404021274,0.8270676691729323,0.325,1,0.19718994826237007,0.07741115418213405,0.34334628386313437,0.7422026652085225,0.26231784609880066,0.09653188061225716,4.0,-20.975025159090166,9.763156832291694,4.565599510596766,2.9426038443344993,-0.19026299815631526,2.7080640182905253,1
c617,-25.46928554335382,7.690950386507096,-3.2903660552931533,-0.7022493341747192,-2.7430992843914375,-1.4553884559097803,-1.4192821731307612,-1.5188544708745708,-1.2165086011408415,-1.6101018996208163,-1.7522984086726061,-1.7061183007107756,-1.3152252611219126,9.993442487361147,7.573583172629837,5.5998865409431104,2.819487104322026,3.4997040120497047,2.791956935881915,2.3896988470582414,1.9646485313201851,1.7033795117049357,1.7137799435246288,1.574099591786878,1.5309914192878806,1.163311950890714,0.02195302601613764,0.019706550313606217,0.18641274401763225,1972.1575804698493,1577.894840102611,2180.6124055415617,198.7356041864792,25.508113421415032,0.9323308270676691,0.255,2,0.10880468056890341,0.08669336533562559,0.3349420606036475,0.794553528057795,0.2742559907834127,0.10737890305387196,2.0,14.18223378148236,6.424992963009666,0.9349535728322738,3.980787983514758,-3.4913404697730046,1.787464636381289,2
c618,-12.133957499173336,9.843584712283192,-3.2174925433370625,-0.5742647244654353,-3.534287685929511,-2.0723074666409147,-0.47584264627028505,-0.9867994677581774,-0.38827092306026917,-0.497289289704917,-0.7216929146628752,-0.5651382311719565,-0.44051168061649637,5.204533259221907,4.0649669182725585,3.3439974173797657,2.479450339145448,1.9366878592864887,2.059370847738891,1.9276490596632425,1.645658369504711,1.1936468754281528,1.3547308717172362,1.5472141693107269,1.129674015841163,1.1782369248101419,0.03542137865329023,0.019944301990499385,0.13001810453400503,1620.4002710646005,1531.250718144785,1419.2380352644836,202.92577629758392,56.46282679017361,0.8270676691729323,0.0,1,0.2957032584143158,0.10975559215845034,0.477153101079959,1.1456889703385302,0.32489188342555153,0.06386399256074876,6.0,-25.288252831420436,4.168041569732376,5.370190461051602,2.8505211010230953,7.747559228070951,3.7995916158225227,1
c619,-10.463947001474077,9.376032054957383,-0.3057685437610062,-0.3425570088447008,-2.5680747131361965,-2.927921081019082,-3.0046375422185236,-1.99006838961827,-0.8965998025448649,-0.8419922217629404,-2.2559640727487866,-1.083912361823429,-2.4972247376852788,12.988129093726025,9.24621702833857,4.263813452194277,3.4224879374610118,2.3716349265815064,2.4503114043251153,1.9498416753111727,2.003143398677958,1.7118317973462718,1.4841005015175386,1.2861482976085672,1.2646803151089758,1.361928247048505,0.09559055700621626,0.08696956561987822,0.16267350178421494,1814.904869834927,1542.7623638023408,1865.1081024349287,131.8053907626743,24.921635714668653,0.8596491228070174,0.165,3,0.09441022395330483,0.08995742652760663,0.28530426036569395,0.5043075594383936,0.3369023352899066,0.03112297747530098,1.6666666666666667,14.399423166527692,2.847379708073865,-3.2731936939294344,1.6131480421980324,-14.554253977931646,1.3512915720739038,3
c620,-4.514662424643729,10.070336526829331,2.582002466074502,0.8780435340267713,-1.7944645604146525,-2.2194384243299967,-0.3094557992527226,-1.3627560641563683,-1.2842588262130328,-0.195819643800912,-1.0175263828043986,-1.2493392401143066,-0.9330442491378542,7.224986420848294,5.772854938724107,4.541962387500034,3.2200476358945584,3.13512454147394,2.3042450677807866,2.2027122628177014,1.8288232535920366,1.2779679005361892,1.4962735930705189,1.4010472554460893,1.393669116676724,0.945129678710123,0.0766167295291454,0.033161466172280434,0.13950822575566751,1799.338842427856,1806.891226706032,1646.5680100755667,164.14167298171557,29.047499514425795,1.0,0.0,1,0.28195296473904863,0.11838062178716649,0.6485788270303349,0.8523362342256111,0.24916844981756564,0.14041488389534673,2.0,-3.600209794411595,6.448979319579072,2.86382682909238,6.271937315110369,-5.663643697518965,4.377141494319249,1
c621,-26.99819681745593,13.656933306900443,-4.853105888806879,-2.5855500657575057,-5.430677657114145,-3.571411549854824,-2.9883043883589644,-1.2877470254691818,-1.1702709785777645,-1.9031585052254476,-2.1101021251197594,-2.0243784884535354,-1.0460970720652214,13.455226162657016,7.554484375730096,5.024021904286119,3.0128824971331922,3.410633664999543,2.5681237776959134,2.316929215270375,1.8233417173725712,1.6779532011434326,1.570294556849119,1.5266373775803228,1.7353678361075073,1.4656316121514192,0.06688457155768629,0.08267346306073524,0.11245965837531487,1255.8370478873296,1171.6636859485832,1208.910579345088,219.00655972468044,70.47460198535825,0.9172932330827067,0.265,1,0.2669600969897659,0.10313916488574831,0.40276990907115967,0.935202371123142,0.24472042009443298,0.06807855447606369,5.0,7.068864832100272,6.504800483105163,2.1153086559190997,8.928486028252335,1.1976198011584807,1.9150624459782235,1
c622,-7.710962710161514,9.689780354658525,-3.0626991887092054,-0.7298369497220946,-3.3976734819217835,-2.231189592339773,-0.3265634982674759,-1.1219685689407517,-0.24355822306687624,-0.6286816159508833,-0.5775199713702444,-0.7002887953288137,-0.3155188251452569,5.187994890653703,4.044134455320678,3.3414861971173186,2.471676072522561,1.951477052588533,2.0541563811347707,1.9144301808947495,1.6366938499551003,1.1688987021760273,1.3465968996281517,1.567456875161089,1.1391311528061243,1.1803263681638627,0.0499155626449556,0.028058977710623774,0.1299885862720403,1660.4044070267119,1588.0038765280865,1446.2374055415617,202.97241410448785,56.474433272165,0.9172932330827067,0.0,1,0.22618429599085546,0.12880024048527983,0.6372430074359786,1.0170991867693375,0.14902179371321939,0.08837712097148494,6.0,-15.575261630016593,11.734520771678792,2.3076549030774602,4.257036435700537,0.09677884059069572,3.147675880187902,1
c623,-14.117289900459161,12.562506244704815,-2.4034532209483706,0.14065305267353095,-2.852565221869931,-2.666022076525819,-0.21986151500382187,0.0706966999948999,-0.013400524743190574,-1.093136810881985,-1.3387236211667708,-2.206319688462698,-0.31382787937018286,10.105537734490941,5.119153836669963,4.531253294586209,2.631950373580236,2.408712255190788,2.3066785069136464,1.7571124207246684,1.791844137248217,1.4760991054578116,1.7230038841670274,1.4361726246934778,1.6214206183770132,1.2745460023852362,0.06434845399358184,0.05201493373774416,0.09256434981108312,1296.623133865205,1366.2383000889743,1016.0579345088162,205.3814179959673,43.225906797328946,0.9022556390977443,0.03,1,0.14954734480397844,0.07944219896802245,0.2642025340013163,0.4453487917787983,0.2574292102693314,0.07690620705542141,2.0,3.8056425784340377,0.5445287650960013,7.2216179790987995,1.8274791347785628,-6.8951734370857745,0.4316979112687957,1
c624,-3.930810363451051,9.037179647836613,2.0022720362647206,7.631341812294859,-0.2395728188408058,-0.15332572408230966,-1.1845813518420476,-1.6570673359495887,0.129963082691918,-0.16181149410401102,-0.6723938503522852,0.005127441042760352,-0.9419965987283442,7.151549759498973,5.514284847965926,3.244108274260752,2.7584406105753567,3.164550796838233,2.079213665840944,1.9398064588799384,2.1406716673039194,2.0289857507463793,1.6045584205684071,1.2917273832180858,1.3615944086514093,1.4358903204781088,0.09237708072703033,0.04768933745614165,0.10710209382871537,1539.2988441023765,1606.8176823021056,1076.904911838791,99.42542686352881,58.510682636224935,0.9924812030075187,0.0,1,0.19709190997361717,0.0832360745760827,0.3552009734059764,0.9242523984448904,0.2646765841489574,0.11969273624257966,4.0,-5.511831012135295,2.719125482028415,6.421784685257412,4.480005461168545,2.646242285025057,3.727889811745324,1
c625,-46.609482304706816,16.730159757386073,-3.9119089326942214,5.572625133890969,-2.072241101752099,-2.1066044760835254,1.117804739556554,-0.5711569790286407,2.444889292616935,-0.4189023391626741,1.2795250912977876,-0.31445472414181797,0.48632376279098727,5.89618329282,3.3882018577777893,3.928848680346969,2.6963507901017723,1.9101489730285781,2.395801053314407,1.8972633912840435,1.4289063287107309,1.74558952858719,1.2303163954907057,1.380590821281634,1.2033324380113768,1.1805689485003057,0.006325847627222559,0.0017969772976830112,0.0337836508186398,817.3437674652006,1146.2089951625871,331.9426952141058,260.125967785915,70.10284877682172,0.6240601503759399,0.48,1,0.18404721764635812,0.08072781406517057,0.3445336771294289,0.8250453870004419,0.2747038252332437,0.08592042392971322,2.0,-20.879054789970564,4.354571545758899,4.99271436434854,2.8514838296020595,0.8578065925863002,1.4838256705643098,1
c626,-12.89505673857035,12.566211996119755,2.20734622046767,1.3530731398302773,0.16544876895563532,-1.3167965782821767,-1.939737949045982,-1.0950276309322569,-1.8614964018247857,0.09154635301848811,-2.105568431631916,-0.2285049216635307,-1.7647955715761405,7.5716335234767635,8.015947360688191,3.1417875650660188,2.618048014090731,1.635869488080681,2.0959650973360238,2.1006363852397323,1.4257730703439406,1.7829331984154544,1.5480428824709265,1.4906411529678896,1.2796398297760112,1.5091141036727054,0.058356919977844764,0.03378861849884117,0.11262692852644836,1406.893929345084,1492.8339840543974,1180.258186397985,128.17187945591206,24.63961325944798,0.9849624060150376,0.0,1,0.14372994433262676,0.03883541145343108,0.16918525167655074,0.32024881908451713,0.17278558357753987,0.02344229533555694,2.0,3.9465896894877477,2.1723062335255285,9.455465509550852,1.3731685137209704,3.016000845292293,4.1277129911807355,1
c627,-3.126300095127631,7.752919033571159,-2.1213490373021067,-1.7226048566765795,-3.8312605490214025,-3.8351290039423755,-4.159680276309843,-2.5918819925321874,-1.9368209427311551,-2.0624516296542583,-2.0276931048684266,-1.3971733507915047,-3.317854515442951,6.7667529710817504,4.9202182531490335,3.6252819443813094,2.795490791412357,2.0823941548985205,2.177631342929428,2.182132571029273,1.6932414567240897,1.8111276029492553,1.2322057338466204,1.4309730778141914,1.6001314586228506,1.2987717056697172,0.10177426074098242,0.07381576625043687,0.13111519993702772,1713.2364959154297,1667.6026471855298,1383.9735516372796,174.59503467795133,46.11411602625546,1.0,0.0,1,0.22652298623311728,0.11915777309116114,0.5678311089817724,0.9932280144996554,0.16658648932528267,0.06764008290102615,6.0,-0.48748637450399523,2.0272029056202756,-2.228947193479301,2.922325585812846,16.282565657261454,3.368665720729452,1
c628,-20.146191178648326,11.910965468422297,1.283760945840861,1.627461934245111,1.254249115594422,-1.487530723290574,-1.105416302583295,0.5131931186384494,-1.7782110244318972,-0.42836621216488463,-0.9471782906190173,0.430006715123935,-0.5606352571667271,10.373800369699147,5.112160745002868,3.23957777785069,3.6434902494659007,2.4090863449845417,2.499631586785421,1.926502247869711,1.7963744004931872,1.566765195104942,1.8746668237508786,1.3178796984438332,1.4088895885479822,1.546103564067809,0.030290532440893123,0.02228846694981722,0.09415997586062132,1361.890724561912,1542.3667077220007,902.2617548278757,116.76648176233732,63.98402071329133,0.832080200501253,0.06166666666666667,3,0.12669177082322233,0.08554035863372615,0.30393375620115415,0.9215163499095421,0.29966578825543627,0.044030130457065664,2.3333333333333335,9.71153211095445,4.988985250480857,14.784170472882586,4.076373965783509,0.07677451928682728,3.4106185607451582,3
c629,-8.927603074408673,12.079854344967856,-8.378998925251834,-0.20130298712911307,-4.0379396583570255,-1.9411993526455615,-1.6104902306718945,-0.5632936248654199,-1.6751459749246334,-1.4437701568238201,-0.7530696898003243,-2.39275850364766,-1.6591534062956241,7.500494673958289,3.835881976273903,3.5917435884268816,2.9050770955930254,2.2811366696569153,1.840753938785739,1.6899066386005832,1.6044124952328878,1.61047599567282,1.5728979970410686,1.6761136538378032,1.5804907924224256,1.3509323576737284,0.07227648984410386,0.04688283220221528,0.10799256139798488,1376.1041796027357,1209.0855804548153,1264.719773299748,251.1904546000666,26.70464330601524,0.9699248120300752,0.0,1,0.22709965499756893,0.09202828980275428,0.38563465541134656,1.0442283210838679,0.23563321430256556,0.08975657824034801,1.0,-13.49666626523151,0.5873821668190344,8.296451112207382,0.83810655629006,4.952650499569896,0.7783566404852761,1
c630,-11.183979650575012,15.42628210536616,-0.633213070318504,1.936458162780662,-2.065340681898694,-1.0392439668153453,-2.6763174146271007,-0.34096606317126843,-0.8773129428787942,-0.15667970459248348,-0.6405232442962009,-0.5769759802331124,-0.7456493126536257,5.952639046064345,5.775636340162933,3.259795175231411,2.3833047760820043,2.105063476811471,2.111579285260578,2.140131635284463,1.4184654425668124,1.2490811239691406,1.2710614439363297,1.1435911992935275,1.2848142867111119,1.2503417012345728,0.08190154123350486,0.05623104992333068,0.08566691593198993,1103.8665505120928,1226.3150777037265,895.4659949622167,223.27541926343446,91.12736872856668,0.9849624060150376,0.0,1,0.13981094431435684,0.09214939583134509,0.39866735060273367,0.7141454031902035,0.13253495023332235,0.0960427037203355,3.0,-15.267530145859448,2.5167102444599982,8.311017215768366,1.5517410448344946,-2.12900563783629,5.510397673444505,1
c631,-20.7689244192235,6.045207691233912,-4.28808049227532,1.6492989232424595,-2.026220970125479,-3.2748329900441653,-1.7158874898517256,-0.7819958295897438,-2.185835780464798,0.8066300973050742,-1.61210530974669,-0.7484029110260554,-1.2904591983904017,9.492689473960858,4.763636286732287,4.8328918510291174,2.8749708954092257,2.2995200573478423,2.6117745124264093,2.244228587924517,1.9968555637610996,2.1811971049484353,2.0460652465799516,1.8772536722935729,1.7454444060481604,1.8502272745767545,0.028087922306011127,0.017726428473577156,0.14313405226700252,1808.0179830470672,1554.9097228343442,1602.4086901763226,225.9840431809514,38.34654563125678,0.9736842105263157,0.0925,2,0.15340570427885558,0.08884876919957273,0.32158497743488634,0.9271008281088022,0.25171932317207746,0.07250948278569247,4.0,-4.139573399552861,9.54406281798805,3.270769626404051,3.0251059786700756,7.1363990709003815,3.153271235036816,2
c632,-29.657877074502093,7.57528264273094,-3.736694143589938,-0.664785369498102,-3.0837904217664915,-0.8139810094311625,-1.5580736243794864,-1.440496443871357,-1.2634971007484588,-1.2747386984803373,-1.9274258565140303,-1.5310516446534226,-1.5801696543938841,10.0544228488247,7.559592984588018,5.700212938777579,2.64161100556891,3.4604156701896795,2.8557810342608994,2.5274943242793264,2.0168428535506275,1.6014495168593046,1.6879925876372066,1.4965069605970893,1.541783255308653,1.173382264357971,0.01576769844999492,0.01441309339203404,0.19117010390428213,1940.2750513323906,1516.2668586337415,2183.0132241813603,197.74950532123,25.64151075820589,0.9022556390977443,0.335,1,0.1551585312610737,0.10283461265598888,0.3911079941166592,1.0719262339488298,0.293629504377465,0.08176262500642656,2.0,4.765049545046835,0.49245310017146965,1.058693500684533,1.1242277292481,-6.447414131014567,0.41712274964678436,1
c633,-12.133957499173336,9.843584712283192,-3.2174925433370625,-0.5742647244654353,-3.534287685929511,-2.0723074666409147,-0.47584264627028505,-0.9867994677581774,-0.38827092306026917,-0.497289289704917,-0.7216929146628752,-0.5651382311719565,-0.44051168061649637,5.204533259221907,4.0649669182725585,3.3439974173797657,2.479450339145448,1.9366878592864887,2.059370847738891,1.9276490596632425,1.645658369504711,1.1936468754281528,1.3547308717172362,1.5472141693107269,1.129674015841163,1.1782369248101419,0.03542137865329023,0.019944301990499385,0.13001810453400503,1620.4002710646005,1531.250718144785,1419.2380352644836,202.92577629758392,56.46282679017361,0.8270676691729323,0.0,1,0.17591671516908744,0.08209374201587173,0.3030324177444685,0.7425972490554101,0.15363095211225253,0.0458429236886882,2.0,-11.22592186097753,2.05878614329688,2.881844561939027,1.764689013757326,-2.709985270041723,2.3898547199691595,1
c634,-17.60008793210981,5.534832147568415,-4.031333123406125,1.3851476012653727,-5.832395821093522,-2.0940971053365325,-2.745942575624043,-2.9990072963816914,-1.141556983756197,-1.2262957492163444,-2.9640045201838343,-0.5390039813763121,-2.173335171456959,10.553381141658996,5.903143162817032,4.308850559519553,3.671068667321078,2.4548073021319614,2.673729116543192,1.5939019499587248,2.135717885051605,1.6246525493956783,1.46526324284878,1.5584832898089522,1.2332571163476533,1.6183796335996186,0.027686848042990327,0.019501378569312878,0.18442518104534006,2142.2595568124875,1624.7857345533803,2597.2921914357685,120.04262543328683,9.497793453051452,0.8796992481203008,0.195,1,0.2105988538897601,0.08385760519057756,0.39267238711175134,1.0426190390981518,0.27463127934619336,0.10726856860705522,2.0,-10.331946070730483,1.6144333705244618,6.564227916357657,1.4736657802773523,-3.0082293513946006,0.9375831167212478,1
c635,-32.23215616208061,19.23259673327606,2.226345077212502,-2.1434674337308453,-0.6781991160799052,-1.7182645234137848,-2.962965191875583,-0.9697499977150371,-2.532493086288477,0.9361194495135627,-1.3071233406576634,-1.1519202326594324,-1.2159761798541935,9.882731117882951,6.847054901201718,4.528007503700539,3.416641875621198,2.3171595215930547,2.1052364092015914,2.1322425731901156,1.9078500723809015,1.8537943280663283,1.727220275793368,1.3594673446467425,1.1895257334951947,1.522713712775765,0.026385538696844835,0.016169950116530836,0.061220875314861464,911.5722412936484,1123.3869349218917,693.5610831234256,112.31655781003936,24.726028677950858,0.849624060150376,0.19,1,0.1873953342185888,0.08047480678427242,0.28667157690438727,0.6133881485148759,0.18260616541741584,0.03465668405168424,1.0,-21.151428386101433,1.089794803602656,5.29692416496855,1.62238361024804,-0.28094230596203124,0.7487200896494297,1
c636,-29.850652392674274,11.248730489980403,-4.564398331927365,2.8245456488620926,0.012153576882478314,-2.7152782195337553,-1.6693068754672178,-2.0255526190449094,-2.208750248950654,-0.889981853948749,-2.084472877619482,-0.6379896221826544,-1.1070747358178474,11.973465314555327,5.352375590397762,5.026548120483227,3.5215939828506793,1.8577051639333018,2.826264758971518,2.221068853698872,2.342463284996929,1.9267721273976621,1.7688976579445028,1.2153813169811625,1.5383882722201536,1.5148426818302294,0.01711887923117428,0.017003204908886967,0.12928998740554157,1503.3634381260997,1369.3617405526309,1456.3916876574308,174.8319579543613,54.60103364672913,0.8045112781954887,0.295,1,0.2594235123952478,0.1140149888187251,0.43370824449683193,1.2599521205088093,0.2637005705646238,0.1037120822897334,2.0,7.0936379564330165,0.9196877245637227,5.362559788660111,0.9741514740303263,-4.016990738128595,2.043785365666659,1
c637,-23.018708010718463,9.448213270773593,1.9842351747355296,3.144420454072546,-2.9451939789107198,-1.5496773862921773,-2.4422343411158276,-0.5589197103935635,-2.050732248112732,-1.0419227071816686,-2.352580084297027,-1.5818424514721068,-1.388136544439276,11.618067482915777,4.690862040546094,3.9106811688498517,2.7456137920324624,3.4943312050566027,2.9667915848945876,1.6305357543400367,1.6877988744892405,1.947047235602557,1.442922188531478,1.5514318474086974,1.5786396916037995,1.1564062000767228,0.04235019157352575,0.043395128407032794,0.09828351306675062,1516.8603784129828,1633.2061868011124,1035.8154911838792,176.84788131506463,32.773915934263954,0.7293233082706767,0.2275,2,0.22964061851472073,0.11172683015970421,0.4704232998268951,0.7517440885542925,0.34213602124565695,0.0969996114985187,1.0,1.3786769567785608,1.7666328434804466,6.370011711361897,3.3628259808055883,-8.004473881670421,2.315891727122608,2
c638,-32.75544435664239,4.5138625171460385,-3.3197967499556964,0.3553100894526382,-5.745699021639636,-1.8877745633220402,-2.3169466975580257,-1.0687287897971327,-2.294359332971738,-2.0158154818802863,-1.0481358468288615,-2.513438966863404,-1.3969018638436586,9.548874050438243,5.200843428770083,5.44668256380485,4.139920547119523,4.253152069885301,2.9378737756435114,2.8913862738000464,1.703570230111365,1.984836855622334,1.7101765551548749,1.6890319492300532,1.6928405187186346,1.4083292147157087,0.011735730434391507,0.008056245630410212,0.16278091545969772,2016.6910185680663,1644.2356575577028,1904.3214735516374,253.95530945218502,37.394719757548586,0.8947368421052632,0.35,2,0.19905619320427287,0.09484937763010085,0.40482193058977334,0.8256524784100099,0.31650528040544224,0.05691977812494595,1.5,6.50749693110299,6.045903359617897,2.2767911143312918,2.462878651151485,-0.2664994292079939,2.476767640519655,2
c639,-20.26196220278728,8.562823789513958,-5.36728087874225,3.9066785412234863,-3.0910523686480262,-1.6574340406138368,-0.659011545479824,-1.4092924360788925,-1.0730084281936512,0.33798063315469073,-1.3463362426166967,-2.1482065013358413,-1.028377063126324,13.610166336958041,6.21803327979298,5.029549851058071,3.329523100338924,2.30795417231185,3.9834486925837163,2.122409436013178,2.4331122943210723,1.6592489840896039,1.5201696406475107,1.051458716687338,1.7758044048875932,1.1509998669422952,0.03404106890193378,0.029183611417782133,0.17153553998740553,1844.387223040752,1395.1994993916082,2217.6479848866497,132.15008276567767,25.89647028818374,0.7593984962406015,0.325,1,0.1843141976132042,0.10732698783613877,0.3532939836888134,1.0323195769689153,0.34806070292917185,0.13383933327836156,1.0,-32.18997406462152,5.422689616571177,11.12689827392674,2.345023604186972,-5.4679449667316335,1.3001460707429167,1
c640,-20.34816572215159,12.230723794648599,0.5179461941990137,2.182552274242458,-2.308880008577961,-1.7054977215131772,-3.1044356214472932,-1.58948430503161,-1.6387025569016902,0.5982897111521177,-0.8578783351347922,-1.3009661607498384,-2.1248459418175494,35.306765379762254,6.70311413794022,2.907394318578926,2.208976869491503,2.2145400684600487,2.051053650869815,1.9643731344100284,1.7862053371386242,1.696815118953089,1.4486768938144092,1.1760482983927403,1.3286513307519645,1.3378164482425665,0.07541620088765617,0.058080795955075176,0.08824719005449591,1269.316398571512,1381.9761084545958,1031.9725433526012,115.76542351870481,21.032609396192388,0.9349593495934959,0.10869565217391304,1,0.15819335817563712,0.07339031759893577,0.2674880957717596,0.8004493808220146,0.20693843450934202,0.060820062120364914,2.0,-4.5685015309333545,2.1308088239661025,3.3361119957800596,2.665448880008398,-5.701431746985083,5.209345159543508,1
c641,-27.850940179177734,11.137627566926156,2.4673263166187627,1.4817179360729222,-0.896083476208617,-0.718926103275525,-1.4006034851861433,-0.3582128984426663,-1.3980527462433083,-0.9725555485164376,-1.7484322310435572,-1.2348179623213136,-1.595631195096883,9.84104119971062,7.536499563690915,3.856417325665904,3.21859588927508,2.177812325781631,1.9682641339558435,1.6088236629466943,1.8857422671417752,1.6450701503665486,1.4354512347518813,1.5676346315265892,1.1782415008871958,1.2155459160587458,0.024316982609916188,0.02188344710198008,0.09501436555415617,1405.1397714351112,1479.4795292922536,1171.7569269521412,163.77351713473328,24.76289350137574,0.9849624060150376,0.1,1,0.25989403206727046,0.11123330677367275,0.38829481329333876,0.9725971771978256,0.16811054524750357,0.06128358937735415,6.0,-20.375837091000836,1.7271369883764243,-1.8175493728994494,5.725228969179019,-0.33195638758015633,4.953752528230192,1
c642,-30.90081687853274,17.400437464395118,-0.29635947022280407,2.7581237223748025,-0.7521615145861836,-1.590617258639636,0.2870517737934198,-0.6472094640162478,-0.9492294973796938,0.6301369267618679,-0.2708786947549668,-0.7840869420828237,-1.344347804066534,27.759303992175454,7.953337052222946,5.339721572516998,3.0115634685945794,3.049349501862044,2.7943223085826236,2.66503128263368,1.9317322321160426,2.0137235863639327,1.7714777434651932,1.457419984736411,1.354418940395764,1.4295463172354204,0.057373426251609995,0.09279318800195373,0.061024086901763225,938.3302538034778,1077.9364976598897,693.84765625,160.01251980939517,119.23678140429041,0.9473684210526315,0.115,1,0.22092398052971915,0.08682752391666118,0.38698670399594454,1.046357090413365,0.14907890039034621,0.052213755157552166,2.0,-15.927586718118366,3.0477573789224044,4.281451835018999,1.4709512771178752,-2.882253233224806,2.3921489082865515,1
c643,-15.204024470785733,12.430392137344633,3.3214461135300706,2.2473986628875178,-0.07355765888226394,-1.875893724023938,-3.3462161354600037,-0.12028812521996168,-1.4318662384968674,0.08985265366895057,-0.7959308315058181,-0.39370855003363947,-1.205789146962668,11.094500128990186,7.23598704667872,3.191328117856604,2.9224654170083935,1.7663580448740468,2.3246296722780886,1.877730531455616,1.7057545339166202,1.634284775958225,1.432677028163621,1.1808654540008277,1.1955908204615828,1.3998908388308957,0.07257651406813068,0.05449915980847621,0.09436004408060453,1255.6258470195696,1411.1344334697317,964.3419395465995,124.83401685275004,59.48176491915704,0.9473684210526315,0.065,1,0.13547743246393096,0.07859135349920637,0.2788020819084517,0.9718409096594458,0.14867437794426286,0.10158945691258389,6.0,-18.394015482897217,3.0037651978739786,12.405194261154504,1.539570677553598,8.311144619040558,0.6394060527856972,1
c644,-31.04857411661613,14.031906578328577,0.8850585323590758,1.6866602167786968,-2.1418633078578773,-1.0375580418596229,-0.9949986463248517,-1.0156192519198475,-1.4192267403694685,0.9022757147900966,-1.1772103930916586,-0.11387963373400273,-1.6200854840222196,10.975107956167514,7.616360627793275,4.0941535577888315,3.849949840873684,3.037049472710951,2.5245769619340526,2.374159506238243,1.9474663883772096,1.9321111130382607,1.6929723603172986,1.6351133953823842,1.4602705460912238,1.559816263273801,0.02331784808770228,0.03970636188159067,0.0912065097607053,1200.6867033306637,1280.7235928928264,1014.6410579345088,163.41085961574734,102.79259982886717,0.9924812030075187,0.175,1,0.21277200286948428,0.11556797112433133,0.4119585085238542,1.1827982290676868,0.2462750626076312,0.04491711879406189,1.0,-7.368308240034224,3.511702144115295,5.399776953066206,1.846116986831555,-13.271177528852684,3.046798430147587,1
c645,-33.15340774344407,14.9519281067542,0.7220631445776555,2.580262498773216,-1.4652994833615434,-1.2403942491519968,-1.7005661356573527,-1.3130242703469404,0.11750671390375109,0.2847847241893763,-0.3764865806318513,-0.22600948485846828,-1.573638815485279,33.32683539621973,8.637133805437362,3.672743437409845,3.3889673491552306,3.3643240622172774,2.510334144253809,2.300842229882706,2.0027794240306744,1.4903462186769407,1.587799268800355,1.1368287190419706,1.2704465585807188,1.5291084092156928,0.046781200529436656,0.05381327711321821,0.08138223020186336,1076.246991362867,1171.1419926200865,935.0409836065573,168.43795351442284,119.2689135188967,0.9351851851851852,0.16666666666666666,1,0.2803943854570568,0.10827570506162162,0.42444659625764247,1.171399096406206,0.2379362335528269,0.10123736656652739,3.0,-15.715537674661519,5.363633760520313,-4.635955686470273,7.740152592712042,-1.5176049632840365,4.199687373300621,1
c646,-32.58922664916841,17.92998977850036,2.0742033580121357,1.2982038382101484,-2.0742573424039423,-0.34567390221503014,-2.3953414130471318,-0.2212070583164173,-0.4554061259243459,0.8676447085988642,-0.746367183709718,-0.9231352711626792,-1.2987727862072524,11.44225596952461,4.5246019183837225,3.5029105516586028,3.185207263706,2.913404475539899,2.1907486802395892,2.161361962914596,1.729170753736479,1.7108464442584574,1.5178905355763888,1.3296115814064418,1.3782747662415826,1.3502524971358685,0.041541005547733954,0.08452806035569893,0.052913124475230895,770.0152963914637,1043.1330916389265,522.9586481947943,144.6663891336066,106.73581877345696,0.9047619047619047,0.14166666666666666,3,0.1832298630118371,0.08803396790424413,0.3557598898551813,1.1768692612843612,0.20462967980482683,0.08492721763445306,1.6666666666666667,5.865380077694592,6.418779843968644,6.706866954056437,5.044844448188301,6.671421179267643,1.6005690854859653,3
c647,-21.860447804015976,14.04574751967433,1.923969502038361,1.1842746899329906,-2.5879347543872138,-0.26400208382184814,-3.522759399956707,-0.9296959669227928,-1.7141670113780914,0.7735307145269265,-0.7154891547271495,-1.0679790188485927,-2.1051715914712537,11.256520723032388,6.705137673823922,3.5143818433087635,3.1120339720181276,2.6922324050920667,1.950773927068423,2.0004915656521667,1.6913056082200983,1.7546556292867188,1.3309467993665687,1.2870625300937322,1.3555284880933796,1.5104513508128772,0.04263366086709165,0.03974237561843246,0.09035048016372796,1176.1827718633008,1325.573227658004,911.1303526448363,132.83125739509123,83.06400594505008,0.9774436090225563,0.045,1,0.25252898374913746,0.10775029265796059,0.4186896300223205,1.017753950489143,0.1989037864096963,0.06545304026930111,3.0,12.357155015499563,2.3051520405613353,4.499160329073274,2.4507267300011395,1.9135323779933548,1.0025215935449738,1
c648,-22.6251359522297,8.18229564019511,-2.7660452038442838,0.1034453283799347,-2.8527618417113922,-0.5615812040618868,-1.8443324190410886,-1.007706197128949,-0.9890272093490455,-1.0448114349020525,1.1802563018818404,-0.7399688472747357,-1.0232095098711835,16.753465815558293,6.262103920125981,4.805743551871934,3.9660514178434076,2.7759753037671375,2.527905029381692,2.6181567769721577,2.39312550886817,1.9263121039622193,1.779690209263141,1.720173655209227,1.5998115429017046,1.2410753740980383,0.03326972879277763,0.025741509659743676,0.13410638381612092,1650.6399368428117,1470.886090123572,1500.1574307304786,202.25276545251793,33.19756745203156,0.9624060150375939,0.12,1,0.2277339905943371,0.09822873953738964,0.45007732131185113,1.2489669961618357,0.31534804615254736,0.018660389642707713,0.0,12.942757111967596,3.0528683223307773,-0.6324223982442276,7.6746619057073415,-1.883164478016662,5.839634401508263,1
c649,-34.266403016326066,12.694504846099306,1.7094957271881144,1.3443054795125478,-1.4785932757377847,-0.11927686427477865,-0.18445421699379166,-0.25098637337719987,-0.1849297307771832,0.20801412724416857,-0.08796548745434048,0.14409875302980318,-0.5145056415720592,13.740434850664297,8.316117895471514,6.48303331222228,3.897510991723803,3.128122458165012,2.838167903914684,1.9824937861697558,1.9521041212627208,1.536748808685307,1.8656683791016722,1.7116554704245839,1.583122515803541,1.426215206302388,0.04478740399285231,0.06364746884693862,0.09087688916876574,1201.7955944938738,1247.885218885779,963.5154282115868,246.60295286330603,73.18121523496131,0.9586466165413534,0.1875,2,0.24075201107945213,0.10363749815255932,0.4061993946930828,1.4182038019674794,0.31384229981744266,0.04065466137971967,0.5,-14.91205449450776,4.094556681182264,-6.06367699396638,4.987911437768458,-2.0200276185741717,4.7181200711552895,2
c650,-27.42842169766328,12.299568871790663,-0.045661612180804674,1.524183182298991,-2.0455622671270373,0.044241638794182137,-2.4790894873528906,0.21986503634093396,-0.286408831684354,0.7661432686266811,0.01921298059306793,-0.6402629836340004,-1.8699343479102164,11.564171713454153,6.6411535841181415,4.079137955038973,3.056662029675081,2.505301559294635,2.4964387567844337,1.9216051098602147,1.6693755408807056,1.6252223244519972,1.4916889540723373,1.2504207607802031,1.314455934911316,1.370806443034352,0.027451030249688608,0.04547070779022775,0.10428801952141058,1338.1943738604257,1377.3948253594285,1081.706549118388,156.14420667974565,119.07756453613378,1.0,0.24,1,0.2977963295397345,0.11790735046429605,0.47781079674190063,1.1358073393261185,0.1752260245117262,0.0388106037652034,3.0,9.439990882578012,6.0736431924638286,12.522218773832446,1.9101248789167051,3.3193656318029467,6.701912592733348,1
c651,-34.14977358458003,10.562139988934014,1.3467571505738924,2.917359532245928,1.233327277705785,0.1437229645618931,-0.5848603891502665,0.09569317736611183,-1.189889432385912,0.3814883676296427,0.0717009461513067,0.6669024980189713,-0.697988558596625,16.136727941764015,8.93767107841148,3.280324549910393,4.1547737781803304,3.4782840075384334,2.333528631801152,1.9455853971897077,1.6289919777721495,2.0069886807045587,1.8451970666985769,1.484170708565049,1.162037460416473,1.3876955525008468,0.0201391731440111,0.025703025512900164,0.10854602880982367,1396.9950935876209,1441.946794924594,1158.808249370277,194.03386641839182,128.64835213416052,0.9360902255639098,0.235,2,0.12579206567994125,0.06098140327935918,0.23833536291723234,0.6434599420245801,0.19542670847625654,0.0724664579589191,3.0,-6.944527907209336,6.60965841868602,0.1664623372363291,2.468280298536916,7.86238281648259,5.561409264403896,2
c652,-23.450425342969712,8.35333831693985,-4.4914582021986655,1.1124244304060598,-3.543474188374254,-2.264046105045346,-1.7679289113801686,-1.5543195694739396,-0.24290363920709834,-0.6444847105497981,0.2316644760242701,-1.4353259751026888,-0.9018284529596513,12.257724470089705,6.96707929069112,5.35029331027005,3.5134076196775714,2.5952789291634106,2.4417004852172752,1.964713691377564,1.7663694919307584,1.9747450717537656,1.724391802096347,1.4804805087619248,1.4956642000967666,1.3307144081956221,0.03551245728297184,0.03709432085808291,0.14404419867758186,1697.9243923088873,1422.1597819722058,1670.3400503778337,235.91953767418758,60.977900161165635,0.9849624060150376,0.15,1,0.18939064968156644,0.08302811819330173,0.32383487402399475,0.9265680816079934,0.2818700518378068,0.07269080576624463,3.0,-8.677634869048267,1.2893769635828658,4.4110989608686735,2.3411484922605568,-1.8668925194636983,1.0792365102239978,1
c653,-30.850828701780078,13.966053701985656,0.2641077334357926,2.7162576644535537,-0.3004722713662172,-2.503339182784251,-1.0525490477963024,0.5890883622470827,-1.432352669071175,1.3143095681807802,-0.37241477378356286,-0.15526366606956904,-1.2078216322759932,21.791283707966834,8.840170332358595,4.387328160193475,3.2073928564468495,2.731398415086621,2.71229987861375,2.416584771916287,1.8209825976382863,1.6645027844574425,1.8056182995859862,1.598637955562226,1.2018893123427923,1.5718751987966355,0.025089964695472335,0.02032096609043835,0.09835379464285714,1305.6529665026958,1320.2334521418616,1017.3155737704918,151.95885488033005,121.56295766203995,0.970873786407767,0.23870967741935484,1,0.21441521208610612,0.09396465114799683,0.3709935525055541,1.3279145921026738,0.30877071739947665,0.05214385728727164,2.0,2.6975993245331917,1.33827031621086,-2.5480292846395565,1.0705803932234488,-0.8414089630815161,1.3315817037605562,1
c654,-30.852677571449963,9.078891076431395,-1.9152384689874566,0.8814132505374506,-3.392515866798576,-0.0923788117895305,-1.1056214068004566,0.07490529058490836,0.16021920139160797,0.24098836952522915,1.2152004182515088,-1.190109074598344,0.9702055926121764,23.759698291603804,6.653172277828052,5.610457176955586,3.9858188571897872,3.557713368848352,2.826511532271178,2.0176868044062948,1.9118655195088476,1.8973418104888142,1.6953533663310867,1.5902198712192377,1.9612393325297128,1.157921363286462,0.02467981376299625,0.023929324488389785,0.11898616868622448,1684.6795163559684,1555.5640036288933,1520.6444300518135,218.65696496826544,58.62060053996392,0.9007633587786259,0.25380710659898476,1,0.25317803469381234,0.09600229973347027,0.47663168727226923,1.0239310649108553,0.27447209086785496,0.12074271993401114,3.0,-12.757093299967414,4.20017983847416,-4.300034563279124,3.313052352160715,4.865304532384835,11.018518370238356,1
c655,-30.51302017205057,2.9546523974848435,-1.3559592026082186,1.6379565252059876,-4.436422584126887,0.10830861513413595,-1.034685490447297,0.20665136415154978,-1.0377704672196066,-0.23874996206332733,-1.0652627332200262,-0.10255859341393728,0.08537938746148489,31.06034907467864,5.747419797873614,5.206408721580631,3.769603558537027,4.889495766603742,2.799473865356625,2.620148374755044,1.7825199399845197,1.961057978742587,1.6549746850608944,1.6551362871274964,1.3154691248592454,1.2293421923021544,0.020204985353188907,0.019676504050027223,0.215859375,2453.786888773982,1774.4625848888902,2665.1119402985073,186.8020911103606,44.81521176808966,0.8888888888888888,0.23863636363636365,1,0.30317088910749024,0.12512298684510936,0.5355829489662569,1.1324366733294402,0.34403249409809455,0.0512709956171721,1.0,30.96770671871513,3.258649977160738,7.636434874232055,3.034382333485588,1.4669187769174241,4.914812577605772,1
c656,-35.01542070808063,11.872116897752605,-3.639379122886672,1.2679953717223214,-4.488216842540458,-2.4319303865421866,-0.8046133967952228,-2.045205520259061,0.1729839236063717,-1.9391437361564385,0.8954297824651773,-0.7246792655525695,-2.1937491588825133,16.99180271913078,6.365465213532469,6.830921490412836,3.467092974382423,3.2665933726871086,3.3477123923563274,2.5279577235838078,2.4824860752291635,1.9066388873362101,1.9221912839888227,1.4226276740278938,1.4458768117169418,1.416124941623845,0.022574307887693806,0.027643671501797782,0.11634622953400504,1478.5554013808207,1340.3860265723235,1210.6423173803526,204.0939369728195,49.81498042843781,0.9398496240601504,0.37,1,0.19712348306314903,0.10203394808943514,0.37387422239672413,1.1345803401295895,0.29315383587012805,0.1236329719480462,4.0,0.02302284660445439,1.2351038848758171,-4.25612137660596,1.7245873766372466,-4.547228775575941,3.9040878464350124,1
c657,-21.28663050605722,12.053468809481615,0.9806130435859974,2.666036269734908,-0.6902141825897212,-0.9919579875796247,-1.9705573377411687,-0.6448064035443144,-0.935474160730803,-0.44687701054135354,-0.37359199850893365,-0.3185992976332642,-1.854210676372133,13.766854066177228,7.15201033765474,3.2866532832696143,2.9779070233539198,2.3566765035332935,2.513078464642185,2.120473100447345,1.7938343305717912,1.7473195224532603,1.675402606124611,1.222312389263248,1.392437127384024,1.5352031820901257,0.03905653265138187,0.030777054648095208,0.0980424472607053,1354.9525729091179,1414.1079544627437,1061.7915617128463,129.31089718629795,70.66560612699695,0.9661654135338346,0.1325,2,0.1988902639774479,0.0792934893659496,0.31786769450382313,1.054976790946529,0.14774788385609,0.023197278138159173,1.5,-10.674864335083031,2.3992525740099877,0.4696730109608573,1.9965877523104507,14.499825535323936,2.425213236256269,2
c658,-39.796274653160836,14.159065904464661,0.6490048752582331,0.52075966732795,-1.962479314790754,0.08680192399123855,-1.8465799878634213,0.34986692871658653,-1.0802469218611763,-0.0567718264558296,0.22330011262175364,-0.37202070379216606,-1.3858682996682319,12.937069198298396,6.995751607710368,4.217253013654957,3.1200761560883126,2.9455359142768724,2.0352940289810406,2.020644126182816,1.6191338125760346,1.9281144070434768,1.6141674323866022,1.397612477574069,1.4544967903446064,1.6897650860727984,0.026245925351906726,0.053665960022503185,0.09237248110831234,1172.15840675483,1295.5337699033394,913.4130982367758,171.8629152287137,94.95353635463675,0.9398496240601504,0.475,1,0.21427739189738643,0.08651990410502046,0.31025050033011203,0.9114737209800893,0.22856930231423128,0.10557242377362168,1.0,8.523847372894908,5.578438961281995,4.040341870953058,2.388910912283791,-5.382225780912893,2.207274601646806,1
c659,-34.234098271325024,12.643846311185557,-0.7863809981925401,1.4922213214309246,-3.081840093270645,-1.0312606813769907,-1.8400792775833015,-1.5971926738514157,-0.6805159021472894,-1.550739484801603,0.4167898779286398,-1.3853599537106862,-1.3349786081346502,31.369124993284355,8.799479772156241,6.320345898893111,3.5766038247918637,2.784820257041985,1.883935280492272,2.1874470769576035,2.158805207278757,1.905485073303571,1.9551218770384682,1.3617250199605324,1.5440760859293055,1.394122467330805,0.029590238601169872,0.022141880112346624,0.12152604166666667,1492.8415161841938,1335.710348634674,1344.533426183844,185.37752413344145,55.04089371129512,0.88,0.19148936170212766,1,0.19770276002752996,0.11866274792180796,0.6677947747949523,1.2963782572283824,0.25705850604006564,0.10083538260883769,3.0,4.779518316842465,4.270721453911893,-3.2546052026115126,2.1531699913417053,-1.677404795340574,2.0454057982074403,1
c660,-28.425926445914975,11.608714623045259,-1.3358927393592794,1.8759099304569145,-2.561916251960579,-1.6757696516262266,-1.654081706309414,-1.090253642435043,-0.5451854610204879,-0.8710723656587357,-0.5295151849111822,0.07658019898976219,-1.7594159348014757,28.088675433090632,8.070060061673328,4.064296903070618,3.6663220036178608,2.5976937071991895,2.4209043304462905,2.398809292002154,1.723253948964427,1.7850739876028117,1.7155034714626576,1.2087580407460672,1.2847426036308736,1.9711246250590224,0.028411738462555004,0.02189525095406875,0.11520485673803527,1455.442905570782,1365.427295053524,1225.2237851662403,171.59291847604683,111.98179481407688,0.9172932330827067,0.185,1,0.2130286842373813,0.06781891316334857,0.2714399181025812,0.6997630365721427,0.3501819658536944,0.03391721521908646,3.0,12.036825482692418,1.2353195672907864,3.8613005671280036,0.9744993046329896,2.706291971172534,0.43946320130994887,1
c661,-21.687281565292544,13.370123826587749,-0.7938230120156329,1.1991006600490959,-4.7257392757815015,-2.2628685867848555,-1.3042413666603752,-2.469282861066888,-1.0471096412166268,-0.8491105192864462,0.28267422190468944,-1.4140344715586495,-1.0009375817197648,12.224509578134576,6.564153986211834,4.904309787207403,3.738056183441077,3.2468124185581346,2.0690324623224434,2.2872756784427986,1.977509142327539,1.5820974233151293,1.7929927544106217,1.6299541784373057,1.6541821071067497,1.3110579351880909,0.04662722442924559,0.0363378048837512,0.09058357007575757,1267.6995135572015,1327.8677015689595,1008.9962121212121,202.99671089428267,68.1673426893768,0.9849624060150376,0.06030150753768844,1,0.2314084617862356,0.1230018281458387,0.4294954962292039,1.156112118235904,0.17338021322113903,0.024004326382440818,1.0,-9.041103682175294,6.405686010440845,6.933063904611415,2.1152717829847743,-9.843118165538433,4.032100077108695,1
c662,-24.698177535434265,11.5464507202825,-1.4560118324261009,1.9527508476225865,-2.573708499166228,-1.6961484790865025,-1.6191571691312514,-1.0989638058326352,-0.5598939364627812,-0.9043487454985597,-0.5149197947817559,0.0975878142699455,-1.7763670259568465,30.136485221618813,8.174937892331378,3.9169480957850245,3.6043693622513966,2.6216705293505997,2.400437449387613,2.371684395561858,1.7202437344990162,1.766993620274542,1.6659935303498061,1.2148764866503574,1.2583459594838677,1.9216800557419753,0.04011335004743893,0.03089188757084409,0.1126908847607053,1455.3781794237477,1361.0540791350093,1204.5084635416667,171.59291847604683,111.98179481407688,0.9172932330827067,0.175,1,0.2213902489500432,0.0833268393990006,0.3606625191187668,0.811060234106315,0.18959045255961066,0.05059132775481889,5.0,5.453058049799019,3.6907959998879667,4.636591340859175,2.239865410675077,6.059968496499832,1.7277139517828517,1
c663,-38.99811803591648,10.459211091115593,1.1812422662988953,-0.17580476114661417,-3.73515499280248,-1.7100529553935908,-2.408026693211973,-1.059052050273632,-0.8768794241681558,0.5288959639523959,-1.0649402763868698,-1.2855070569809717,-1.716792321405682,48.26977304130829,6.893491508584889,3.0243767911302526,2.5833593994724775,2.806073976716464,2.2199943581845036,1.9495656910227939,1.337134623727721,1.274672414869415,1.5021989976472654,1.2304876723033793,1.142275687297066,1.2572338618947532,0.04596969635069124,0.04629307190152119,0.09446875,1402.1693568860003,1504.158341523811,1214.4886363636363,184.6580514172364,39.673812254545446,0.8095238095238095,0.2698412698412698,1,0.2773975059062791,0.0499587886036005,0.1717169724903344,0.4957454552476638,0.13145958941531233,0.06848526005966968,1.0,10.959528280029806,8.514382091343375,4.473870246703219,4.314969607656773,11.886922899385208,2.878807942518331,1
c664,-28.61434125651146,14.337928573537654,-1.6375373330093392,0.7484627732904912,-4.02971834004462,-1.96726778319701,-2.089692784641258,-1.460540438364468,-0.012732488977632754,-0.17944845456218791,-2.0433702951366075,-1.5046040205233173,-2.014756568503127,13.346063881867108,6.365393849298956,3.418918704067271,2.638275553080578,2.3487133901666017,2.19744097152801,1.6662371728077952,1.7338277459890783,1.4735205241169462,1.4206620072458107,1.467419723740677,1.4122609353353326,1.1140732272912026,0.025592530912865997,0.02314720024133529,0.08342844773299748,1123.1582976263896,1200.5609241691639,893.8916876574307,172.86208260339205,43.482899208916464,0.9624060150375939,0.16,1,0.22425547726191242,0.13771143817394602,0.4765564896885566,1.3060609230288391,0.2339987416636767,0.05795434731393795,2.0,-26.30056301575923,3.5945294982584675,6.149136553361492,2.4642317963187637,9.812529236867533,1.9084905720553664,1
c665,-35.18320969628524,16.470853301620053,-3.6773989458128526,2.4076726448475156,-1.5038205938248703,-0.47348869978629116,-1.1666864447134446,-1.242546517032926,-0.10596242191821417,-1.2224690619018608,0.06918103691356836,-0.4214205366721912,-1.4614516105481963,28.454555231604484,7.733761833182625,3.868422206141312,2.5321045912079816,2.764196627516036,1.9758794109383135,2.0664084776614624,1.7379290980970392,1.7619008829772718,1.5514185819476058,1.2693088124025231,1.5170743107791285,1.3321799158042702,0.020268975576162005,0.016891434967088635,0.08966812840599456,1124.5457407335782,1143.3977081660207,1028.1515580736543,108.03298637132953,8.564228793656145,0.9105691056910569,0.2608695652173913,1,0.18632587086014832,0.1015513880186271,0.34925730501011176,1.2776015342210174,0.30499410630584595,0.06643090359987242,3.0,-20.090072690475264,4.734284770298983,-10.701481456364979,4.9011220365462025,4.6669310187095805,5.023738550396405,1
c666,-30.346017801394204,7.376707724009636,-0.6702784346045618,3.732781022211368,-2.623608135494995,-3.526517569137112,-2.8973867286932897,-0.8423763541574979,-1.0680386816589957,-1.3761702712660795,-0.01660391211356803,-0.6123660493176889,-0.938236318313718,11.69573754475471,8.689632935009653,4.851481417867126,3.339110958185452,3.280243918872872,2.2586439142972234,2.1375256294689944,1.8794506104765158,1.6334045949488791,1.5508579709020398,1.4188365821337168,1.5623424265738841,1.2795988934656586,0.014165309658422462,0.009145786063137911,0.17636669552896725,1990.3818712435489,1568.6779183796857,1956.2342569269522,174.5618969384618,45.6999884602403,0.9022556390977443,0.225,1,0.21622307977891084,0.0909927587373161,0.3184986621833322,1.0121703444946188,0.23575791822770417,0.07657295435550392,2.0,13.761619631218755,4.2303755212846825,6.370276619363697,2.1695094348152932,0.8763703478621394,2.7333971379111968,1
c667,-26.46011765260282,17.399912672477353,0.47217813283111254,3.334898616803451,-1.439736896349092,-0.6920398297387709,-1.6536231909346366,-2.1701200539290126,-0.6639792037073895,0.9673805908355614,-1.7460912022627921,-0.35615179818340265,-0.7452251329167786,34.557338318464424,7.029414991301157,3.3887740687439134,2.846592237275791,2.3701121209545217,2.3796074944475016,2.155442440005547,2.146684841692378,1.4071718192151184,1.6885811885365614,1.5834109331688921,1.4849999095551165,1.2152602043863463,0.07378539130451336,0.05288811843778074,0.053181411784741145,840.1490751716757,1074.9850075427996,596.820809248555,134.6862465120941,46.08968565083816,0.926829268292683,0.09782608695652174,1,0.22667589081968437,0.07687140187206741,0.3182524178520464,0.7513912545816734,0.2799576587920286,0.0778055326497354,3.0,-20.047545896929982,7.775171165399839,22.28416442288356,2.082904764267467,-3.2697257476123647,3.3837955965416238,1
c668,-30.90081687853274,17.400437464395118,-0.29635947022280407,2.7581237223748025,-0.7521615145861836,-1.590617258639636,0.2870517737934198,-0.6472094640162478,-0.9492294973796938,0.6301369267618679,-0.2708786947549668,-0.7840869420828237,-1.344347804066534,27.759303992175454,7.953337052222946,5.339721572516998,3.0115634685945794,3.049349501862044,2.7943223085826236,2.66503128263368,1.9317322321160426,2.0137235863639327,1.7714777434651932,1.457419984736411,1.354418940395764,1.4295463172354204,0.057373426251609995,0.09279318800195373,0.061024086901763225,938.3302538034778,1077.9364976598897,693.84765625,160.01251980939517,119.23678140429041,0.9473684210526315,0.115,1,0.16289867687550735,0.09776439492518092,0.3639314011153081,1.1254234002293204,0.19060751242580598,0.060922375867618485,1.0,-8.478077151994041,3.93475256144198,5.4881001967408904,3.830494350701733,7.261657955972145,0.8560555920325054,1
c669,-6.3463906523716505,12.67748034315404,0.9295956210277522,1.0062334236059935,-4.743317206684953,-2.3052081216186933,-2.561048935908813,-1.2880319893037484,-1.777722029136377,-0.3115386473661742,-1.6351903279650812,-1.8319545422600396,-1.6552600946954183,10.36728098958992,5.6984350787002205,4.341378746489675,2.81330909633345,2.209932601317952,2.266090969332057,1.8349226854109921,1.8029272471832065,1.5854323826446173,1.2011331552527358,1.3067244789892634,1.4267437202384752,1.1436527716809253,0.13295746968418265,0.08082347692665107,0.0819082572418136,1258.855610877977,1409.455368400617,903.4162468513854,194.74560753742074,25.310686409892675,0.9849624060150376,0.01,1,0.15194623407856292,0.061208334211917015,0.2632839443147125,0.4828400236965767,0.24880751784193877,0.07108232311378897,2.0,-13.836845407443322,1.4365298401544127,1.3765367732563087,2.4356395109037483,-2.5860969711858526,3.9801984116872955,1
c670,-23.559547249942465,11.627918510087477,-2.303068198296988,-1.4137037827001935,-4.442778790086116,-0.6735060552485057,-2.7814968031726264,-2.090190564202949,-0.934739671503254,0.11057400482111227,-0.3223539758060729,-2.5040931758296208,-1.0507656026463763,14.812539916770396,5.178238668512162,4.715781823531828,3.5652041857778394,2.7361840728553637,2.525265941375595,2.2290381563240467,2.09922753013687,2.0768911981405176,1.9207483999781179,1.7339447234419945,1.6774078997597177,1.2999353515218355,0.041757256816265305,0.03769695810358507,0.09164928369017632,1263.9569142007128,1328.6814151635224,967.0182619647355,202.8515616121802,41.10560872865881,0.9849624060150376,0.115,1,0.23820485581025116,0.09513812688132914,0.39470234939219867,1.0435188529072543,0.21854713131269388,0.10583959769658459,3.0,13.875415197480917,1.9975638161723204,-4.817184444428613,7.459869543233891,2.5519524491993906,1.84489214837719,1
c671,-35.227716308148615,16.215191385424507,0.7013765533629122,2.5575610444883345,-0.8164644742289143,-0.2894903575822071,-1.543115249199957,-1.8448172046997782,0.26230658849564287,-0.9859851348779487,-0.4290252281456387,0.15921747489929702,-2.569188123039823,31.84622704066535,8.52696994446287,4.072505287787602,3.483298946630164,2.1028608311807457,2.105507202079724,2.2192915781624327,1.8285708248883967,1.7767585737973288,1.8522589742666637,1.4910530238725843,1.3438854349856895,1.9715519461367983,0.05070716308185719,0.07723720123405609,0.0696369327910959,1025.2202130523226,1175.022184795613,817.576714801444,138.79979519385427,85.95515113421062,0.9081632653061225,0.2108843537414966,1,0.2326601491924692,0.0932220565568155,0.3892073782285783,1.1472650897260035,0.1172976217024958,0.08247297613434774,3.0,26.1061040370556,2.1981424793782454,3.6816955466123455,1.976289451737661,-7.619493537981247,3.0170879771952164,1
c672,-26.59476510381175,11.302941519762731,1.0781898374519288,2.827778603734487,1.6802615507594179,-1.5707429926421193,-0.2705559331117802,-0.08152496846069562,-0.40834027549674334,0.10898621116528796,-0.2818859868886763,0.9454664033848756,-1.8754071624475923,10.317054377427883,9.04364086559626,3.5535647000244994,3.691459492570523,2.243642735958113,2.33238033054511,2.009127305548672,1.532474581749133,1.5470488497443846,1.6033644716649258,1.2182183148904648,1.1145762005167015,1.3958333809976384,0.017620690367573705,0.008767083685851777,0.12063129722921914,1476.4436239434224,1446.6972951997182,1369.41120906801,113.51360099753737,89.97536233677613,0.9887218045112782,0.1,2,0.21737382953694298,0.08456324096797056,0.39134298138153034,0.9327429780469769,0.15950279368372036,0.03621342775465741,1.0,-1.2598981411543162,3.07765723337176,-2.4244965271134262,1.1916719469645591,0.784096734563051,1.9992614576398,2
c673,-21.566178844373542,8.221262631197455,-0.3973555480949068,1.0667672438445988,-1.459915912759932,-0.4175436164444247,-0.6748942044785489,1.3289147825762884,-0.7983527830696683,0.33092655432982715,-0.6392938084515032,-1.2265311675397983,0.20262573146220916,24.64182151606624,6.673367920695657,4.811593354125002,2.8275786071940163,2.7715399294244936,2.478139086570681,1.782512598367452,1.7216556332575716,1.5343696594957756,1.2678087758318968,1.4231886528489157,1.5050332248332807,1.2654660658943737,0.032482562767190984,0.023323711324238227,0.1524334343112245,1850.7479304206206,1603.648399087119,1746.761658031088,177.14610504471938,45.16261928746692,0.9465648854961832,0.15736040609137056,1,0.3289647982323741,0.14291170275250112,0.6124790262824853,1.6336727155602413,0.31429546750253334,0.08722610403482488,4.0,-30.425768186103724,5.176636626612444,-4.22316443014501,5.649433558636103,1.5019138015969447,2.748661291006519,1
c674,-27.03373023691728,9.207258915557402,-0.3743732393620149,1.3454369420682504,-2.995175272754268,-1.3628737750791433,-2.8918658458868616,-0.7668405718905001,-1.220861428031167,-0.6830569362724671,0.030371660744807103,-1.5123143410800113,-0.3781618141141808,9.540801871668958,7.958981925601217,4.7392830213018495,3.496392011217165,2.6685551393563998,2.4682799571010654,2.009340103063606,1.9262873680784933,1.7987121657824927,1.6238245547989125,1.50749084232861,1.8252247662591468,1.2729288087895478,0.020482236225480427,0.013391057362359267,0.14895406958438287,1687.8741678207948,1505.7068823189625,1552.1882871536525,187.73008213150558,38.72853379298411,0.9924812030075187,0.17,1,0.20981846139566288,0.09751781748733654,0.3507612926345575,1.121252038125519,0.23288338055531455,0.07873300641747628,2.0,13.80738611771507,4.375172318167181,6.21874564455519,2.341176289742568,0.8120772725119181,2.7290924174724394,1
c675,-29.18222515704231,16.70817027259134,-5.984650976124562,1.50706262543792,-4.756067458050325,-1.751047624848948,-2.2050382313692753,-1.494753823768352,0.027838264565963854,-0.9280999121936905,0.3850916223688236,-0.9025559020891714,-1.9744040025547944,9.102090591227231,7.749702072128144,5.10521431673665,3.3575521907791344,2.845940257603408,2.2046440327223307,2.0585224890247007,2.006851323860468,1.7398289444455586,1.8263620906113893,1.259541102165807,1.5145500183232532,1.2593663274673392,0.023572741087294097,0.017215813894715343,0.10558190333753148,1239.4218917320452,1088.4618062384661,1134.4458438287154,171.64324514173347,38.277991930693524,0.9849624060150376,0.205,1,0.2504803277711876,0.12648849179064645,0.46976490109926905,1.4682501995057107,0.23141624998101273,0.11159372321319742,5.0,-17.638406844360368,4.53653791886468,-3.1637020180369833,5.561699262156541,6.886686706258572,3.242743898562846,1
c676,-26.10350704595867,11.717886500430396,2.5611591110269165,1.9317564535944616,-1.8575631389013882,0.5590292050585106,-1.218494784459441,-0.5655347974276999,-0.3744206863774395,-0.05447621613305031,-0.3771626940654082,-0.9297230202859011,-1.8078245473914125,10.521800577699452,6.99163218786594,3.2040907846984914,3.1914587955644365,2.2158184435679313,1.930686895339564,1.9007631125281843,1.5949635494298138,1.5278349492198435,1.5558105238038369,1.2700068231497927,1.4812016752380586,1.272879360501299,0.02095256328598862,0.012195095095811778,0.10293509918136019,1387.4456681633467,1483.7390485090255,1075.2518891687657,119.42619903777099,64.69639933156792,0.9598997493734336,0.1516666666666667,3,0.229579563289404,0.14732662348498402,0.5438548372241035,1.8097759046933868,0.3137271856240585,0.07092747803411635,4.0,28.20449713718988,4.120328381658516,1.8459970685656666,1.789093295897662,-10.59449158865719,2.3459161836575544,3
c677,-37.29521744900981,15.176049361481555,-1.05428408401652,-0.602616798432875,-3.972510027486443,-1.9399220239138155,-3.3016699086872197,0.9153175109774705,-0.12407198018516728,-1.9846573094282411,-0.45666397590437124,-0.7097100650692597,-1.5867736185972372,11.23926641840175,8.252953099819958,4.49938315219268,3.4312894807060896,2.579965984571565,2.5284638331467972,2.339622170258552,1.6339658726145172,1.7357255177726414,1.8194570680112583,1.2562394237644006,1.447622232068883,1.1046725824596255,0.015488639207088444,0.012892474238149678,0.11369942537783376,1279.6277437834358,1226.5257605163113,1278.9672544080604,172.3818636647277,33.313953870968746,0.9398496240601504,0.295,1,0.19235569929963206,0.06868781093269238,0.2928009360797257,0.6380451198850611,0.2429678650595265,0.08791493762453706,4.0,-0.06355033168162567,4.2488586682543685,-4.8673784461450325,9.165212985517968,5.038712934112127,6.725642770088681,1
c678,-11.966178561115504,12.060566232652658,-0.8829055518311834,-0.20579941043109426,-3.7698329489593587,-1.1583592321788339,-1.484558632856573,-1.1397635617348179,-1.0618065371665588,1.0487788073915363,-1.33320342321932,-1.4691405650142044,-1.2116605036663342,13.685734778279555,5.410246373575568,4.868102399122606,3.2901212474639485,2.7121996082582864,2.550894407890045,2.2738509446587973,1.7191029320405034,1.5218859236170132,1.5821206568713226,1.5806769826465992,1.4075343026271954,1.2188923837419827,0.09616034992136283,0.0630121642466678,0.09160008658690176,1273.6755101317651,1359.3974436359897,1040.6958438287154,236.59526768979353,38.773759123709425,0.9774436090225563,0.015,1,0.28080475540549743,0.0880038607282393,0.4613601603842951,1.1008580763043536,0.4060785713653391,0.027365493902707573,0.0,-8.870677292221604,1.2406811504059552,0.17821531288645673,3.3260384285706808,6.034907261964228,2.273427832019049,1
c679,-18.56814422624443,4.613995095790909,-4.251003929374435,2.6926720639423802,-0.9525654291555661,-2.009461167352303,-0.9807029090562749,-1.2293731950374795,-1.1995357357714853,-0.7252030277463041,-0.2791865370091798,0.8553107185516311,-0.9870705577125909,12.919379921374865,8.685993996359828,3.723475897549801,3.674035723874072,2.9776404856430143,2.46447406812974,2.0376684951297803,1.847179642429225,1.9952598710756517,1.6070551564675222,1.284027869540726,1.2178007579693524,1.5209382335126345,0.03340718974763415,0.03410572167789451,0.20819722134760704,2118.0383107999046,1517.4148563125827,2413.5705289672546,202.7325951918223,97.28413737053707,0.9624060150375939,0.13,1,0.08427467883069252,0.04844618337267663,0.18966560017651415,0.5464145789737647,0.3014732915243443,0.05439776178079129,2.0,4.701446955155747,4.535877966934752,8.452764477061775,3.036671737584469,12.051035547216715,1.34261559458718,1
c680,-35.39070119143357,10.77059226225042,2.4153006904703234,2.778313547358669,0.9024060445716882,-0.8743775502836199,-2.2259867198383425,-0.4837359157518875,-0.9860646328625207,-0.6462612248706162,-0.9925502165851853,-0.006000871474319814,-0.2627753982939698,24.353292002543593,7.673897788386392,3.6968933753926656,2.45942960290981,2.1710491492957393,2.516301402262329,1.956785951303066,1.5893833758996092,1.4021738286032712,1.4653527305689988,1.2610928772052892,1.331277604705773,1.2773818850815049,0.018778228579555127,0.019489889850425025,0.10726066468253968,1469.3100059080575,1562.4173293960844,1266.8973941368079,228.1731963112302,133.13203540046658,0.9433962264150944,0.3018867924528302,1,0.12927913274912103,0.08620774873601411,0.26336843463897086,0.8456971983045519,0.3270367848057763,0.0521811131196771,1.0,-8.738431842716988,9.791101677770573,11.027587602189728,1.8697158727057845,-3.697778996500162,0.9980376984036397,1
c681,-38.43473491204844,12.274312397905502,3.1805925331756626,2.9580652275838357,1.884757135936483,0.41982640712806196,-0.1579542871941894,0.7244601700063884,-0.5638714572407413,0.5561744176306821,0.2485934248558208,0.19195753244246347,-0.3284231795113549,13.70284889768459,5.731522786159461,3.85157027612422,3.107704596640275,2.246273278576166,2.485712649992217,2.168088949655133,1.5156596911713807,1.9696243073167337,1.5854198218156565,1.2022998978453192,1.4635068796063786,1.3882006754919138,0.016239054731449258,0.013380452568242489,0.05769344301007556,1013.6766998483453,1359.0148939147098,574.5828085642318,239.4245166507141,146.17210167786402,0.8721804511278195,0.20750000000000002,2,0.17394360523553648,0.09007114002290131,0.37347137176737627,0.9857037459480955,0.2569449079492623,0.05986819853656246,3.0,20.53953618472727,10.798493035152553,14.053827653399537,1.786122985977757,2.859150535034836,5.557273370005751,2
c682,-34.935895173112534,11.476577882657562,-0.7237535781892608,-0.1795361405267839,-3.3064613950284087,-1.2542889218222557,-2.788294882395641,-1.309860390066594,-1.3803870828968543,0.1523453080403323,-1.0194466223288419,-0.5990310315410226,-1.5663960055183128,31.04258634724769,5.894838308783658,3.566491734943938,2.8313386928827966,2.5495027154148775,2.1573266980695984,2.035100640046629,1.5104107162064009,1.452866988561504,1.2221675249643764,1.5432460909232486,1.1130767814353193,1.0871820363629054,0.021016542705103697,0.015998612812099463,0.08220552884615384,1293.8930665605733,1400.6996952222387,919.4983818770227,182.17501879070625,26.48812318845407,0.9174311926605505,0.1901840490797546,1,0.26377929927651445,0.12407030113205235,0.5139405472472027,1.5825722607441697,0.30783595723514984,0.08349656230567917,2.0,-29.751776315945342,4.756846312530122,-1.9718128063468772,3.6761779144510682,1.7970672706514967,2.7130862640858946,1
c683,-32.775367518321424,10.568437533650995,-0.3917276333307194,2.0735816998744596,-0.5345909984476765,-3.029345228637519,-0.3105357795675525,-0.11985319660332448,-2.1495851740577363,0.4710809035869156,-1.0426361308414211,-0.3332680379836473,-1.0229784062406062,32.04444649298857,7.669901222096541,3.895833438444172,3.3214586879995887,2.686779474416843,3.384125949271185,2.1983836805050556,1.3825270096241733,2.1184173958064703,1.5136300972597136,1.5191416804530156,1.4009166165372726,1.3974815326919194,0.028775254710153277,0.026293883367967473,0.1188134262242268,1474.0485647648989,1420.1021872500155,1326.6969086021506,137.45871199606884,53.1027666723667,0.8923076923076924,0.26153846153846155,1,0.1730973488513682,0.1098704656269138,0.3476049487939636,1.407688853245172,0.4699297217042464,0.05786845497406093,0.0,36.51335018539082,2.7953293451931023,0.41524046157644123,1.7216567603758417,-5.690979940019043,2.1061972928952524,1
c684,-29.076634073817473,15.158697575138833,-1.1388329758294697,2.8061544919106365,-2.1979880989075355,-0.9802605529582067,-1.7974285233245826,-0.4135451787397355,0.914552882910599,-0.10899938172800795,-0.2799901694126109,-0.09085036138073564,-2.1721693088491505,14.578750397822791,6.630041063600945,4.231388335971504,3.1836595015628,2.3636545961761057,2.2920275204549854,1.9044354272509718,1.7581750018846807,1.656377367484392,1.5632629560467768,1.2912545699357334,1.2182072459331763,1.3871095150347863,0.021798731519793023,0.0176138876843497,0.09120159005037784,1165.9717057360274,1219.1553135396425,953.006926952141,113.141602912137,70.03255468417777,0.9699248120300752,0.165,1,0.2612760714749428,0.11456979172921786,0.4198080750865609,1.3970060567977676,0.40058200782202824,0.015100098358802367,0.0,-24.462795423872926,1.905426133382666,1.9073253724197687,1.6601749844206932,-5.937554710345994,1.8573272325775778,1
c685,-21.395635710086076,8.092536663707188,0.9564273289881429,1.2902090752495932,0.930947776916935,-0.8458806997903289,-2.61818333549026,-0.6480332829369229,-1.6162337108420706,0.7710892137076049,-0.29846729571284086,0.006805235609007684,-2.0553116254449897,10.594868273958758,8.377695657180476,3.559171314874216,2.9414062596349617,2.5073792258608893,2.2295532254409394,1.9356655417868176,1.5896746856512252,1.5871446315688633,1.5316832740134694,1.2982230628565359,1.0580949236491026,1.4225188059461997,0.02483489712913351,0.01759675097602584,0.15566455447103275,1800.2996940427538,1642.9267073177132,1736.382241813602,134.18983496029622,45.69550011868594,0.9849624060150376,0.13,1,0.16102163132163191,0.08744742915293387,0.30851005552920213,1.061639506410311,0.19961453941000898,0.05895631877257839,2.0,19.453690919918557,1.8850917558778424,8.720923853237021,1.011137571860799,0.1050172714692448,0.8496508079136225,1
c686,-31.28138060409638,10.983626001289897,1.1014697884148714,0.13423924143876942,-0.47807365154390696,-1.0393067540420635,-0.5156159501190978,-0.9054721143603556,-2.3525919452392476,-0.39036938765569434,-1.5661151128764554,-0.28501431060550997,-1.2768218668335913,10.467716128325188,6.993943861463856,4.43019101466996,4.0606683261584235,2.5631298638881694,2.551751984946516,1.8516330598588133,2.120608946107665,1.9972601498478408,1.509103947515121,1.5752207344357385,1.3189322615003116,1.36790019239714,0.0158824618375998,0.011935864283265797,0.1276664829974811,1513.8018361357924,1514.5001289205675,1370.198362720403,171.83367380479447,46.802221989651805,0.9624060150375939,0.2,1,0.21848087551867362,0.07948827325062302,0.3876799134433841,0.960935572276099,0.25123144442286177,0.116507354023137,2.0,-18.081597036475213,4.151514836712932,3.8712458550726474,2.655435459247823,2.514794191598447,6.895440192987347,1
c687,-24.377134795458396,10.52460309124251,3.1487982685586404,3.498641009387527,-2.159439935748533,-1.9658931284896135,-0.9603505712896667,0.13579588656890165,-1.8583976483722078,-1.0739110444604856,-1.330181431908913,-1.2341796440706263,-1.439817365804989,9.658634407550577,5.343837368367903,3.636376132211149,3.02692416052639,2.517429141503246,2.752336442349383,2.039344081987231,1.640902196162772,1.7668025439202404,1.4956729063874659,1.3181533850199258,1.2056325639620307,1.1275506647482672,0.03076980789692827,0.01931535036575713,0.07719025503778337,1307.7675846471711,1554.2673089255975,780.7777078085643,179.77744567822683,59.06484887005017,0.9398496240601504,0.13,1,0.2386079426969945,0.10770633722216436,0.44678922438444696,1.0183168449225155,0.2951270586838081,0.0974105345666344,3.0,-20.724382127323207,7.6700191244416835,-0.04886562049793988,2.653784837471291,-7.718623506380104,3.519959966031261,1
c688,-19.93179996169699,11.33334456790415,-0.6910336633602354,1.7581566393683123,-3.96037151544022,-1.7543410440339633,-1.7833777482253264,-0.5510638308547773,-0.8764983506993678,-0.3648938338370244,-0.454557547189245,-0.2810009852573325,-0.8371131724270021,13.874704891044503,8.711819724068297,4.076344611427219,3.71623394099287,2.555941153566933,2.3025719731054326,2.183896560887476,1.9869916493079387,1.7083462206767466,1.5816019887024075,1.4545709831905067,1.309031794699067,1.2681403195974517,0.04426350700157486,0.03499963066567196,0.11458989294710327,1454.953974245319,1323.8542941739968,1236.5396725440805,180.75714176711705,34.0905583992912,0.9774436090225563,0.075,1,0.24101802997851796,0.14789085627220144,0.48922179034476526,1.3596054893901466,0.31787023308924545,0.04555118247644061,3.0,4.34313390850495,3.3922096588356268,9.522419824832957,5.068809621152006,2.62490607819496,2.805958533577697,1
c689,-39.65666616048553,15.9085127254115,2.11488672559355,2.0873092073470967,-1.530859664234293,-1.0014987451061335,-0.4292807818269946,0.8630366125534589,-0.28560585854618575,-0.057260904525208205,0.6882523995541766,0.5870422955108924,-0.8194499604235476,11.640734796928307,8.218527331972943,3.3473152820753005,3.29090974270559,2.897143979788585,2.0707921485958525,1.8876960853394007,1.6512254803424593,1.725005159336978,1.543161961249655,1.3959143363075874,1.2055181897802307,1.2980800566841202,0.012750097237271501,0.013157423087649157,0.08098827141057935,1022.5056933728239,1149.853448233324,867.8369017632242,171.11458682916384,137.8821508994157,0.9022556390977443,0.355,1,0.11981675245362867,0.08345808180465444,0.26469344425082536,0.8330038951110703,0.3169965763455021,0.055259869976995064,2.0,13.585628986130398,1.6717239975331148,6.444191989618543,2.4345870350804013,-3.4612610079256365,1.5360282725061498,1
c690,-29.588941749882302,13.673424864570952,0.8101400144976639,3.5070376854916736,0.06810397866243446,0.8024922755653436,-1.2270414872366084,-1.345858339541332,0.23404021786140464,-0.9267963891776223,0.8847134090641732,0.44569493202823224,-1.4267202944134654,15.38617003305763,8.4905177945568,4.33115630883789,3.7937163070936983,2.769403492087629,2.259187526382646,2.002345597055257,1.8127828550420226,1.6862649213042327,1.929949192722374,1.2402878786163487,1.3307920135009232,1.4174519027126329,0.0250382571219305,0.025423595568674153,0.09597862877833753,1263.2638203235015,1285.646182302739,1060.7682619647355,148.13615888641607,115.14025642859526,0.9849624060150376,0.175,1,0.13960134137990943,0.0826407480762267,0.29210103915750263,1.1012279636415432,0.21653230046720737,0.022910191498573665,1.0,-2.15753227347863,1.7433424609820043,4.822393713235383,1.293825102513313,-7.957335557863097,0.757251673712581,1
c691,-36.002183548417314,8.922101277712272,-0.981406999250871,0.05875609575618584,-0.3460793068960547,0.7519782634497928,-3.3045106603791994,-1.8071975400290154,-0.7168290384879772,-0.6257579927925129,-1.0641230016459255,-0.6509211348470272,1.1002575045782417,28.747733948889373,5.913917701705413,4.637210662824593,2.7485406599467197,2.363536025119318,2.466000781868953,2.218783834350617,2.21728250880805,1.7217070531916534,1.6140068907804122,1.5075227866006398,1.4561776067276913,1.3371025269225891,0.0253157863793129,0.021570969582301792,0.09114400456460674,1463.4741686359052,1504.7341396267088,1082.9118497109826,307.9088089300177,38.360368513463875,0.9327731092436975,0.2122905027932961,1,0.19717375284533986,0.09576074928968814,0.36229750942513944,1.4023876942272617,0.14602982685730867,0.09502021494234673,2.0,-16.242630924949943,7.22536618153488,2.3176554761787114,2.9249442761416993,-8.351297925395402,3.707309230350887,1
c692,-35.39070119143357,10.77059226225042,2.4153006904703234,2.778313547358669,0.9024060445716882,-0.8743775502836199,-2.2259867198383425,-0.4837359157518875,-0.9860646328625207,-0.6462612248706162,-0.9925502165851853,-0.006000871474319814,-0.2627753982939698,24.353292002543593,7.673897788386392,3.6968933753926656,2.45942960290981,2.1710491492957393,2.516301402262329,1.956785951303066,1.5893833758996092,1.4021738286032712,1.4653527305689988,1.2610928772052892,1.331277604705773,1.2773818850815049,0.018778228579555127,0.019489889850425025,0.10726066468253968,1469.3100059080575,1562.4173293960844,1266.8973941368079,228.1731963112302,133.13203540046658,0.9433962264150944,0.3018867924528302,1,0.11465880992673427,0.09948509690633124,0.37899267378914875,1.0090529028700748,0.26040208590039526,0.05814031459840778,3.0,26.814384939714323,8.024785987842206,3.9247517636072855,5.701247083630446,5.581735455647951,14.224011363515844,1
c693,-22.29134492556,11.399336685862515,1.028270831220584,2.848516143673839,1.6758369983220638,-1.548016286254032,-0.28736282282823433,-0.061115612405964095,-0.4464412947131121,0.13327288513868468,-0.299124312013764,0.9528969024731555,-1.8757608299245208,10.186570294349881,9.043888890594545,3.5627549579473765,3.700247487308223,2.2470849332259593,2.3471264664719627,2.0133164200726714,1.5223126882870988,1.554010670634629,1.6235434247901606,1.2155516390392105,1.1090611468057285,1.3868270704507504,0.02489446881972191,0.012385873548905618,0.11958831863979849,1477.4614626001999,1456.6665731406347,1351.3066750629723,113.51360099753737,89.97536233677613,0.9849624060150376,0.065,2,0.19515109115542134,0.08379629341316869,0.31897349251279317,0.8408761764326679,0.10671042188237916,0.02591657883927022,2.0,31.317127031365153,3.2738183593598134,5.905409560605493,1.4507242478783318,-2.632207565644104,4.603357268426463,2
c694,-29.216005582111688,10.819741433486302,-3.138131101958454,0.07375016837316688,-2.770115922306297,-1.2276664851138233,-2.2230739750711055,-1.5704937631762859,-2.406969008898433,-1.156265907727234,-1.9354856168734338,-0.6434827371492745,-2.085361811064262,10.111916777268181,5.790811544224971,4.5204480682157016,2.8281187959801417,2.9332060607237573,1.756871806194711,2.081789584928059,1.8441793772048425,1.3763897845618975,1.548422805361802,1.3910702760772249,1.2022423735957621,1.193179727417053,0.018668723840779503,0.013433398109397088,0.11302542506297229,1458.1592468995673,1408.6038688844674,1308.6429471032745,203.88347608488172,37.344065761211674,0.9774436090225563,0.195,1,0.2132769004755031,0.12245944652380197,0.5006764104503871,1.1823457307168372,0.27720734094040117,0.10299749801215491,3.0,-0.6372825087393569,5.395928718008079,3.7928799329885523,3.883214744957114,2.1767103910233687,3.714265110873442,1
c695,-32.96275273994331,10.023690320537543,1.1417864200755545,3.5173279453380184,-1.4037672391710945,-0.4303453440928752,-1.292768837238313,0.352184885385859,-1.3636126845059555,-1.4504669285326963,-0.09485264141831949,-0.6522165912502312,-0.981579748682127,12.430393313951535,7.339286929043568,4.625296835764336,3.383929998903003,2.629730889575361,2.0332364972876134,1.9017528377005577,1.9482967465188048,1.570119234064919,1.7325340971759733,1.5292446244752795,1.2913404923447074,1.2808911268946286,0.011001537445693573,0.00765288826576244,0.12996398772040302,1626.60820882581,1542.5868097060747,1496.6939546599497,161.40805523613207,111.79092797629568,0.9699248120300752,0.27,1,0.25407558896698457,0.07326397687598396,0.35340025634599015,0.7244655115939755,0.280934698926872,0.06375654651889144,3.0,-2.1867141309400147,2.2493737463937693,5.497455183614277,3.2844770228509286,0.32991313489870316,17.632207855341505,1
c696,-27.210722797709995,10.682973812365278,-1.5343987433267285,1.309761190613423,-3.779037282437463,-3.4755654706277452,-1.908137702376206,0.6100209284478579,0.05172907907670486,-0.33905546736025405,0.14201461322863318,-0.9324559026172293,-0.5124302516628316,12.821191653148738,6.748728836323293,4.7399030002388995,3.2010529980251645,2.8052177378366796,2.9403164732608613,2.1240034073178022,1.8678011929202603,1.821588050122191,1.4853954715851736,1.6419051005171033,1.5706032742455684,1.1779950360719906,0.05696538496842406,0.10678306798678257,0.10720730633802816,1378.107439582034,1384.925906283452,1136.7957746478874,224.33683169454144,50.07797931666342,1.0,0.19662921348314608,1,0.19641150778438934,0.0982049756421444,0.34531443493631797,1.172665259730009,0.3257135768640812,0.07577958477288585,2.0,-12.42919247062038,4.264482703218191,7.586480518028048,3.6841684495960503,7.4280395203678795,1.3994872825455285,1
c697,-29.939544311051165,12.779926518624036,1.686589839850352,2.9783311502588816,0.5905449086913024,-2.379379251143844,-0.7061476916429519,-0.9762847847964194,-2.3560234610382333,-1.2502360531139596,-1.071387151838791,-0.37964452054247916,-1.9270870748215174,36.663654577361505,8.654656122560398,3.523478960368997,3.361933598898388,1.9660165425340927,2.6396701417862047,2.161369089792651,1.5173216312529094,1.8366822450629252,1.6194621056112264,1.1616680894769054,1.2565387168793705,1.4736960764146962,0.05006581359340884,0.03849095251721019,0.08351744715743441,1238.5525141109222,1348.851566171798,1001.7578125,116.06942863530121,12.994400369557948,0.9043478260869565,0.16279069767441862,1,0.13958439696085445,0.11788950258788107,0.38145308446645476,1.0320762771041083,0.13346442311548454,0.029357543726323775,3.0,25.296213585427953,5.033263726725822,14.150729571911024,1.260626369343272,5.128588876303906,1.3009346300192666,1
c698,-28.70680996595436,16.21833012539806,-5.28063203927862,3.6930420987210404,-1.8435778507790168,-1.6039946475906495,-1.2491089134942974,-1.5335164343284786,1.3350798776061896,-0.4260153685683906,-0.34009220026411224,-0.0037437916454461273,-1.5467975632068016,14.96047636290408,7.692761077524504,6.098980487906795,3.814765582461803,2.6130453026832297,2.46579210667686,2.3031337435939863,2.271988866644286,2.0002320705279186,1.7652976012268584,1.5625308611792412,1.482043813914602,1.4253878957849893,0.06183393484812956,0.12900016221446056,0.10061941964285714,1267.732113815014,1167.8708721169892,1193.75,174.64786364528706,135.99379938148448,0.9658119658119658,0.1534090909090909,1,0.23037655371164822,0.07268504977077522,0.3526042249127948,0.8648091737330118,0.12052876551921578,0.0689966690708638,5.0,-1.9479147305235605,3.787624770332279,-3.6398192151046156,3.1412329964011554,11.770768515460372,1.75623746245786,1
c699,-43.796024601907625,14.238956943155337,2.2080011762272393,3.492611297848283,-1.0049420118487127,0.2132245252435293,-2.0392674609487247,-1.7061209019363441,-1.6600827070021111,-0.6689740879375318,0.2581265340475624,0.19274204453052285,-1.7569342716127354,13.405544150181933,7.893986250074016,2.625393605860854,2.7498116637216503,2.4990859873715445,2.162364523685092,1.7379166879150711,1.4602354994487994,1.6736805087324467,1.8427676579485863,1.2028142931622685,1.2532233393015852,1.3253126398614101,0.010080308168374135,0.011049013931521636,0.08933701983627204,1129.1262105025683,1250.938882292104,916.4829974811083,109.04985866899402,30.66696762108825,0.9548872180451128,0.46,1,0.07721551736462404,0.05102402017766931,0.17818307276565706,0.6434094238901102,0.18701437463614506,0.05042895378936686,2.0,0.9243144380730829,1.8920052770450164,5.372919736187843,1.283130416254261,7.696980128265783,0.7604248275291781,1
c700,-23.964755861193076,13.188208587113317,-0.5409120107452019,0.9940723117990502,-2.7391714302535095,-1.6689701549406646,-1.9391399454022407,-1.0703040421382028,-1.0112230350101081,0.3588962989077019,-0.6011053177969241,-1.3600080508153172,-1.286866032516655,13.026619040926365,6.80671618039312,3.794627879581164,2.768257117339858,2.375044331078989,2.4717408820537066,2.03588488869089,1.9220383856013337,1.6131637242633055,1.4173403425531026,1.542455343090391,1.530953989567375,1.2073773852502565,0.03756778761776634,0.03721986349330521,0.09405502204030226,1265.6702145960262,1332.559222958909,1029.6756926952141,188.3673527926524,51.51167633520838,0.9548872180451128,0.135,1,0.16936605426319495,0.0857517934211578,0.32892421724183674,0.9340482694953413,0.23927995141619754,0.1155571697845723,4.0,-4.460351642138425,4.639063269100567,5.597349817479784,3.770651714385108,0.7700775268362655,1.2721759282924083,1
c701,-35.40692592366536,16.077390750499543,1.3246484247266122,3.301036268167857,-0.36743211280705346,-0.07573556483831315,-0.9267514389759075,-1.2537214538783905,-0.22605629398332663,-0.8248075626959085,0.6945860450640795,0.8397733820166066,-1.1207090348305768,10.420961928201468,8.771780407811644,4.3411565772369505,2.8396072306101074,2.0995761840465597,2.507856519528543,2.2047578438305093,1.7018667439462214,1.5680680870999695,1.6281041520544393,1.2520751309904905,1.414204753107989,1.2758946783688787,0.017730367562980458,0.016937945100402727,0.08755362484256926,1128.3025168841336,1212.5978707974289,902.1764798488665,208.1788506115702,140.78335498652638,0.9135338345864661,0.2325,4,0.11999100357412296,0.07299099881449145,0.2534155852548568,0.6320238959867966,0.18850063397539613,0.05146096251186104,4.0,10.004873536795223,1.0346796464478014,-1.4149127181541832,1.6482316146280218,9.823285518437764,0.9320444765776057,4
c702,-23.2265778510325,11.28593168495936,2.242807581253767,2.170809749665182,0.7345022234702099,-2.316645985941541,-1.1834989080316778,0.4315617511664679,-1.51830746623193,1.0233001134655366,-1.3112419226368481,0.004919931686794563,-1.6908174547278194,30.4784727444278,7.168371675764488,2.752336086536272,3.4869509626025117,2.2453746424817074,2.9478701738023387,1.6066283279668057,1.6757816229654963,1.8604995583993982,1.7595866012304633,1.5061532981190364,1.3299197401009013,1.3233913409930145,0.04390667479511706,0.03579685613776866,0.09908709087743732,1421.498211896142,1571.8038467398098,1152.9796511627908,118.32776220888285,48.58426985529409,0.9333333333333333,0.08839779005524862,1,0.17799619392288,0.11330952905643343,0.3667665845924088,1.385570798667673,0.2874025945050503,0.04150566338250699,2.0,17.182467373171967,1.81519919784179,-10.313768527873197,2.1594002258540645,-11.389976660780114,2.3763732617458544,1
c703,-29.57382598174778,14.210194408800897,-0.9709232944541583,2.8287880016836513,-2.2759976137957274,-1.4895231110356442,-0.6750094326196946,-0.762135290313543,-0.1392069285145201,0.62709323351917,-0.4129573293903897,-0.3513568420987317,-1.8109268455642824,27.600516347693347,9.411922764183453,4.349487379767673,3.228976086456646,2.034244686515324,2.3187747075225116,1.969759939156407,1.5173897657843671,1.6077310151876316,1.4824198498690357,1.306050622265037,1.2596380379956207,1.43686175154726,0.02976660345294554,0.023141251016536562,0.09164546996124032,1224.1816235767506,1196.3880761743703,1039.6505376344087,122.66619686801576,66.92325064542152,0.9384615384615385,0.1282051282051282,1,0.13115418958281538,0.07424892781595936,0.2595639717256245,0.7348918247076032,0.19649491304349054,0.03453454087964061,3.0,-18.970472606623584,2.5792754440002317,6.356286347661905,1.0888577861293427,3.590656699308012,2.3356420207408095,1
c704,-28.200645323639822,15.842153767639541,-2.5106583648986387,2.517566162269527,-2.884720336152619,-3.433289576805001,-1.7955625866949039,-1.3783819112965052,-1.6563265221498225,-0.23368601217337415,-1.6935933620446506,-1.6120016844965588,-0.8843173848875382,9.102410833041088,6.929491451143978,5.067422112615991,3.5760504899749113,2.2287462830233715,2.9134106734651186,2.297499123649472,1.5867141014132635,1.9212436518658478,1.6010220607569803,1.4574680028047196,1.35169702684598,1.2124881833480983,0.027519407611806653,0.02136084348514223,0.0939074307304786,1167.9422842286692,1132.1136553961833,984.9653652392947,152.17311527120495,61.3036839485778,0.9849624060150376,0.115,1,0.1611545293172385,0.06352733601249562,0.30386670921724224,0.7211943069810922,0.15924239603740392,0.03714464529413605,2.0,-0.12161817412945088,5.231684566509033,6.477123415346078,0.9702338862815241,0.21049434683885143,1.6388876745958403,1
c705,-34.75191382713917,11.045972080042349,-4.786197721463969,5.787975488778662,-1.0860687200311676,-0.8233285974012904,0.9432962828818251,-0.46544443259666723,-0.25826528305018664,1.3750061957911515,-0.518545686005835,-0.4558030032339205,-1.1767797143876542,17.77022356779819,6.449557933191551,6.108519704018758,3.6988916472798588,2.523045665147892,2.6596682840073456,2.285291308026567,1.748168407806075,1.8320793196041558,1.8606882832679579,1.1591973768779311,1.3901602030729643,1.2805711279561076,0.01266623694018249,0.012181084526765426,0.12392638781055901,1567.406469315396,1331.9028912875833,1666.9254658385094,168.1477690450777,119.55962199028453,0.9444444444444444,0.36419753086419754,1,0.24622891997549237,0.07957404181996412,0.32638313776413436,1.0081589486873717,0.2640330369309462,0.09516944636768128,2.0,-3.247413397244978,6.043059160192923,0.5882006028605024,1.772292482204909,10.22841499200147,2.664768585272465,1
c706,-35.57319879321568,14.450988312385048,1.415914399472463,2.2354509116083974,-2.281340751587016,-1.496826512240772,-1.7758543738077646,-0.7336165836801289,-1.3543936260135032,-0.3982409505408704,0.3662214674277039,-0.708606368697262,-1.61237232547763,10.937830326327369,8.945259182501022,3.1243292301786965,4.039758322764032,2.295155380977137,2.329135854790354,1.628528837767982,1.5400885633837733,1.687378291156648,1.5957603017711188,1.3928694813439186,1.3507012664273976,1.1856117883448927,0.013859538842796221,0.010230871084505998,0.1062165459697733,1284.0557636660953,1275.1425463003525,1157.1945843828714,110.71157425950842,43.21001611949262,0.9849624060150376,0.29,1,0.17470871660105725,0.08761788300909994,0.3582168893415173,0.7907603151038533,0.24740067515540956,0.11747331921244862,5.0,19.91635174087996,11.306527179918328,13.542944364397199,2.3757364123974245,2.510090703691161,5.035617663854968,1
c707,-27.660836439253593,13.493733970368124,3.1379157680571943,1.6925540224609954,-0.8673023304804232,-0.6989464528991289,-2.4086624236632743,-0.4445371378713622,0.5154024287331268,0.5487328783016227,-0.23911505253028112,0.5026685160615462,-1.8118347567464597,8.908125392094213,9.000531974695246,2.7605781599938948,2.9310611432026206,1.875288647217782,1.914487685241097,1.8109888668709726,1.5971805421131533,1.6725823936330606,1.3272153286041881,1.195494832019036,1.2054175113962382,1.264798611831664,0.021433485197292084,0.013205305038455552,0.11611992285894207,1320.9357715215845,1335.8335228762235,1224.5749370277078,122.17778811657882,106.16274085993207,0.9849624060150376,0.155,1,0.12607905623224772,0.06081723140812345,0.272194800142626,0.7004890432900007,0.17175329157213529,0.054433442735009795,4.0,0.1380512352903729,6.87482556988226,11.723978873372705,0.9191704335466958,-0.32551169581198136,1.8302441681383217,1
c708,-35.57319879321568,14.450988312385048,1.415914399472463,2.2354509116083974,-2.281340751587016,-1.496826512240772,-1.7758543738077646,-0.7336165836801289,-1.3543936260135032,-0.3982409505408704,0.3662214674277039,-0.708606368697262,-1.61237232547763,10.937830326327369,8.945259182501022,3.1243292301786965,4.039758322764032,2.295155380977137,2.329135854790354,1.628528837767982,1.5400885633837733,1.687378291156648,1.5957603017711188,1.3928694813439186,1.3507012664273976,1.1856117883448927,0.013859538842796221,0.010230871084505998,0.1062165459697733,1284.0557636660953,1275.1425463003525,1157.1945843828714,110.71157425950842,43.21001611949262,0.9849624060150376,0.29,1,0.21630367274097625,0.08630535402619734,0.32494024498650625,0.8662644252573685,0.2957149660969806,0.06071747298351814,2.0,10.2441741275404,3.9869925207309422,5.6972039399907795,1.83982082811366,2.414288554007571,2.3493987517528727,1
c709,-32.56560778336435,12.763900549613844,-4.253344767901776,3.3884291009058143,-1.0558146596882512,-2.515131883601152,-1.9204676247366654,-2.300002183562182,-0.4815700224169617,0.3821475387648417,-0.7325840941173535,0.3003604544216716,-1.2459908386939158,13.734330519700586,6.422677928373797,5.011976795841175,3.289478009156129,2.3762266416597115,2.2138729094122813,1.5290318934230416,1.6543921367044585,1.3687374943534192,1.2620208322121231,1.1595385606679474,1.2610003785639772,1.3637436716443905,0.01292962488402579,0.010399358121337382,0.11228254880352645,1492.0975061161525,1405.9242935174186,1421.9143576826195,123.30496561451908,21.92391800510183,0.9022556390977443,0.35,1,0.15347930138402455,0.07041173298244609,0.2890852666577281,0.9888274137212293,0.2215117244567414,0.058250042717155066,3.0,15.75367574649893,13.029749274567742,7.951688086172978,2.269071621825168,3.6850819391523197,3.8408267666381457,1
c710,-24.593862999612732,15.34329181012233,-1.762813916267836,1.0440867851136033,-3.681699533625827,-3.310461712169572,-0.8412952181919735,-1.3393047851627284,-0.596558178189772,0.39963722766833953,-1.7164715949356169,-1.243184627030474,-1.5700097874615526,17.59207910232082,5.456867570383346,5.0133087331795885,2.9172643701303556,2.7203645305018367,3.113151870162688,1.8265224809793743,1.9775692908890457,1.7036445595790581,1.2178405971634285,1.3983211148274735,1.2770160952151215,1.0411321493307917,0.047863943537054324,0.0443645662676544,0.08458949937027707,1109.6330217579844,1197.2249879231056,889.4049118387909,180.07479177555388,65.33242348245982,0.9323308270676691,0.14,1,0.16818017911189886,0.0678220867034692,0.2618824823174766,0.7302607731938661,0.27503413021930123,0.060229520431948375,2.0,-2.6722812472573243,2.790611723387624,1.354715202730682,5.1128904484463815,-7.428823689144883,1.0958809142207484,1
c711,-31.93539010022473,9.745669308405327,-2.0596045433657713,2.2200264489157178,-2.905693427681604,-2.171024667554462,-2.690781600478008,-1.4417605781505982,-0.5956284227508178,-1.0592381141124347,-0.49263541622874274,-0.8034700223105984,-1.3250809624799578,14.643570804298784,8.000971756376366,4.8804596283577935,3.357802289209484,2.4444675536035647,2.6277004143345124,1.9648240230713774,1.975703566762014,1.8865563891070878,1.6361931571988555,1.2902225272618972,1.2543421515658133,1.1020322460395047,0.014009799130275617,0.011794990794950187,0.15583182462216624,1727.3294001058746,1408.8327754612956,1739.2159949622167,118.44635128899307,38.733761900222,0.9436090225563909,0.3025,2,0.18509543845416573,0.08907766537816919,0.34320716057816913,0.837658177560323,0.16039904543431283,0.043829040493001424,2.0,10.392080693162518,2.797180401092335,9.999013122096372,1.5403439915125352,11.150739014789076,1.9927732285409236,2
c712,-28.70680996595436,16.21833012539806,-5.28063203927862,3.6930420987210404,-1.8435778507790168,-1.6039946475906495,-1.2491089134942974,-1.5335164343284786,1.3350798776061896,-0.4260153685683906,-0.34009220026411224,-0.0037437916454461273,-1.5467975632068016,14.96047636290408,7.692761077524504,6.098980487906795,3.814765582461803,2.6130453026832297,2.46579210667686,2.3031337435939863,2.271988866644286,2.0002320705279186,1.7652976012268584,1.5625308611792412,1.482043813914602,1.4253878957849893,0.06183393484812956,0.12900016221446056,0.10061941964285714,1267.732113815014,1167.8708721169892,1193.75,174.64786364528706,135.99379938148448,0.9658119658119658,0.1534090909090909,1,0.2235868532373714,0.10230393037864217,0.3963309402374231,0.9154888827534196,0.20728203790803432,0.10824878983869163,3.0,-8.075240937638421,3.4733162038256875,6.121525120355517,4.286610394728398,6.681867726774758,1.143901239871985,1
c713,-34.30331523224399,14.98118160996573,-4.305472536021323,3.3473649482779395,-1.734412669229863,-0.29506754792674006,-2.000571084358689,-0.43177732856228407,0.11645610236333982,-1.179369993132479,-0.06698903041405281,0.11792124515970331,-1.673559786467242,9.537773987693683,7.799190165212537,4.590160982331736,3.4192450203076805,2.6342147418424267,2.360738885078592,2.0074605747583383,2.0316873565365023,1.4406340472540826,1.733460085489655,1.43568647163365,1.421970962102972,1.400931346549644,0.012398581805098426,0.0105721940652315,0.11450871772670025,1319.3811560316535,1216.3914871489865,1273.1816750629723,210.29009565586108,129.92016237486627,0.9436090225563909,0.32,2,0.16787616588184062,0.06195650486080931,0.2870642149359955,0.6234612883261711,0.1476526457514462,0.024707574645721576,2.0,0.0986196961050485,3.4912561357802643,2.312191728148025,1.5523745450268236,1.5302908123913679,1.9542844460919526,2
c714,-30.28173905210334,11.950048776400541,2.854797181507541,1.2791306514059626,-0.12646606165280141,-0.7718776052820528,-2.2744281551428975,-0.031470202165031574,-0.8359612629034224,0.7593444635421647,-0.9436903897040838,-0.7246803113477956,-1.7852037401278373,13.109918730184571,8.617926653278035,3.301018470523046,3.0937706961913087,2.363664815943262,2.273155234412757,2.019389142840727,1.653950482313063,1.7006784337562573,1.4668695291967935,1.4929340049436373,1.2879395719310132,1.4273819954697835,0.02051123658218535,0.015750042417732472,0.11731541246851386,1406.4818619868618,1435.3885655401325,1305.6517632241814,157.02998765287595,103.16811033145586,0.9398496240601504,0.225,1,0.19913933768708592,0.10967020539294962,0.3667420928003756,0.994603937301863,0.24286966032144522,0.07618515933791613,2.0,4.742299280291473,3.9698132592375077,3.6659404067806127,4.057429654968585,1.7369357536594257,1.9302201085477073,1
c715,-23.33482501821515,14.08916278163648,-0.6283296864355272,-0.8719727787473299,-3.869869914130148,-3.222857103166906,-4.88203084766026,-1.370980291662849,-2.957287695014498,-0.4607146915378446,-0.12937655867679637,-1.4347254039539066,-1.4155063410519562,10.460561090952696,6.270417301204967,3.746375217061586,2.9933113634892416,2.0832184395548032,1.7713702624725034,2.1694695613345862,1.7143162823033575,1.8833234198662896,1.5336492879609411,1.5808767303523965,1.4405835922121302,1.4524589168943793,0.0629278210436462,0.05426675795571085,0.08292171756926953,1062.1506916032672,1180.9750283092465,820.6076826196473,207.2751372330394,8.584719988376923,0.9849624060150376,0.04,1,0.14642482991360253,0.09558896602058643,0.30890958839419785,0.8523841913300528,0.34365172955041506,0.052284548817775174,1.0,7.155415952680821,5.243565323378024,5.40311711309123,4.64065270193412,4.418538005678438,1.141711161934657,1
c716,-29.59104098262237,11.447466609504954,-6.9562938251574264,2.580622713956407,-4.579066337168393,-1.0387223902593634,-1.4696353744908988,-1.2562386061487976,0.45046473590899605,-2.1052666773431277,-0.09217287752212247,-0.3126852943754983,-0.48573491713610034,11.514426639729463,5.333998404940254,4.753069161896818,3.0915578471712544,3.151642399169278,1.7469259114087716,1.4825814833294821,1.5270539392918379,1.7813050201031142,1.5948034976933616,1.4179580414819746,1.0390301879028825,1.0220158867322071,0.013805922271348756,0.011383974947121765,0.13206962374055414,1609.8745898216926,1383.0333886738958,1585.7210327455919,182.9728567850756,22.99975503409562,0.9774436090225563,0.32,1,0.20273066950087582,0.09157343672624818,0.33849905243868744,0.7851779746830228,0.2966052651482395,0.04276881920081636,2.0,-3.516230021068216,4.094067941175466,-7.099365436395988,2.3950048558833186,4.566883734446858,3.1274667239575957,1
c717,-17.137989040955826,8.149833146561242,0.04851033604242549,-0.11630962648851759,-4.141901482595859,-1.4591126355507624,-1.7057918881195009,-0.28343257031270513,-0.8303785852083384,1.1066515092471947,-1.0424185890691968,-1.5399179004407022,-0.9015784906748212,30.532506474586786,7.226721673311724,4.69991146579504,4.12179601557448,2.6531675806782644,2.019818342554565,1.9402358148681387,1.8125687117707012,1.6095046064504546,1.6015671655182038,1.4320719212199617,1.478263642022197,1.2605337991082717,0.0679901423773316,0.047243946451961824,0.1509734947643979,1853.0280427244772,1582.9491796029176,1784.4856948228883,198.0629768946846,25.881968272566446,0.921875,0.09375,1,0.1785518255825682,0.06614614178419184,0.2902757758600964,0.7617354094457014,0.2210202218778631,0.10433552934752084,1.0,8.32092975466145,2.1026017805915145,2.6625760116116917,2.8870986401074883,9.531243593541577,1.2152529794029474,1
c718,-34.409700938040764,15.059926670042872,0.5760568607167185,3.0174788021457855,-1.1168109999269016,-0.484431913707199,-0.5349560558267945,-0.19196149470132887,0.012386986342473373,-0.16147592947229952,-1.154269238850122,-0.9980472340279567,-1.779284965874344,14.69244356019485,10.699260458606833,3.9151429590010687,3.2884965952175627,2.025485893109826,2.610944322473734,1.6317468081361934,1.4837413794111365,1.5693335738812644,1.2777402685511643,1.2140046220598943,1.576369490290017,1.2688745453380745,0.021739388305594003,0.01644882463738061,0.104853786209068,1247.3117731931452,1204.3756447855128,1101.7002518891688,116.4113700059015,59.08407453417279,0.9398496240601504,0.215,1,0.12884375688279912,0.07740633348584337,0.2515590927066732,0.7219281669507656,0.20760585088779923,0.12432867239930152,3.0,-24.491367555032422,12.145251368085209,13.014505063191304,1.957271299345073,0.410225219191136,3.5782674374522685,1
c719,-25.90518019117889,11.149741324615656,0.5112709130549894,3.5714957354813657,-0.22006398453755516,-1.750352699068541,-0.7430739233000485,-0.004778160450930914,-1.1494710862640147,0.7549504704186316,-0.7448835658911883,-0.06361846042043792,-0.6737448562938194,13.60140220577577,6.15592562793276,4.55789458415724,3.2136044058184927,2.1076514394761223,2.5069930430504077,2.339672870891211,1.8337052978588055,2.057090795398195,1.3267989967756935,1.827555056368261,1.5618117238314924,1.6970169228946745,0.03290703495346241,0.02806921431326383,0.08351208280856423,1300.999106777363,1463.417916150207,950.9603274559194,244.30043886453797,94.8720826536083,0.9473684210526315,0.105,1,0.26149570755128726,0.08997959243226576,0.42791971251062444,0.8753424291927824,0.15646383166102978,0.04394631962645441,4.0,5.083499406529189,4.7955225671921715,-1.576448686627936,2.1261095412690807,-2.059293734315676,2.0090453110900377,1
c720,-29.699566554318675,19.446555837090525,0.985853143143538,3.1928580187142734,-4.245517380630568,-1.408716033306838,-0.39493186189114926,-2.453655927700494,-1.108841715895376,0.10272363252461582,-0.03297470160539207,-0.8632120044607441,-2.0484058476031533,21.558743732435527,7.407350882121408,3.636011953210049,2.8027364133494017,2.5573903256651667,2.177884826800365,2.0045056404834485,1.5919679912629563,1.4645952992817615,1.3576401194420196,1.1341530672912616,1.3148194986167248,1.3277976384279782,0.04275230185933849,0.04210440228852656,0.06489589892947104,868.5217975828035,1009.476983349343,705.9622762148338,115.27072097388228,60.8792916803624,0.9022556390977443,0.08542713567839195,1,0.11949131918981239,0.07577668013005073,0.2700813029765223,0.9417957168139021,0.31499837461882807,0.05597602060310159,2.0,12.491139150567731,4.846887781587195,9.467169544900168,1.153375660283852,7.575540676767376,4.314619762223792,1
c721,-18.954789557119074,10.846459548180992,0.6484209740381056,3.696878846158642,-2.919246550239788,-2.1392236910460256,-1.8250005610938802,-1.5522536949067185,-1.5322186382178027,0.178335244367511,-0.8117405997122858,-0.6180806715020887,-1.6870911848613184,10.735103701760837,6.382365593273602,3.417551365706532,3.940364123756759,2.5378329055639335,2.795391557345593,1.7325259449151622,1.3260833898435045,1.460860391914181,1.594956826383491,1.1828021345721453,1.4167561068239423,1.275261537030556,0.03521607304189852,0.026492014515129506,0.10462255982367759,1435.396617821019,1445.2633456722267,1042.742443324937,118.33699171021694,30.260768299808458,0.9699248120300752,0.07,1,0.1375199966481547,0.06449140532513077,0.23116846124334994,0.7240327089904837,0.2862411531935683,0.03010573196346854,1.0,-7.157866188638285,3.3503157867378692,7.632324677401602,2.3148262650840525,15.14215546011053,1.5223861097069862,1
c722,-29.33640235200349,12.398408744678342,-4.543334007243186,0.3323313619226317,-4.3886820884601,-0.7558537374759333,-1.0438527100861796,-1.2276016056500667,-0.06351432158564035,-1.6010783961899522,0.6504444039547641,-2.4535137991977187,-0.5131269471448405,12.844367618247807,6.799921884664877,5.043174427716983,3.8029044589285497,2.8891373166443586,2.8800355604435053,2.002714543809487,2.0421176272852977,2.008472840753804,1.7889105666380571,1.7273899707086413,1.7516328258486342,1.1005449063245807,0.0243968446180734,0.025599664213649717,0.1311053605163728,1495.502681210528,1334.6529580940785,1569.741813602015,176.0340515711848,49.29138012574725,0.9548872180451128,0.28,1,0.30937122872719075,0.1203895458340594,0.5293313776137409,1.448407793033789,0.36438902965077735,0.0815783636277489,3.0,18.52049365321713,7.019809350822445,-0.26406611627251253,2.857236936673096,-4.099998014230823,2.1350808203761065,1
c723,-26.46011765260282,17.399912672477353,0.47217813283111254,3.334898616803451,-1.439736896349092,-0.6920398297387709,-1.6536231909346366,-2.1701200539290126,-0.6639792037073895,0.9673805908355614,-1.7460912022627921,-0.35615179818340265,-0.7452251329167786,34.557338318464424,7.029414991301157,3.3887740687439134,2.846592237275791,2.3701121209545217,2.3796074944475016,2.155442440005547,2.146684841692378,1.4071718192151184,1.6885811885365614,1.5834109331688921,1.4849999095551165,1.2152602043863463,0.07378539130451336,0.05288811843778074,0.053181411784741145,840.1490751716757,1074.9850075427996,596.820809248555,134.6862465120941,46.08968565083816,0.926829268292683,0.09782608695652174,1,0.23243246941537235,0.09084985684453269,0.4749554323065426,1.1021991420835642,0.23024948295324035,0.09908550694962362,2.0,25.68954801422457,1.9702138780507743,5.12442793792363,2.764179143323306,-6.7290292944354855,3.564812005569957,1
c724,-21.661903507096195,12.194399041470433,1.0003402941722235,2.7206577867910346,-0.6587309271050873,-0.8827199189640856,-1.5962139294874602,-0.42902944277945865,-0.8553439755614236,-0.520355622842081,-0.32428095287261266,-0.1904990461909133,-1.8824863737039381,14.820714010085368,7.173539489070183,3.0924703487813296,3.101994544620847,2.5835870536365477,2.6597860178245187,2.120844557021951,1.9586115054464772,1.915985912792971,1.6831613042686944,1.298246555071569,1.3551796164412118,1.449158834002653,0.04094308998194236,0.03324711569282863,0.09456667191435768,1323.516437402642,1400.1279788072811,1004.4867758186398,137.6113544304659,86.851315111281,0.9849624060150376,0.135,1,0.1396012897565051,0.08280010499730096,0.2713118901268045,0.950671624405381,0.32869390711932717,0.02663244020077313,0.0,-4.692497380979059,2.989758075960344,1.4391404141601578,2.9565410934070027,-6.230337122119785,3.548244441295508,1
c725,-29.410542019812887,10.74277159103539,-4.246018853116116,5.571720333273081,-0.8777793714168994,-0.9665753747661284,1.0912447017843239,-0.5274725365944665,-0.10869100902975282,1.1005276907750787,-0.34905351247387884,-0.4838446181740746,-0.9559162851116448,23.54800453744748,6.369211128092457,6.099371073606436,3.658214960654994,2.4833230223957905,2.700342987366901,2.2246263291044737,1.7656183278361288,1.8171479654761455,1.8678743371860163,1.1248895497716247,1.4260309136291638,1.3028631947500775,0.02374353256492824,0.024370101450667318,0.12064780527456648,1569.7937876361027,1369.4850173965924,1613.5537790697674,169.22925342103184,125.02101806265132,0.9224137931034483,0.28160919540229884,1,0.1402806393136881,0.13627172375845836,0.4232806326002967,1.229979537319452,0.25133228541181113,0.051564600140148,2.0,22.64094686885824,5.822927622150143,3.7005286370021047,1.9874780102829093,-8.856749413697447,2.564598904354887,1
c726,-29.86636148117424,9.18976161113638,0.09572897760053822,-0.7255844183040638,-0.13169600323039715,-1.2708175120900393,-0.7479290307658817,-0.3458352932979621,-1.6210944820090727,-0.4939710002692695,-1.5343756883667083,-0.30857461930001134,-1.5251584603120993,10.457858019989333,7.226428529856008,3.6523631871706383,3.343845971195547,2.3618155870164834,3.012329764106293,2.139512395392969,1.7223866617542947,1.7626983051550185,1.5443686913395953,1.6993223024262578,1.287888822669948,1.3620852769075702,0.014220851043367384,0.010638756614086076,0.15117777865239296,1753.6378212240998,1629.1767782097152,1668.3328085642318,157.67934317508173,49.28116150952995,0.9624060150375939,0.27,2,0.20385950056790358,0.08017344130227413,0.34558375182245393,0.77698494304223,0.3198068856432337,0.050949910603797985,1.5,9.412342792178025,3.7974656966422486,15.746969294582055,1.3495994545067784,11.982866733268237,1.8878978512772742,2
c727,-36.36862677153132,14.439542723343834,-1.0316825187071386,1.8131245604773794,-1.2634322632917203,-0.18185671430144296,-1.0978847459789391,0.31346897703096493,0.823434636840566,-0.4347172767176845,-0.8907536657134258,-0.648582297013303,0.046432086434134455,45.67229425808967,8.160719699342238,4.347974199065062,2.67647487423831,1.8997830418136694,2.0605329664270093,1.8012953634816053,1.7174317058346857,1.4643324217324687,1.1292945322946872,1.188669608208811,1.1919826393756539,1.181179574248612,0.04985443991295355,0.04188706838781964,0.06307010135135135,1058.713176502226,1183.7073108757793,771.6641104294479,212.04115460007645,71.17492546433216,0.8387096774193549,0.22340425531914893,1,0.26721708126172034,0.08322672526578213,0.3972468712218757,0.7753121480061198,0.21021069717268834,0.05708028335790085,2.0,-0.16185659413315467,4.413129900583459,9.139392411195647,3.0019857794743423,9.368362800297906,1.5902976496920387,1
c728,-34.794307915867186,19.18138598428878,-4.648642031726984,2.018129677573473,-2.6712626483595177,-1.4151422020351028,-0.0890154520607821,-1.706417081343421,0.5785140670560444,0.6766097172318224,-0.3800382446050657,-0.05072872346124251,-2.2871438248938922,19.325871615141526,7.567850019652054,4.867404123394879,2.8758298209517568,2.8289923262125805,2.130950413801531,2.3687481267890074,1.8228321022512937,1.5487817099196584,1.4068069562385357,1.5130765884467046,1.3225221623582493,1.503438076821596,0.023373145158605252,0.02381110610241234,0.08153615445425604,1027.0254035847488,1007.6363532595019,917.044954944234,187.29603704635792,120.1412112775621,0.9135338345864661,0.23064070351758792,2,0.09678521109270333,0.06973247127670486,0.26604764834066985,0.841797361291053,0.22483368323508118,0.03866897687771825,1.0,-15.226087284632555,1.136314807541194,12.63838542192568,0.7933884341912119,-16.16627027794428,0.3810371622931231,2
c729,-29.03627093265446,8.598709783256645,-0.3314017123058327,-0.23478494359030952,-2.8755974559423523,-1.9799693183195757,-2.203246575221419,-0.5059653794274198,-2.079380811894357,-1.5179801407571423,-1.0183941680700772,-0.15941775689710874,-1.2185778059611463,11.375110706436919,6.867536813503924,3.5377227655257033,3.445395431854593,2.67507297539114,2.7491724314892703,2.348246864635879,1.5642253746011348,1.6656851868949691,1.6619198603281287,1.1469396838900898,1.2978008780997492,1.2853515489327454,0.017317325812265943,0.01294824305926072,0.14151054785894207,1680.1563942550608,1549.5756638905593,1531.0925692695214,195.02483260556625,48.84776836318608,0.9398496240601504,0.23,1,0.17772620731085925,0.0904337688811953,0.3510094640063908,1.0327747250231611,0.29873329700471246,0.08602836684532743,3.0,-18.566144712225476,6.381219591474457,6.11247814675512,3.2504174621727455,7.5628853001603,2.7331741388956527,1
c730,-20.3913149242749,4.561810249116126,-2.9345127851711825,1.118592893216803,-1.0828391307308245,-3.3404978821866047,-0.4571542345385367,-2.0240056815430707,-0.46688648992015863,-0.18808051719269864,0.839778616372275,0.29596624444602243,0.10535775995610881,13.022620350007234,7.606723814330719,6.887707963395758,3.7442736073173486,2.8885950357544252,2.9402378265821674,1.9379190714143588,2.150920967770494,1.9653791613143317,1.4791206158061376,1.5798292831923066,2.3254321797893076,2.513485692212475,0.0565425379984857,0.07773641677898686,0.21307757399244331,2200.051496971214,1599.922110806275,2389.719773299748,299.2069119131972,72.04184174500534,0.9473684210526315,0.085,1,0.23557876393033744,0.0812891223123387,0.36110655034332484,0.8823225226474596,0.30211309742437586,0.06651567062513107,3.0,9.540063166005552,3.2427722082970254,4.539360971824596,1.6569474428802287,6.400579762695859,5.5065387670133745,1
c731,-10.708099769833305,12.687881070045698,0.9289840667142766,1.0179195017224685,-4.7678120308180905,-2.2883267011281987,-2.5925252626470483,-1.2669843145270046,-1.788788680106853,-0.3172917858150946,-1.6478841920784746,-1.814908382144643,-1.6850914736193632,10.588961042740019,5.693205784177775,4.3223425010050285,2.848502172887848,2.181407216839849,2.2770292221220356,1.8218379561099771,1.7889355793945,1.6019260522102567,1.1683711863988053,1.3215232173920228,1.4274301612792624,1.146673324537539,0.09420887422416298,0.057292875549117765,0.0811260232997481,1248.6977458559159,1394.2929800590741,898.221032745592,194.67823549955338,25.260666378669207,0.9924812030075187,0.01,1,0.23995156163082254,0.0852064093212488,0.44017472646995637,0.8911549422240297,0.3313928957540016,0.08971488188560237,2.0,9.959859788802117,4.76397572165307,5.378756986865629,3.413741382431018,0.5153752890165435,9.471946467699007,1
c732,-37.916954530372664,13.389033232041202,2.624257938276659,4.694134674117499,1.001718074391779,0.15065267744471672,0.04978315576802149,-0.3812466704558374,-0.239394717636532,0.7608090613418736,0.10211100253876243,0.14227972392278596,-1.0563902858394634,16.444152786706592,8.384825671092552,4.765844979988021,4.305117271252844,2.7020074222436627,2.997133563821813,2.206257884598498,1.7970621778934042,1.758178597224155,1.8286460678309349,1.495224129491049,1.4802012924616017,1.4484882676419955,0.027436911281385205,0.06264336107382387,0.07277235516372796,1087.2648131365995,1250.2997213385224,759.1309823677582,249.49046363604472,144.61756845864082,0.924812030075188,0.22,1,0.12128584884579023,0.09083161009945405,0.28857210928792243,1.020589915778158,0.14695306657578772,0.06057696778090465,4.0,17.186014685002892,7.312107304782967,16.67061645521778,2.679681578621382,6.915661792730443,4.282091536172415,1
c733,-29.572691192544248,12.099876706493264,-2.6501085742557318,1.472462098790389,-1.5405801348762889,-0.9614068871507812,-0.9492530863809,-0.6945295818314896,-0.21810150768970932,-0.8963689572896926,-0.5319544549485989,-0.4909401326520871,-1.14584541104056,17.52111792586074,6.255552878166543,5.352953994552758,3.5167095786973963,2.477572467652598,2.614955445055302,2.074388793359259,1.704952916840947,1.7210062121584935,1.7011807764771838,1.511215231933162,1.4054036057306993,1.3056785286862622,0.02061741229883321,0.017217912814403064,0.1065068088790932,1401.7133090881955,1381.177680376173,1227.9596977329975,203.11941186232457,65.88877126901895,0.9398496240601504,0.21,1,0.19568818000588487,0.07566147812917973,0.35262232450304637,0.822792933382241,0.1619084026336825,0.029685967825274794,5.0,4.256858748702545,3.7732476901890677,5.444953187985834,2.8358743907454516,6.349071521574153,1.2444524459406086,1
c734,-15.641727932172143,14.094829532905058,-1.4917933600259796,0.7484865369853165,-3.066796009310211,-1.6377710266676249,-1.0183526919127146,-0.6616294752778753,-1.6241886385709021,-0.15608809245064162,-1.4743706318221614,-1.3005665512772282,-1.540671693660568,11.611428596102412,6.409297661539617,4.815235590528563,3.6805000126824035,2.1471655949809105,2.150368469812623,2.2073214343268956,1.5878498810578523,1.5086516186758672,1.477379786576169,1.3346828472124976,1.2713098727318741,1.1256981446870824,0.06570465205717223,0.0514634413490885,0.09643616183879093,1246.4722827765586,1269.7854622852967,1038.1769521410579,187.72879340902495,44.77042487809042,0.9849624060150376,0.04,1,0.29651393792528596,0.1243372277807952,0.47306944426769065,1.5167004137127433,0.3645584169724349,0.07946932954316849,3.0,18.43732712761153,7.00891779304711,-0.412332613710979,2.8486914433982027,-4.161447590069352,2.127583089580419,1
c735,-36.88059667708615,16.56264787710885,-7.285918065707751,5.9965059735017165,-1.0376255890391268,-4.199098024835202,-0.01914305275615387,-2.4841717599673685,-0.8398284244699619,-0.6501634995073904,-1.244194901521548,0.2893699253186011,-0.94216537830026,9.203521164073356,6.403087774367316,5.935321455110885,4.506558147951706,2.6446900761581165,2.2848029772731833,2.2158907480816286,1.9030637998975375,1.7804972781237942,1.6455442376894391,1.531518843797261,1.8433862844982183,1.4774665324449663,0.031719060743688285,0.07253078435051444,0.10942419710327456,1251.409321422087,1060.0296838639654,1308.8003778337531,180.75758034159267,104.9597059113258,0.9548872180451128,0.365,1,0.13378467139583414,0.06504091778779073,0.2272410948673983,0.663974781105166,0.16500980380764246,0.050601242505643,5.0,-9.200087549247783,2.036897314322167,1.2736513410472345,2.3216999332881234,7.851242890999892,0.6052730946981181,1
c736,-28.422450159003446,11.97814405163453,0.25168822692891235,3.601094614780979,-0.032250312998461775,-1.4696529318275755,-0.7298294897736924,-0.08899930987145824,-1.1509571772632592,0.842452082484642,-0.9140740106993097,-0.07319968036339553,-0.6676330417321227,15.509605603334693,6.3327285670760345,4.448769163709541,3.1633475905267723,2.197357913468373,2.571275696507919,2.308813571338738,1.8834792075097493,2.0213027832238017,1.3348007638491652,1.8757974312468675,1.5653715325061484,1.678316731123261,0.03183681885835729,0.029552749241315596,0.0751338161209068,1208.515790412076,1396.717977463211,827.3772040302267,240.15610226125386,93.66272951537263,0.9172932330827067,0.1525,2,0.19595703845659596,0.08167873355196559,0.4100187834023525,0.8012118405796751,0.12891294004920137,0.0319999726341278,3.5,-9.865901132316878,1.8391201808711912,10.078696510715691,1.707793862119324,3.6723430124776995,4.639458954794934,2
c737,-41.83361179977056,15.984724655593403,1.7764780804722617,3.126636003628089,1.0876337556996383,1.0091566889853143,-1.8563961287918525,1.8215989282846703,-0.15918511513746855,-0.18410480305288068,-0.45370964575364825,0.020492971720882564,-1.5214635684014688,22.537712916222056,6.3879598442652465,3.354613566442901,3.1545717231090507,2.7173785800259123,1.8723069276028896,1.8806684005584877,1.649951606894508,1.7391623437294659,1.4960240779738654,1.3403827410084126,1.371967318902022,1.2149823198434648,0.0174732637144495,0.016260149490637567,0.053529130651595744,879.1485283513392,1177.6766229578848,542.6747311827957,133.64665478835886,112.57422247381415,0.9126984126984127,0.24338624338624337,1,0.21499286401981021,0.09833327523635939,0.359245788335616,1.2012300792232355,0.2086720614226323,0.10088831264669704,3.0,23.04485136367661,8.163051950393303,11.040364736871018,2.5546702060593605,15.600157267516002,3.1678808723050382,1
c738,-35.8766950689732,12.613215895133077,4.022535818834958,0.43319409142389137,-2.023201879271585,1.012622983812031,-2.5579597029151144,1.3904474041610189,-0.9212715508685225,-0.1715974059325904,-0.7000169143262787,0.4395444310570262,-1.5039028679093571,12.741001186242134,10.993743691717786,3.7352456726658545,3.8435473335236003,2.8466796242718613,2.3521013150205348,1.9939389580882623,1.94000955919697,1.9247089164477682,1.3746899992732329,1.3874948876526623,1.202348756323603,1.34067347117028,0.014693037855880997,0.010588697652744825,0.1474781564861461,1537.7679011617581,1325.108704516287,1532.35201511335,130.557578043703,97.45755721989036,0.9624060150375939,0.255,1,0.15782201024884862,0.07175583828185503,0.29109870028664053,0.9008824934122478,0.17427440412067047,0.018060222428105028,0.0,-9.357099198282054,2.935458505317167,8.346666871898531,1.6465203701740572,-6.415963449845051,1.5201400917646968,1
c739,-14.71263504700772,13.196927032660254,0.6170249407539988,1.4205028435878813,-1.735396783292339,-1.3140293631278643,-2.311378931400493,0.07927078587364716,-0.5500356990579317,0.7528094893658592,-0.2792062640192945,-0.20405602711972082,-1.7953394190215142,10.817603801830208,7.774081219254828,3.9482894991775215,2.7869393436581062,2.1998513536705024,2.466694926184957,2.0160082587348027,1.8265011186293094,1.6696248487611163,1.5774165060730354,1.1403134647836688,1.290321399105577,1.3016116022211601,0.05384517458075751,0.03798932628217783,0.11490229455289672,1375.5241686268344,1344.5874240037374,1232.6039042821158,160.69644905669884,117.32699548702602,0.9699248120300752,0.02,2,0.13278957510360756,0.0896381149751075,0.30275639232065743,1.1273907261425329,0.3147005183510161,0.06578914523629617,3.0,15.963746455961157,4.949781832198571,12.982750146396256,1.7390616829676173,-1.1450407316190523,3.8259420137676714,2
c740,-29.756754669436994,9.15945364103185,-0.9577926352412583,1.5396707423550775,-1.9109664203379175,-2.4290106446212243,-2.97845683566063,-0.533071511672506,0.6581834058836349,-0.8471417287274233,0.15214291851391035,0.6212793567099176,-1.3951137603064447,32.05121841895268,7.3154053950519975,4.926606330239134,4.046976176972718,2.23212752042786,3.0341652196822464,2.237070516904389,1.7652450906922028,1.8498306548805765,1.582622505236965,1.4330030867283987,1.23190105004193,1.4609369597978783,0.036616237945477824,0.034131898262881696,0.12140268934316353,1639.1573861602678,1495.4083297115462,1467.0821629213483,193.80603190254814,48.20562300775332,0.928,0.18085106382978725,1,0.23397798479064477,0.08686911752989013,0.37179281121014013,0.8887322283839039,0.29487940702627913,0.03906954538103428,2.0,-5.2073954979176085,6.255817606538711,-3.5011968325200895,4.744377839676269,2.186841887342463,5.0810872518533925,1
c741,-40.41171304565453,14.933896041149806,-2.7424315124027956,2.307705660913187,-2.522774919681206,-2.1339158810875647,-0.175711521947521,-0.26233335243309985,-0.3302134530903939,-0.6649896442310059,-0.7843607184298288,-1.1987668506137463,-1.660554276312207,14.030380090769931,9.404585936931086,6.693788315974696,4.584870811222718,3.4938742196422536,2.6454722469103484,2.1216438116220884,1.8706178345337665,1.493936142831883,1.8409501646195783,1.5355332468027738,1.4493881977960033,1.2761731271011543,0.014692983441000814,0.013847932493564481,0.12306163413098237,1385.4959427028334,1237.3136714552477,1444.1120906801007,161.9659976801662,47.23004074234048,0.9097744360902256,0.425,1,0.24311323020265305,0.06373101086546443,0.334482504246006,0.6300909365366987,0.22175314661353138,0.0952053025483057,2.0,-1.1354985421968928,1.1255512171881052,-9.38006970734258,2.3840506085030957,-4.5406833848630885,1.0904498870373296,1
c742,-26.46011765260282,17.399912672477353,0.47217813283111254,3.334898616803451,-1.439736896349092,-0.6920398297387709,-1.6536231909346366,-2.1701200539290126,-0.6639792037073895,0.9673805908355614,-1.7460912022627921,-0.35615179818340265,-0.7452251329167786,34.557338318464424,7.029414991301157,3.3887740687439134,2.846592237275791,2.3701121209545217,2.3796074944475016,2.155442440005547,2.146684841692378,1.4071718192151184,1.6885811885365614,1.5834109331688921,1.4849999095551165,1.2152602043863463,0.07378539130451336,0.05288811843778074,0.053181411784741145,840.1490751716757,1074.9850075427996,596.820809248555,134.6862465120941,46.08968565083816,0.926829268292683,0.09782608695652174,1,0.286724149261714,0.07564761754260398,0.3884931999717327,0.6667079407044801,0.2559601817449831,0.03915209048842673,2.0,-10.368922301493045,3.060573191127103,2.1024169917675746,4.809653153110625,-22.111463873025887,3.456038840069859,1
c743,-29.699566554318675,19.446555837090525,0.985853143143538,3.1928580187142734,-4.245517380630568,-1.408716033306838,-0.39493186189114926,-2.453655927700494,-1.108841715895376,0.10272363252461582,-0.03297470160539207,-0.8632120044607441,-2.0484058476031533,21.558743732435527,7.407350882121408,3.636011953210049,2.8027364133494017,2.5573903256651667,2.177884826800365,2.0045056404834485,1.5919679912629563,1.4645952992817615,1.3576401194420196,1.1341530672912616,1.3148194986167248,1.3277976384279782,0.04275230185933849,0.04210440228852656,0.06489589892947104,868.5217975828035,1009.476983349343,705.9622762148338,115.27072097388228,60.8792916803624,0.9022556390977443,0.08542713567839195,1,0.10836483054155382,0.06945207425800098,0.24375352044047754,0.8756053650375596,0.28108061076200724,0.04469050290409408,3.0,0.3597316889026497,1.1622115936395072,-2.4126809232553406,1.4180301368217163,-15.821076781770934,1.7119839688388672,1
c744,-23.977584359088397,14.54757820169155,-2.436806339341073,0.7101140026934442,-2.2551389411896126,-1.1120531494235846,-2.4631826668701176,-1.4049540057025514,-1.3354849649396427,-0.3507509313459726,-0.05298821812809471,-1.3431507790591037,-1.2588932583070143,13.184234048518517,6.775295859205975,4.751651171113382,3.8017486850778037,2.4773107448750817,2.3916287779046295,1.9577619136061202,1.917504137923218,1.8088128470087155,1.8602044822264407,1.4445995224911925,1.7295295223756906,1.5740181112307603,0.048480247266936,0.03346598558150398,0.07544375787153652,1084.8061266513425,1168.3757011267655,846.7674223341729,222.86149861361415,38.37160973116332,0.9548872180451128,0.10833333333333334,3,0.1582068147043584,0.08262757450786994,0.30870881524156174,1.0186421431134391,0.15192838156620728,0.0593920124010596,2.3333333333333335,1.2954617598115092,4.595683880309399,2.9913892647519833,3.533806225975177,1.5573681159532977,5.0929042179460815,3
c745,-20.34816572215159,12.230723794648599,0.5179461941990137,2.182552274242458,-2.308880008577961,-1.7054977215131772,-3.1044356214472932,-1.58948430503161,-1.6387025569016902,0.5982897111521177,-0.8578783351347922,-1.3009661607498384,-2.1248459418175494,35.306765379762254,6.70311413794022,2.907394318578926,2.208976869491503,2.2145400684600487,2.051053650869815,1.9643731344100284,1.7862053371386242,1.696815118953089,1.4486768938144092,1.1760482983927403,1.3286513307519645,1.3378164482425665,0.07541620088765617,0.058080795955075176,0.08824719005449591,1269.316398571512,1381.9761084545958,1031.9725433526012,115.76542351870481,21.032609396192388,0.9349593495934959,0.10869565217391304,1,0.1655300384031592,0.06463547846917157,0.2752767614524546,0.6545559934074224,0.3166593147272311,0.024023386893426483,1.0,-8.415629344272654,3.3090615934848784,-0.5909436575792738,1.710597653088715,16.55405478353327,2.484593350815535,1
c746,-37.7940414496068,17.746869685968342,-0.48308661943928005,3.28332345062147,-1.238768240001646,-0.33245590616800663,-1.6950684186083775,0.8887927851499235,0.3578646982320741,0.5165998578243624,0.4651004358649865,-0.5577629958986549,-1.0839375073071984,12.861333136770984,8.207974866663383,3.6442147339980355,3.4364113066177486,2.1089514201820325,2.7272005528611163,2.1542381970262254,1.7108061094318243,1.5561384969834602,1.5958237810626552,1.5650177608393934,1.471158523437754,1.3741989410146043,0.020408141940142573,0.02492951199672485,0.07273791719143577,976.9995067890418,1059.9815876602502,783.7688916876574,253.89740473231987,147.21321770276325,0.9624060150375939,0.28,1,0.1037052566978715,0.08942320685736324,0.31966721506632695,0.9399046805579333,0.1983317511960292,0.037351515335972335,1.0,-22.14853932815201,7.589453230230725,14.269147738853064,3.397857414426779,2.7472894328127797,1.7084074887539777,1
c747,-32.10152136014512,13.671403186345133,-0.4508099812667478,0.11057720591088784,-2.9779687078526926,-1.2569144595237915,-0.6839004552588942,-1.6591425532415944,-0.4101752376662585,-0.38062219094325256,1.246197099163224,-1.2605353703703979,-2.0628210891349017,31.446656203051617,5.734380154921473,3.9419084623475835,3.3345027551115543,2.880237539803264,2.205189951928521,2.2272270854382445,2.0886774184349197,1.7399272019001115,1.813253072405121,1.4089252979720142,1.3764942283207744,1.4853328981484109,0.03639847045375002,0.0314319823663911,0.06660053992146597,1124.419571979948,1307.608995304241,698.8013698630137,192.273866759928,38.443614275276886,0.9296875,0.18229166666666666,1,0.19563507479273487,0.09816047527806734,0.36632294910473184,0.9135368105315472,0.3093801375451514,0.02724470409370572,1.0,-10.57269966378415,6.559827424964119,-3.7352656902199475,4.416892439996005,-2.3168646073901624,4.799640537491105,1
c748,-43.6515419194602,14.053303310624205,2.3998426316350594,3.668107518084709,0.9843622456191604,0.15697429105506208,-1.1414329536714187,-0.23299486310875808,-0.8010768539137306,-0.38354589471894474,-1.2229700594688608,-0.5529824856384854,-1.1012915334496052,15.652010778106437,5.964459901421614,4.044932013546858,2.621091337150527,2.331965464534511,2.9224865312954895,1.9734293553553477,1.67463182883239,1.6234237091537278,1.586709899174303,1.3211480307936385,1.1180467458482903,1.0404421021546189,0.00829385142156576,0.006427417528820865,0.06580604534005038,1029.1286420354752,1306.6790659177789,636.3350125944585,114.0393117629694,81.76266479438274,0.7969924812030075,0.465,1,0.043984970827596837,0.03726482336273682,0.1313232158113917,0.344025959320521,0.1548834456494299,0.03288601535774163,3.0,-17.48150832891036,2.375101532249735,8.308429267218116,0.9491298940594477,3.1436191156491957,2.0211213266569374,1
c749,-22.805102433583357,17.736283323675234,0.802611094686808,4.903064773128144,-0.7425245331963375,-2.8724277214752196,-2.7133080174246977,-1.2852213212559986,-0.8376297803119901,1.7610646501435097,-1.312633027917208,-0.43407620079089143,-1.6257535276105408,9.334113181766483,6.82069108990058,3.819525658347203,4.017972951170159,2.055446749231473,2.910751491991641,1.9661621465880412,2.0459680457095644,1.7485688470252871,1.4976488782642694,1.5400859979043746,1.4217263382556615,1.4296935143278635,0.05899616571769246,0.06725155894215909,0.05807718041561713,835.9525581092275,1035.5265316219131,572.103274559194,120.74935810575775,81.06821445441825,0.9924812030075187,0.04,1,0.2695053647640482,0.11688969780391097,0.42612897020359597,0.9880473336750182,0.3108935392659621,0.035484618564189656,0.0,-16.829393821856158,3.8594987767711957,0.19740102803375123,1.6884755526480248,1.277379993905136,2.0319676472337576,1
c750,-29.966632625640337,10.273134979953063,-4.309204332909855,-0.038140652993989596,-2.583940919340296,-1.0399065424952527,-2.878726340159196,-0.3368515389977792,-0.2369540276763987,-0.8038436079015032,-0.23185486190364646,-1.2487667060725758,-0.4256615103900241,12.43074097726878,6.180188803697522,4.204671632744646,4.03871056505778,2.4593625088195563,2.498189440308808,2.297183020573729,1.8072773768356487,1.7812977632521192,1.7168829711145543,1.6049251807807512,1.4840603328825337,1.245049485801806,0.01508114461503424,0.011703012712791052,0.10980301479848867,1468.9833571955342,1345.0623357448749,1301.6372795969774,184.30135341641986,58.881918230201194,0.9924812030075187,0.22,1,0.22428082453412357,0.09036745967104473,0.3522548329925868,0.9750094627621977,0.24288184918142788,0.0629674526260376,5.0,12.558594572834739,5.429370470920286,0.19876791692383441,3.0489220906458545,6.133047663632818,3.3907825547287525,1
c751,-33.92863836555737,18.015430416092215,3.100305514507883,2.3113268563837077,0.009373160322197168,0.5122880360184991,-2.9505085654248715,-0.1883516853895328,0.42201807711874034,0.3203799365015412,0.15634648544860463,0.1295512365992581,-1.7871287670517257,16.43559180659536,7.5217240688441285,3.31547503219093,3.5771689021268847,3.025280383753808,2.2002983375961693,2.366197320743884,1.6612142770130514,1.5818332568484648,1.5010519925175925,1.1368022256413048,1.2937002155822417,1.4670052378415355,0.027860336160748084,0.02073880971777263,0.06733607525188917,863.0994234741481,1032.4044101405816,714.9716624685138,142.37380175510657,113.07885950282142,0.9473684210526315,0.18,1,0.23881829614722716,0.09601588725935756,0.3815520850758904,1.193598949368466,0.3077681370259095,0.05637163492509791,2.0,2.6336541567517178,1.4094807980507638,-1.3682548768404381,1.0703556306696227,-1.0867411018456563,1.1157596957456462,1
c752,-32.59263657611079,14.785464251728191,2.3628226413608187,3.679513360758914,-0.03483830701583572,0.1879368480972892,-0.5603889379249858,-1.2882701692335103,-1.4520804233605713,1.3376360102555764,-0.08828973456635213,-0.030361546304055142,-1.0914647574057863,9.680985191403476,6.995549745679123,3.356650725453275,2.4156713234493994,2.2278834542000374,2.2059898403082836,1.7471043277916791,1.8690927402083286,1.580808415674844,1.642428617893908,1.3010374874373842,1.3750203535540082,1.2937055212373247,0.02436561187531624,0.01935965054087029,0.053078754722921916,947.1116131363646,1273.0158925492337,551.1649874055415,184.36038017864604,111.73937085650975,0.9699248120300752,0.185,1,0.24914733317953527,0.07822855822089732,0.3330432338491709,0.7452126411692979,0.29878711550460507,0.08721362598708601,2.0,-9.194651479513855,17.089532248758474,2.7655717177094754,3.5318109017385795,5.393981834893614,7.301224174115187,1
c753,-21.06193906209536,3.695584818638837,1.6154664633565456,4.096537570282458,-0.43506950259219956,0.3257319718274076,-0.20246391721924104,0.5741992360013731,-0.03705803025484787,0.0033887810973237823,-0.42739027856773004,-0.19868915487156616,-0.6018923837397805,10.506671699218005,7.275920383563275,5.511512820088486,3.0035765518454336,3.0487339093207098,2.551175409322864,1.8787989773102014,2.0485481145735775,1.684830331561578,1.440560883631349,1.5265094794264704,1.3618763793648723,1.0130759686818884,0.021679048035704935,0.014243604029326427,0.19459422229219145,2357.5097438336797,1838.6066572820769,2398.142317380353,226.65498874330774,90.37376840731359,0.9699248120300752,0.11,1,0.23586824337024506,0.06552399799043042,0.31215924162910225,0.7829087823956745,0.3970571568702825,0.06275904333742326,2.0,16.74628469401003,2.296871247303124,-0.14222194474477307,2.8930800931280984,-3.3755945602831163,1.9476333769187784,1
c754,-28.444395459054103,8.623562408523489,-0.6806572747308549,-0.9607764510778171,-2.082575333446098,-0.291484936203855,-1.4056109637323158,-0.9659280724278998,-1.5952482163101247,-0.6467387507066327,-1.007177820632716,-0.6104378695785049,-0.9382490398167647,21.494581639881673,6.469388248536989,3.8180193722376643,3.3050540221761726,2.980757087271535,2.3989959625715334,2.2122902465443848,1.5975685756118747,1.76536772296022,1.3802434989877976,1.576571465590046,1.5397452239839307,1.3267703515634233,0.03815177736457996,0.07981040736687839,0.14595304628463476,1709.3853241678441,1593.2310605482107,1557.2519083969466,195.0745402408165,52.0647640938278,0.9172932330827067,0.235,1,0.20859270776148492,0.09843960934510342,0.5070174108738199,1.1509055671086554,0.17245236423534072,0.08711307771100352,3.0,-0.20369313271658257,5.8592821301704,-4.966768026384663,6.331377239652167,-6.423315104285523,2.9000364041980884,1
c755,-29.194641543574605,15.547321007864554,-0.9644235464828421,3.1532774583511576,-1.8999713532232867,-0.8667790437447311,-1.4884184825657698,-0.2837890060641781,1.1244183475848564,0.09332854416968178,-0.15464483623053013,0.05447553690261416,-1.9833196468884422,11.638712949891053,6.340746793137129,4.149088857519501,3.1724845156174184,2.183782642105094,2.0857692733790034,1.8085745212079685,1.6671400968356576,1.6631312170941088,1.49926185220621,1.2739221035439747,1.2293061857295307,1.4155282629771333,0.021104552609494957,0.01577512620164168,0.08434187395046179,1095.606921646119,1190.8551052221812,886.3087741393787,140.67920860310213,99.39832550479046,0.9398496240601504,0.1516666666666667,3,0.27506358772635364,0.09697699743935807,0.46163280676293805,1.1395856457017592,0.10119382252822214,0.0786166375854698,3.0,12.004737457418782,7.508939608971744,5.073986974076152,2.405484284282334,4.572621439713857,1.1169305488025156,3
c756,-38.83002781969428,13.901159708811267,-0.22484366082350382,3.5030845065819047,-2.9727867684451224,0.25557194183729365,-0.4876315044452867,-1.8192392764680674,-0.5217370069047942,-0.2572414153744577,-0.4058930055694226,-0.7286182939449959,-1.893864977995877,33.10893631356526,9.469063532386448,4.961949888363901,2.9156801779878663,2.2901299777971658,2.120379970934101,2.390872538495025,1.9904548950245353,1.5220173538774264,1.4585515352516676,1.2528907268377312,1.3114203978633137,1.516166546754953,0.022954341144105845,0.02187202430918798,0.1011472687007874,1322.6766138227736,1288.1612250900982,1167.4791086350974,133.71856873568703,55.842912374069485,0.9140625,0.2552083333333333,1,0.26753464573242197,0.12285094288919922,0.47074619508738674,1.554692818343857,0.23844489101432711,0.05670406129391407,3.0,25.090654278569005,2.9509085055495974,0.42508755229826745,1.7204632886511089,-5.615224892449038,2.697848741817852,1
c757,-34.393317020042964,11.784814097488107,0.9666603751461817,2.7172077392898486,-1.7993389168983374,1.8706555410688337,-0.36277357960638174,-0.6182191755067153,-0.9982640621100425,0.02228030638694458,-0.4739368760892914,-0.8460683004349633,-0.033006169300496095,18.45296558185,5.763418744991854,7.007948677914195,4.183766473828575,3.551673634418518,2.756156173517794,1.767993738021021,1.8083862746550206,2.256122849121475,1.6886746411162208,2.007124593361301,1.607619756188942,1.2045759343482176,0.02977758915089654,0.022713914513410538,0.07115869017632241,992.8023028954772,1191.982405605519,734.3356423173803,239.73427321260624,60.680967615277154,0.924812030075188,0.11,1,0.22065032531376133,0.12894465745683675,0.4610792678778657,1.0781712023721242,0.2673150734243597,0.06829942670330184,6.0,6.092643086631242,4.726835106927561,-10.011193888041955,7.752669535395856,-5.527424227144682,7.923215745965916,1
c758,-28.74245784012661,16.37838610989003,0.7673929241505019,0.8581785598312255,-1.5824528721357547,0.2898605235381339,-0.5129695056813197,0.2323573396526388,-0.05948321593902466,0.6472159473090596,0.20093461859870293,-0.7919416209750098,-0.8836210585954076,25.287882887991266,10.86933907793438,4.80110479859223,3.066955381246579,2.2169408768792502,2.423416521146651,1.841553348091278,1.8752115466767612,1.736536413707637,1.314194383269725,1.4980051469481148,1.4380685848433106,1.337741432997702,0.05053115456369249,0.053070683578920176,0.0907033426183844,1196.6573318327064,1218.059776610367,1117.7884615384614,163.33612850836704,123.8981111387433,0.9583333333333334,0.17679558011049723,1,0.18105358369343433,0.08518677759752696,0.30353336167371325,0.8106684518831714,0.23840267033200865,0.09757518227599954,3.0,29.795403814321865,4.068662496717538,5.399117373358353,1.5173843652624415,1.8241778874703427,6.663447472759454,1
c759,-33.03076165285456,16.495337844955063,-0.8215740335416923,0.691516602061556,-2.269335216152433,-0.4528002628381416,-1.380525492731459,-0.77496931211916,-0.1638187222253214,1.1669963937484487,0.9276181960232812,0.867800244330112,-2.1065712341343312,9.619950298176553,8.419888586973997,4.244149110703094,3.1060477926078893,2.416383498462078,1.7098568560848149,1.5612079177318583,1.6659822020607276,1.3247791981994224,1.395009201231795,1.221069263547336,1.1038582340647527,1.5954014673764942,0.022414526890063256,0.03547277529966844,0.1051980198019802,1174.1376121495623,1133.685768149926,1090.3465346534654,214.70984689297535,130.13729660524135,0.9852941176470589,0.27450980392156865,1,0.05655037869541556,0.04387005138950168,0.18909281829574834,0.5269804935189623,0.18628280700767857,0.03852851766590486,3.0,-12.740718802343368,1.6379779617746602,3.1887350960629783,3.7666108157220517,-1.4425799037890277,0.8428175911460046,1
c760,-34.75191382713917,11.045972080042349,-4.786197721463969,5.787975488778662,-1.0860687200311676,-0.8233285974012904,0.9432962828818251,-0.46544443259666723,-0.25826528305018664,1.3750061957911515,-0.518545686005835,-0.4558030032339205,-1.1767797143876542,17.77022356779819,6.449557933191551,6.108519704018758,3.6988916472798588,2.523045665147892,2.6596682840073456,2.285291308026567,1.748168407806075,1.8320793196041558,1.8606882832679579,1.1591973768779311,1.3901602030729643,1.2805711279561076,0.01266623694018249,0.012181084526765426,0.12392638781055901,1567.406469315396,1331.9028912875833,1666.9254658385094,168.1477690450777,119.55962199028453,0.9444444444444444,0.36419753086419754,1,0.17974024025699215,0.08405885308977126,0.3474602092130207,1.1979890007787997,0.28979644457427994,0.03441374918398428,1.0,-3.76188501964731,0.880416144178563,8.653085773808039,1.1804124364829875,2.529054064650207,0.5791291044640636,1
c761,-33.20908481251777,10.605982683633233,-0.5784151153974968,0.25190109269222677,-2.348341376664145,-0.7153536589949838,-1.898690670466768,-0.8270513408726434,-1.6136929270664886,-0.5983902610129439,-0.3695126601422566,-1.0921908190336016,-1.4605228228752485,18.462963483734196,6.632253505232901,3.8582912358323633,3.0312739952608343,2.7832744099405735,2.687002214013498,2.0982935552881217,1.9277405381312713,1.8295342424576528,1.4535177520763511,1.3221286946296815,1.483315739460608,1.260856629513202,0.01749486832663473,0.016551907857812416,0.12469497795969774,1521.6141005894915,1467.0832093001711,1272.9061712846346,158.1358842257406,30.153033969355636,0.8909774436090225,0.3025,2,0.19048362234604616,0.09969842607278928,0.35862172442701257,1.2031582206738252,0.29943146207745996,0.09214526902993453,3.0,-14.727010596781206,1.9299057395471597,-1.1085714510792322,2.5818904381007295,-5.725120566059076,2.1189763452977477,2
c762,-28.284838805803773,10.281005128771577,0.1980278257704715,2.221145550592678,0.798822196640371,0.14766417522240158,-0.2971086023136443,-1.4743358716132438,-0.12258257505008459,-0.34351606623525677,1.1863143424271814,0.5404119492393978,-1.4322064708896503,16.008637296364302,6.467996217726315,3.399157652545749,3.155437656849309,2.139507482278743,2.5357225008749458,2.3101630448674473,1.8750717147587521,1.7580109387984804,1.6954031017367943,1.3434205480379628,1.6709563167850807,1.318760713203215,0.019336698562608168,0.01427353401286485,0.10381080761964735,1411.3732004551127,1530.345688575704,1090.6801007556676,200.24802005479015,152.47168233393995,0.9323308270676691,0.18,1,0.1307369921502709,0.08717684333167641,0.34445323666087174,0.8938580802246772,0.22939215121965556,0.09866724717228949,4.0,-15.251347250946122,16.055206012951615,13.038991783256744,2.2031996547703763,-2.50980529949261,8.201518128391449,1
c763,-39.6716936944215,15.835777547037083,1.0420048601159067,3.8132426330682234,-0.11981163097246895,-0.5686701467145484,-0.7465813714858226,-0.8984192612960025,0.08359696110166988,-0.7580385275320133,0.5764200326658974,0.5778531590364306,-1.5130576126503597,13.0885054089323,9.46297646861178,4.351502049635896,3.4119589758773343,2.1751812502934533,2.462558804955482,2.2067900470237003,1.7215819458624024,1.6925024910154318,1.9538693105906502,1.3015845210015486,1.6098301318642405,1.3514790511441441,0.014216922212764138,0.015322682189523491,0.09740042506297229,1171.316620424903,1187.2736098239707,1061.2405541561714,186.8899015339388,146.1930256271721,0.9022556390977443,0.295,1,0.10252192410985322,0.06291739150361544,0.21637644480376314,0.5882048841788239,0.1960248696814711,0.06541556107079899,2.0,-14.336141891486001,8.191816361593041,7.015580878582805,1.241694310931319,1.9721114173508616,1.0061332510995633,1
c764,-27.781324475775786,8.121850308697645,-2.684795220979315,0.12337573443026208,-2.916227688450044,1.3370017506903598,-0.8859827537657661,-0.23122333327639988,-0.6954617526051299,-0.46191684784105447,-0.8013576193892153,-0.3717681567117771,-0.5184581465071776,29.7147253926593,6.639786003394635,5.46636541163243,3.6362804399536075,3.6304886565755448,2.928657417328678,2.201306412185066,1.8963365649193729,1.5332054268853947,1.4209756908396687,1.2672166028221699,1.2223011087259466,1.173346663445867,0.02378306409541085,0.02097594812221212,0.14424084365889212,1778.8040187103713,1531.3858927585381,1728.8825757575758,180.51282077259873,128.37119185736208,0.9391304347826087,0.19186046511627908,1,0.2781019648249701,0.10257159075148965,0.44767343084237526,1.1702941291290299,0.3050218631099369,0.056664136115227734,1.0,-13.64378303206132,4.038818986707813,-4.989546475452666,5.659691649047417,-4.755167410081718,1.8171479216318576,1
c765,-32.92348076009596,14.3491840529742,-1.6025495563220387,0.7419102012243738,-4.018465133300591,-1.9547997055447872,-2.1056687382857247,-1.4279902939273181,-0.03994600738392195,-0.14770285170645578,-2.057981300853216,-1.4747774782765692,-2.0192767683650343,13.35534139741364,6.349818242421862,3.3729532766761467,2.625423346131498,2.3415885464585404,2.156370769318054,1.6075257204078213,1.7044639225263465,1.466048229688339,1.3885297201464875,1.4596515699103878,1.4052477256688447,1.1191698001196964,0.0181372857606507,0.016410704753863085,0.08318246221662469,1117.603020498021,1188.3353248508517,892.1599496221662,170.3796315811376,37.81429544609942,0.9624060150375939,0.24,1,0.2511285082971888,0.09678977422336385,0.41880766860065455,0.8366211942036348,0.3299034031937985,0.02303592792246931,0.0,-22.8116567635059,1.1167952958213767,1.263921886376043,0.886439829006555,-0.3099263421943578,0.9497045301262366,1
c766,-23.406076942904587,13.540675449383425,3.1263346069804974,1.6910625221205473,-0.8495542587808655,-0.7043206510274362,-2.395437590836699,-0.4554784486819402,0.5351048156964202,0.5494486065353319,-0.24361991686724555,0.510459085811742,-1.8193648496714667,9.125342071074385,9.012848964103535,2.8062329753091846,2.9445732963856397,1.9586438213375488,1.9381150813151597,1.817590825741007,1.6033914636560571,1.685205119869969,1.3264375945847182,1.193915246739007,1.2138430326405214,1.2639407629740484,0.030261974219254528,0.018622354913267188,0.11612484256926953,1328.2184576707134,1348.8151972640208,1221.1901763224182,122.17778811657882,106.16274085993207,0.9924812030075187,0.075,1,0.15956407515804036,0.0910451174050165,0.356938602683323,0.8878097404161998,0.16099004748457918,0.04441428616089855,5.0,-10.616492102781708,1.4396033093545448,3.8388945546616515,2.4187104324874142,-2.5345701584619924,1.145496413004821,1
c767,-32.61695183893197,13.661492203285265,1.5139871878570013,0.7721185357006612,-3.1053477269847614,-1.0478376900742508,-2.2673341987149382,-0.49855147149451734,-2.833310854382338,1.1692085466227065,-0.7252732487501208,-0.3533160277860469,-1.8363332727390884,9.497994094928464,6.411332286682878,3.913001304906416,3.8684184004702713,2.6928607344455897,2.2325527620323,1.8891786058216369,1.6999457332918553,1.601430872901612,1.6766172951395562,1.2719672079969735,1.2962641510656825,1.4405926253226735,0.017248272856001137,0.014379932580844374,0.09114255352644836,1178.7678682692733,1324.8151824765466,944.8205289672544,145.20473039775388,54.765236922976044,0.9924812030075187,0.245,1,0.14180700759100837,0.07838883096434932,0.2791810053973304,0.9994951401841945,0.10771611945747246,0.0387398640139165,4.0,-5.614194833576955,2.5109690818746158,21.80252663515214,1.94291025908009,9.34839477978973,1.8605026202198591,1
c768,-30.081996023412557,10.702195296346057,2.9883303095620963,3.0878916820860782,-0.7805236297505228,-0.6806403964934684,-0.9174692511599538,-0.29909834893058934,-0.7178387487744722,-0.7593694967805934,-0.5949666223342388,-0.4226196340452851,-0.545905133242297,15.371275724569104,7.053153789876803,4.270422258935707,3.185458290045451,2.73158845695381,2.8030002995311105,2.050500465843628,2.3188622698206967,1.9011310604785745,1.864755795138327,1.4290987678050457,1.5603906160243262,1.0335322025833982,0.036379671192993276,0.0693792980021029,0.09052267002518892,1327.5570087304452,1441.6171007191735,987.6416876574307,207.81278904871112,82.99958495648539,0.8796992481203008,0.145,1,0.22883931126795787,0.10953685443711345,0.42892100768066416,1.2248479655022695,0.362843188121252,0.029735394499089494,2.0,15.885754771051714,3.503316184503479,-0.01936531686104688,3.327281815667729,0.7033161673452902,2.6748950657109565,1
c769,-28.899341208704644,9.468865531551986,2.2318195710592033,1.8001813772053006,0.3010996308090388,-0.1828010857205903,-0.031072903391624968,-1.868937431770726,-1.326306446343228,-1.08536388383265,-1.3581946368041151,-0.7735422168192195,-0.7818300970492422,30.792513239713163,6.9265946738744395,4.4968346728143045,2.857000024469611,2.0304617443559914,2.101461344903437,1.6853189023641006,2.230048140581955,1.7763837268519505,1.668958031821701,1.7114998934477907,1.3408985748928106,1.0380326586062492,0.03376887820906625,0.027695587660332973,0.10920220341823056,1576.8380284726147,1621.5489952679013,1358.5849719101125,190.17604130568546,73.28584810797996,0.88,0.18617021276595744,1,0.18336195671971217,0.09722618965470442,0.34813788954704755,1.177678629867737,0.2708624139013188,0.09243745334676705,2.0,-2.825155864114782,1.3326587380647692,-0.4987685596517,1.2809337026558016,0.8592809907472786,1.1716065910918536,1
c770,-35.23729344907485,7.503774876694107,2.070061842623184,1.475550633002708,-0.34198087082887263,1.6267086498772927,-1.8483324221839,0.9153759742819918,-0.784968760289213,-0.34228695096239825,0.3335309098155055,-0.8544298053473065,-0.915031444135453,14.046200486747225,8.40268992926341,3.574567730873971,2.935480995031505,2.7542032198677813,2.298411454755995,2.1257780428702713,1.5481549386612854,1.6218806301876754,1.4405976988860285,1.3453022182798668,1.6723048155508256,1.316746524481387,0.010846775074419853,0.012245141141141919,0.16837954581234255,1880.0221290592206,1622.9523772081411,1723.23677581864,206.71737120333182,123.23365106252436,0.9473684210526316,0.3675,2,0.15390562987753928,0.0857370646070105,0.30461110573387484,0.6926833165500905,0.19676604273433995,0.0818804235835855,1.5,-14.844549299086502,1.911406780963056,8.734232644280496,1.7952211948756458,-5.978531842566295,5.389161921367146,2
c771,-39.78295259860872,14.692641168242616,1.4523828073978116,2.965758128991278,-0.44168881019520084,-0.08732498383922414,-0.7602332685400046,-0.3870195279918436,0.3848244816487075,0.5011612677901812,-0.2638855271982172,-0.1686081670647132,-1.0172407173701363,36.217082925063146,9.017154789994311,3.212943007010501,3.1061309811625915,1.9735887152373381,2.161961428822191,1.8220505010235533,1.7697266989776013,1.287944947158783,1.3453955144942957,1.439107540577339,1.197118907246249,1.1402039174674836,0.03360405268314518,0.033254307626367864,0.07740856986899564,1060.97417283609,1189.8891070625068,924.2334905660377,181.48183823035072,137.67620349292014,0.8831168831168831,0.25,1,0.061028765171980005,0.03717798511801363,0.13617082024344662,0.44280197699090457,0.25433211515851,0.07859032019236538,2.0,3.6383737235952496,1.3443607683208563,5.977602756441731,1.4296147535815216,-2.2169675399147706,1.0648133086589795,1
c772,-34.30823244154786,14.192652597394813,0.5058737123014607,-0.4936000536930521,-2.5982342446730455,1.85796785753077,-3.0978843743866964,-0.6754153287125344,-0.9858198388275364,-0.10851694730455223,-0.10366025978391959,0.4659481439519054,-1.544399517955193,15.015246796109558,7.491131801233645,3.623265064067384,3.812419234650092,3.1402895165368685,2.0184412615193708,2.7166383067373965,1.9504427847519652,1.6871717094198153,1.6390734159946283,1.558627376722175,1.4059095341203873,1.8009715678357896,0.016929055078021813,0.014278554673190818,0.08786602644836272,1191.837683518162,1287.9169382510222,947.7329974811083,129.58610376459447,63.200607692735346,0.9398496240601504,0.31,1,0.1662867690845694,0.0830247389088156,0.2967998942670384,0.9254491464336577,0.14562163117473897,0.0833785863581391,7.0,-6.352242287383479,0.5650118953536151,1.5032106792700681,1.8727799245885248,5.425349959046496,0.6728171784390766,1
c773,-36.88059667708615,16.56264787710885,-7.285918065707751,5.9965059735017165,-1.0376255890391268,-4.199098024835202,-0.01914305275615387,-2.4841717599673685,-0.8398284244699619,-0.6501634995073904,-1.244194901521548,0.2893699253186011,-0.94216537830026,9.203521164073356,6.403087774367316,5.935321455110885,4.506558147951706,2.6446900761581165,2.2848029772731833,2.2158907480816286,1.9030637998975375,1.7804972781237942,1.6455442376894391,1.531518843797261,1.8433862844982183,1.4774665324449663,0.031719060743688285,0.07253078435051444,0.10942419710327456,1251.409321422087,1060.0296838639654,1308.8003778337531,180.75758034159267,104.9597059113258,0.9548872180451128,0.365,1,0.2156881741084951,0.11294980199629623,0.39951648637756393,1.1778663987373676,0.2229078557650082,0.07733577595292984,3.0,20.47637793735924,2.72832945177895,0.04506666599539674,2.1285513573190458,-4.6511566580587465,2.285709238212208,1
c774,-29.588941749882302,13.673424864570952,0.8101400144976639,3.5070376854916736,0.06810397866243446,0.8024922755653436,-1.2270414872366084,-1.345858339541332,0.23404021786140464,-0.9267963891776223,0.8847134090641732,0.44569493202823224,-1.4267202944134654,15.38617003305763,8.4905177945568,4.33115630883789,3.7937163070936983,2.769403492087629,2.259187526382646,2.002345597055257,1.8127828550420226,1.6862649213042327,1.929949192722374,1.2402878786163487,1.3307920135009232,1.4174519027126329,0.0250382571219305,0.025423595568674153,0.09597862877833753,1263.2638203235015,1285.646182302739,1060.7682619647355,148.13615888641607,115.14025642859526,0.9849624060150376,0.175,1,0.1099661676966978,0.06870567771367014,0.22756278229853188,0.9695072887026583,0.13319478979132313,0.09826999697044972,2.0,-15.367889561881013,2.429866058463269,8.163407981904935,1.4593043174086817,-2.088199867241833,5.533090113274815,1
c775,-22.840812409632687,14.054304303220935,0.9621061543521571,1.8220694300251437,-1.9611145417272042,-0.7076629136224537,-2.2466145478749,-1.126216783696645,0.011453693833377455,-0.06355064918747275,-0.31311105123151517,-0.1897131457098089,-1.6272857281025734,9.325432522417131,8.461636118966023,4.131467408581829,3.5216139453850044,2.2456304239242946,2.088880304131394,2.0797639302484194,1.6859752680791509,1.472904244099326,1.3986117276431125,1.245770957849994,1.0501373327945849,1.3971071571303328,0.031787435371490105,0.02407168962171999,0.11745316435768262,1354.0478344913731,1325.9675225800927,1275.2676322418138,101.18721947377708,44.12535075290339,0.981203007518797,0.11499999999999999,2,0.14489286776650992,0.06160209947948239,0.2487563233007803,0.7232143189021816,0.34349729537281787,0.009637200233516795,0.0,-0.8145144964171729,1.1748468600078028,3.025699106606268,0.830738068991594,-1.617579433464444,1.5791977268349757,2
c776,-31.6056833314248,12.167242517185295,-0.04506301176875345,1.5010280482139684,-2.0233817303634565,0.06760602353342392,-2.463856446135465,0.2088793024316657,-0.3158248786013061,0.8097662181884269,-0.0078020049828283885,-0.6211752516524511,-1.8815493948309234,11.13345715272834,6.542035227075248,4.035867614726903,3.0415769834898545,2.5491589195583058,2.585064637409711,1.9308520637352138,1.671565536153546,1.61237997771983,1.4721326988032573,1.25170865521258,1.3165304151862183,1.387652794254932,0.019323262471836015,0.0315432787753425,0.10416994647355164,1335.308303599901,1373.8294129980898,1088.8696473551638,156.82441633115147,121.67559707061278,1.0,0.3,1,0.19072466815761793,0.08939539483705009,0.3617020493509472,1.0203642338238588,0.21306869073904613,0.06001936356793264,2.0,0.4916567680820312,2.2882229234180507,13.285972470744149,1.1898095978708505,5.1682320643933926,0.9439282096278483,1
c777,-11.640768482305928,5.825915741401035,1.6423533332093423,1.473048886482139,-3.5500551267311002,-0.9824150967876304,-1.8472627327220934,0.4674249339242019,-0.4017789549653416,0.40938479823672086,-0.20781516246576634,-0.5141834419883837,-1.5769621160010316,21.34626754547553,6.521925894105388,4.747790296005327,3.461862412669344,2.9060086355169363,2.808526887241104,2.241818578952146,1.622406171212459,1.8007956544737824,1.3376891055832572,1.4867203596663934,1.3688881313575487,1.2948536902482768,0.06739074574961658,0.05199041334406383,0.16118446945843828,2050.189041842983,1765.037303680294,1762.1660305343512,207.37392567084433,74.87612088989624,0.9774436090225563,0.05,1,0.19799015584592997,0.08078021465335906,0.36524954774235746,0.9805512232728485,0.3422519740088195,0.07081126801097837,1.0,16.688155288142337,9.81462764776245,3.9105315447958593,6.652355393404973,2.3327477591567325,7.954614705332146,1
c778,-29.365526843998442,11.38318150954409,0.821662791963215,-1.9827659957995745,-3.7765242280553792,-1.7340461481788343,-1.9081757823385683,-0.1672580317950541,-0.8910349882460414,0.3976723338814371,-0.8938191313269781,-0.9147564688655393,-1.2821704766866728,13.815897495805617,8.239143046210977,3.6252896652580127,3.3318139837975,2.523890741209733,2.7123538838123973,2.2260336830703182,1.4986381092986336,1.7368743264522886,1.3444611217617755,1.4220273444422205,1.3449780670060114,1.4287543688291302,0.0254047838697541,0.021327500963254253,0.1421107525188917,1559.1862880813405,1431.2446706830879,1563.3658690176323,171.35245268262162,36.718104200773496,0.8872180451127819,0.28,1,0.3006709946731118,0.07298049441110549,0.3816979029191192,0.7132341494800702,0.26087501380563355,0.1047615661129527,4.0,12.895466506346411,7.697204122922096,0.35519809869286506,5.015099877774629,1.162803323093126,3.2110157183025927,1
c779,-35.34664024248545,9.764858322423747,0.7617690400609862,0.5373207665703196,-2.394900749820119,-0.518248375531726,-1.4684959862420373,-0.0677544239017528,0.40484099012180214,-0.6766302793577845,-0.1829658695880127,-0.18211268614426265,-0.8395862998156817,35.90535941738233,10.485818713666008,3.9132738972913006,2.963953564120346,3.0144127976115027,2.3062711109358895,2.08735936362276,1.4796015135366578,1.4053839376301265,2.102043324350021,2.0283264584435368,1.6214278730647356,1.277950574367363,0.033994051868772926,0.03162676534284399,0.12930715460526315,1669.4434881365594,1460.9608993251613,1547.84604519774,191.21768426031323,54.151073145127576,0.859375,0.20833333333333334,1,0.1923313605803756,0.07268725853321382,0.2860796185961585,0.7249761589628863,0.3044082243666442,0.07859875664972733,1.0,-6.654603863450604,1.7534266205571618,2.5886608420849844,2.376123611302881,4.889903194111906,10.682852248264863,1
c780,-26.416210091026525,18.578234892098706,2.4591422364820685,3.083464906316276,-3.107417308107296,-0.34661990349471045,0.2731478609506687,-0.8561937005998564,-0.6126699834443978,-0.25022212870153543,-1.0114470429016789,-0.6619995221064212,-0.8363217324672592,12.997145002806414,6.539378639724038,4.315287704434747,3.3210852390208525,3.1883368789659077,2.997750213588279,1.8276335974384097,2.081536212613664,2.0178554185799027,1.7730059798779372,1.7849116976050654,1.4577633374758157,1.2473397073212649,0.06206669921081096,0.061138263320276914,0.045364648929471035,718.6537274729325,982.0422120543936,462.7676322418136,176.79643935801505,87.8621052233093,0.9548872180451128,0.085,1,0.2629610943250831,0.1285271329095456,0.48061225554115966,1.205974045771269,0.2529854818881632,0.029222591986844994,0.0,5.446873506676086,5.883904722455677,-9.986666678100514,2.0829628853907134,-0.38196316255814816,1.7460132651110636,1
c781,-34.436857180257036,13.25237248296903,4.2078115676124,5.039185062406054,-0.16739787406787204,-0.15908488368564289,-1.0857161671206559,-0.7180457205092343,-0.5407383362916235,0.08178358010663637,-0.01770635921424945,0.49535419303162925,-0.6872449315339892,8.916526538626986,6.44178138530221,2.9006607922313767,3.220050436007107,2.4134105717759486,2.274341960143489,1.9595764394897546,1.5898885112025363,1.4124541815112415,1.4598816323176753,1.2061138316803706,1.3218552180997396,1.107942349272462,0.022216940192834787,0.03514872918792588,0.06432521253148614,1038.6519176187546,1341.064678061909,693.5610831234256,147.68520603187892,126.72105697992623,0.9774436090225563,0.205,1,0.19297372827084738,0.08173072153832195,0.4275695280084162,1.0240968806806234,0.2431703088882645,0.05609699461822006,1.0,18.527348537865056,4.875334029191825,6.639074593817797,2.5701295056426625,3.0944176363147506,7.924451841355846,1
c782,-34.409700938040764,15.059926670042872,0.5760568607167185,3.0174788021457855,-1.1168109999269016,-0.484431913707199,-0.5349560558267945,-0.19196149470132887,0.012386986342473373,-0.16147592947229952,-1.154269238850122,-0.9980472340279567,-1.779284965874344,14.69244356019485,10.699260458606833,3.9151429590010687,3.2884965952175627,2.025485893109826,2.610944322473734,1.6317468081361934,1.4837413794111365,1.5693335738812644,1.2777402685511643,1.2140046220598943,1.576369490290017,1.2688745453380745,0.021739388305594003,0.01644882463738061,0.104853786209068,1247.3117731931452,1204.3756447855128,1101.7002518891688,116.4113700059015,59.08407453417279,0.9398496240601504,0.215,1,0.14808003209976048,0.05434549212261835,0.2130311348542923,0.5184819021589561,0.2781706762740048,0.08346592271569854,4.0,4.575064746575352,1.0767579729972399,3.5626304555793316,1.3988241502956684,-1.5073837369728422,0.9343071642696381,1
c783,-31.868056391937117,14.770211108851024,-4.691213151176924,3.6785889853840223,-2.132727426777893,0.10908364457917094,-0.012218908949855048,-1.211863299458803,-0.10401491278726507,-0.9015595931184442,-0.719024579247087,-0.4916645909712936,-1.7209688295833296,13.237324050405446,6.808867559882351,5.602997812094818,3.312343977360698,3.26234711860209,2.30092872133405,2.4541187482874816,1.9516813627896874,1.3927123360769675,1.485322220523293,1.3085130213672076,1.3708930301208082,1.328810626727995,0.01660212150420325,0.013195976469461839,0.09423213161209068,1290.4772447403184,1231.6539346596728,1081.1555415617129,155.2374996325035,74.75826612748122,0.9624060150375939,0.24,1,0.20714265375437946,0.11789004781018614,0.4371210124886082,1.3117004702651178,0.16263294576181292,0.054555598013327274,4.0,3.405429283264508,2.550306523155016,5.186472447158897,0.9027979389548835,-10.556160397281634,1.7199028263731564,1
c784,-19.009664498859618,8.508591106632267,-0.21225584353202775,1.2764144208925956,-3.133604060041362,-3.5529463903385143,-2.5303800235390477,-0.019647746879286207,-0.996824589518552,-0.3041023928494751,-1.8044019554618762,-1.7859699107130003,-1.0156903160980635,37.05205803183826,6.804558387443811,4.433944524525766,3.588596781781328,2.32325723092261,2.608768874606494,2.0435807593982958,1.8085489846784748,1.696464705766526,1.5481974683770787,1.6081108128439858,1.5536023401167534,1.1487392960640228,0.0874060196742256,0.06333997489374739,0.11685267857142857,1648.7640435774683,1526.6906110475156,1330.2966101694915,200.20218999164413,31.55705108625792,0.9245283018867925,0.11320754716981132,1,0.29018526799571615,0.1041893702292007,0.4427195987015474,0.9953666786436858,0.13674740016342343,0.05203746231824488,4.0,-10.624964088678492,9.017694059906871,4.526399605288361,2.7316145569008143,-1.0150668106587097,2.9067796090601714,1
c785,-21.395635710086076,8.092536663707188,0.9564273289881429,1.2902090752495932,0.930947776916935,-0.8458806997903289,-2.61818333549026,-0.6480332829369229,-1.6162337108420706,0.7710892137076049,-0.29846729571284086,0.006805235609007684,-2.0553116254449897,10.594868273958758,8.377695657180476,3.559171314874216,2.9414062596349617,2.5073792258608893,2.2295532254409394,1.9356655417868176,1.5896746856512252,1.5871446315688633,1.5316832740134694,1.2982230628565359,1.0580949236491026,1.4225188059461997,0.02483489712913351,0.01759675097602584,0.15566455447103275,1800.2996940427538,1642.9267073177132,1736.382241813602,134.18983496029622,45.69550011868594,0.9849624060150376,0.13,1,0.151680797516863,0.06847397354689208,0.24700225520010335,0.8753560952063124,0.12871365287048656,0.03061683825059001,2.0,26.719872755593506,1.0696743820664478,7.420076232939582,0.8903557906601898,6.60262551313605,2.635589420475584,1
c786,-30.90081687853274,17.400437464395118,-0.29635947022280407,2.7581237223748025,-0.7521615145861836,-1.590617258639636,0.2870517737934198,-0.6472094640162478,-0.9492294973796938,0.6301369267618679,-0.2708786947549668,-0.7840869420828237,-1.344347804066534,27.759303992175454,7.953337052222946,5.339721572516998,3.0115634685945794,3.049349501862044,2.7943223085826236,2.66503128263368,1.9317322321160426,2.0137235863639327,1.7714777434651932,1.457419984736411,1.354418940395764,1.4295463172354204,0.057373426251609995,0.09279318800195373,0.061024086901763225,938.3302538034778,1077.9364976598897,693.84765625,160.01251980939517,119.23678140429041,0.9473684210526315,0.115,1,0.11849682468182265,0.06993043823916516,0.2695922109357672,0.8936539450141473,0.25292182334525143,0.06326702723265087,3.0,-3.1612405690948453,13.481827161464317,12.724935256621144,2.4117428557482254,6.182970148468417,4.1102338367639,1
c787,-27.550084204990792,11.720421075908003,2.3612514276230367,0.0016412866940760625,-0.23542261435042883,-1.8802990447538934,-3.0660021057355196,-0.8222948754254815,-1.8423067140490075,-0.36611486216879935,-1.4123118080751131,-0.7449879067700336,-0.7468896342679212,14.792330701550128,7.81450844503503,4.205625633107036,3.3829748192185396,2.4256763032663784,3.145149711297221,2.209367884203386,1.5265167119119336,1.9875963045482816,1.7577334889215224,1.716052755531278,1.516691048144854,1.193136342852095,0.030029756507780364,0.01944104439423601,0.11526881297229219,1452.398165680086,1488.7122993887085,1218.2777078085642,182.84376309479805,49.02342238910644,0.9548872180451128,0.175,1,0.15773019288928747,0.06847685693811503,0.3055636895555928,0.8641862040788078,0.31666167767392533,0.06396315780804188,2.0,4.345086931812571,7.086462658454409,1.6815239122525494,3.0920927222769006,0.6236949186428964,2.8849871189134317,1
c788,-20.23382941335487,10.6063243141384,3.0869539681471534,3.5147362402855307,-2.179546763825459,-1.8981313124217845,-0.9588728958865205,0.15161546850131588,-1.86207740403157,-1.0567575343273121,-1.3090031662334338,-1.2282805721158818,-1.4378358669178861,10.48522986571844,5.398133792072428,3.6557145882749267,3.043818022161829,2.52433836275031,2.813605882938755,2.0407190416979466,1.6336264930984392,1.7745790808910644,1.530192133077721,1.3203296075093587,1.2058113352686677,1.0922078743978183,0.04343503243376646,0.027261676485491756,0.0772099338790932,1316.0551594895537,1565.2215685029269,777.5503778337531,179.7675661602861,58.863786681728286,0.9849624060150376,0.085,1,0.251242842856682,0.09123938642725281,0.4600848492263584,0.9166723860639289,0.18175725504339588,0.07569684046375766,6.0,-11.152955359139442,2.3063556926626574,-1.6103760336915685,3.163949571291234,1.470512205013687,2.2689298584749134,1
c789,-37.33988068705095,12.615594695143875,1.3518912188771814,3.975679535546197,0.4879958547862225,0.4739666327744404,-0.9484210479246321,0.3424403387779812,0.5510069271171754,0.5313410632239656,-0.02308256951089161,0.5170644738431842,-1.258244596960927,12.321015880280765,5.972914301918641,3.1573375657131595,2.688497484957344,1.7069254519565937,2.4222937797526356,2.071845917401144,1.5515454065061711,1.4780100180974494,1.7377077102325278,1.4797533337188293,1.2314929831408006,1.3881644311834591,0.01834133897041379,0.028982852663022297,0.06173252518891688,1108.1431849368773,1371.387884021112,621.0642317380352,234.0940289438043,153.5421362607552,0.849624060150376,0.315,1,0.22784581691882694,0.12441649852780177,0.5283399594530797,1.583497738333108,0.39213182808551794,0.08392590512764571,3.0,36.99037998200678,7.062075717199557,-7.000625303205431,3.9031588678749167,-7.156420521866388,4.264420209502024,1
c790,-27.24267096878915,14.984187741207897,0.024270571448106022,0.46635885237797087,-2.762626962655221,0.1703645559318512,-0.6515682734653656,-0.7678117173839687,-0.3100879214398587,-0.2077809402507183,-0.6923162643850376,-0.7556490495447709,-1.178236242845873,9.42364676986752,7.3769657975127085,4.102303580057698,3.7038122574949965,2.4395469997657573,2.708994820491923,1.5276858704863823,1.8939296048809873,1.3010933210531543,1.3727278594197205,1.4158454160398095,1.3527935234776451,1.0547537172880206,0.02473171189648177,0.013275450431937268,0.0937942773929471,1137.4201638534585,1188.0317836458291,1035.1070528967255,190.3381966679381,47.887308896765624,0.9924812030075187,0.05,1,0.16752504620857173,0.09774201288745106,0.3447228596603384,1.1137158456270002,0.22926570479663574,0.0417629622421514,3.0,-12.459038045012186,2.144518622419992,3.137202330361772,2.008858723476236,-2.6889810531490523,2.7927887703779195,1
c791,-33.744703670111114,12.732981906356452,1.8235415194953215,2.337006089773109,-0.7882508173081206,-0.1464749023463406,-1.5096020671007173,-0.7599564931405208,-0.8570816848831941,-0.050273028364136524,-0.6497818786477849,-0.8936233002529217,-2.191385483795388,14.886186680564585,7.406283431418052,3.489843634347988,3.7828018654061575,2.1598348699336767,2.7080845401729534,2.2358370748681753,2.0316576019558963,1.6836838101595353,1.4436329695774885,1.3113371861825065,1.241871258083624,1.5304355848821856,0.01634574933908943,0.013293533893905923,0.09650995749370277,1234.3304033086588,1346.881444026319,1005.5100755667506,121.10412679638868,64.5035365295325,0.9323308270676691,0.22,1,0.18467761210867703,0.06316693740150156,0.2474134323868758,0.5669378727906218,0.3553843551130559,0.025026340594222974,1.0,15.213967690653776,0.8787994628276239,4.053871121098048,2.5451039167762657,-4.517935138953479,0.6044290155818655,1
c792,-25.701849602501724,10.989236076518003,3.9548953035523757,3.462704254811813,-1.3097129597872266,-1.156636974658675,-1.2300686524121693,-1.145482426227915,-1.429998249523335,0.259320159932495,-0.13952292825676763,-0.2920838947614812,-1.7519065917372574,10.303875789442925,8.087563230623315,3.031256689372436,2.778583553438978,2.4660189600793245,2.3460278592447477,1.821106311755579,1.6058831448396949,1.541883758397968,1.3722991201080628,1.3158903212189188,1.229129790742776,1.4309734816127158,0.027175829548317914,0.020257689634125508,0.10485870591939547,1415.3331428854049,1506.2511407076615,1092.0969773299748,118.06329396278281,60.02152488455516,0.9699248120300752,0.13,1,0.11349140074723316,0.06940222928780435,0.28037279053986447,0.7628787926959001,0.15899764645823933,0.08200229914308628,4.0,4.352656707947644,12.511147543653294,7.0641600320937235,4.001927956063103,-0.40634339939140657,1.1345458037125555,1
c793,-41.8808718175283,18.42398326743111,1.1679426441451952,1.8462430083800034,0.6008446030700595,-2.869145033760348,-2.252470438983572,-1.240919042843286,-3.1970490212543115,-0.5824665695766482,-0.42045924630717074,0.0022024431023676748,-1.8302423175183906,10.87451905244571,7.8553567694353905,4.143484458721791,4.214353008306762,2.5545533467191177,2.8870641201116403,2.0118466442849043,1.9044531948327728,2.1678477927562594,1.9451721665055706,1.4238627006407136,1.2171664296840288,1.455225728246037,0.023802261224426486,0.04979662078747452,0.05884465522670025,832.7443987495983,1039.4698326432258,564.8614609571788,170.9199424433937,64.96279673213057,0.9774436090225563,0.255,1,0.1413208597684239,0.10293429142413095,0.36431099109969056,1.256966462295284,0.3109884665367384,0.032186156468600145,1.0,-20.199043205896206,3.3304091591264604,-4.677359083127595,1.9149685789504731,9.970824163939382,1.183358567534791,1
c794,-22.276456417772593,11.22623720248579,0.4196744713146057,3.844064823089118,-2.0778041426156455,-0.5686632638782695,-1.4305478449338271,-0.8668448082298854,-0.17457233133789166,0.028950134236445112,0.2812030716205729,0.052468342635752035,-0.9954519630357543,40.43376778224268,5.931313732451527,4.158027447087311,3.757205452698836,2.6540931078963377,2.2750350283530785,2.099267881449355,1.9109636122391556,1.3490371004532955,1.195526804562687,1.4703444380611796,1.3439709216237112,1.3587689983729252,0.09910062809952448,0.071952536222595,0.07145378388554217,1191.8983998586732,1370.071322539084,694.014657980456,242.29795919693797,61.27923106663252,0.9099099099099099,0.10778443113772455,1,0.1741682836780205,0.07496899516741219,0.3024429361166684,0.839320463055325,0.34278059576164577,0.11068590548084238,3.0,18.12366517671859,2.9528887677451854,-0.5318299677687713,4.0284672427725035,-4.709010715671453,1.9266627341733769,1
c795,-23.48890855484958,10.783369555524125,-1.8742822927080989,0.9157383730339115,-0.9026477058724943,-0.9703158863507729,-1.4694982262737062,-0.2575590062529388,-0.14973509295355375,-0.4048018137652212,-0.3006262622995548,-0.5871584333057531,-0.28282049550979754,12.166171247449245,6.631931514137495,5.376171130988692,3.2300478271691704,2.5035129906562235,2.3857676465804403,2.2791113996433747,1.8978417614397376,1.6207391569679894,1.678728655688881,1.6104236304436785,1.4730067361768104,1.1359590938801718,0.040172099367935345,0.05158034746658369,0.1122431911209068,1475.1089840958887,1431.8500187888258,1277.3929471032745,234.76065471983932,55.29319428360135,0.9548872180451128,0.1375,2,0.1995043515294011,0.12207123757088632,0.407213045081136,1.1030874601532457,0.3714006323046576,0.056114786328333124,1.0,-28.039081197446073,2.8909461973107655,8.49454111326183,4.426337149537525,-3.7940925208372698,3.821900257122749,2
c796,-33.40964827832603,14.89645218424637,2.657330213853002,3.998839115091508,1.8101568820410365,-1.0242292294344588,-1.7032863428860152,0.9896510124394067,0.22671219596602749,-0.7960275018634666,-0.5715139978733231,1.2410027358790907,-0.6397885723335212,9.81433615091314,7.79648302508228,2.723690406423004,3.059865780439189,1.9695900940075486,2.7629613737032424,2.4240803870569083,1.4970960139640854,1.419134424681241,1.6521021243460536,1.388786765308718,1.2672567363323253,1.1796061139182585,0.026179090619066404,0.03389737803001041,0.05858391057934509,958.132873152784,1235.9408626661066,579.5812342569269,234.46555070130194,155.7183210776021,0.9323308270676691,0.165,1,0.10746270650302775,0.0400994273542916,0.1787985433280094,0.37208060944795024,0.19207643606114394,0.07021385220367415,2.0,1.251715026136603,0.653591503843284,18.19069110773429,1.7540923868126128,1.5328436101134704,1.173999840966375,1
c797,-27.440716564257535,15.235747665514177,-3.6073488864366574,4.242498761587304,-1.9357428078518522,-2.9434862816393874,0.10412392273461861,0.5232530328536117,-1.2749126433103306,0.6753913313232223,-0.2420331966723242,-0.5134749141369467,-0.8642299260621175,10.727083570428018,7.5107200217741665,5.871948316205878,3.374888528224571,2.4827878153903002,3.0724161018774234,2.3365948206805327,1.779300606653499,1.8309615977991733,1.522161002422352,1.6318484138589668,1.4625405903977573,1.1542264112749077,0.023593158410244383,0.01924272444932294,0.09285953243073047,1277.237715633131,1207.2104177803442,1114.3734256926953,192.52192484590688,110.27960986269,1.0,0.15,1,0.18748893193634492,0.08885452500888372,0.41512274517437053,0.9695062185157943,0.25137467943988984,0.07919447437881293,2.0,-3.795333304124763,14.13107787569345,13.649209600130204,3.6489071793761934,6.206248904023439,4.432975722168896,1
c798,-25.043935601766663,9.933779537785934,1.4951362249086468,3.632886395649146,-1.1017555347096935,-0.33761302172047664,-0.797862454551717,-1.0984070458316688,-0.16160727887362947,-0.13956126563596308,-0.07495661653208745,0.4062855828803603,-1.3783018943042837,33.58743222847787,10.052197936316514,4.569478901403813,3.3975807333883785,2.3798931974587476,2.745691236279601,2.134006265728151,1.774004927302479,1.937065436931862,1.3701385269203554,1.3088231289412349,1.2370962089257074,1.3011399981885885,0.053672321815435485,0.05934180108898711,0.13191479037267081,1637.0872556726135,1436.7366024786197,1509.6311475409836,154.02052772978794,119.63718522183316,0.9259259259259259,0.12345679012345678,1,0.2169345758303625,0.08303283235443439,0.3834486822734974,1.0142068565848235,0.16013501285468149,0.07054834647979691,5.0,-6.440425019452136,0.590482846851902,5.679737943316091,1.8624264771984578,5.4121952668329385,0.5692538735525308,1
c799,-27.155664741035892,9.548942604222592,1.0811011252800744,2.379099940634712,-2.5459205524864714,-1.4083345548800061,-1.3731999806614976,0.165439301367454,0.5860318310205419,-0.2996979840767543,-1.2400303531358996,-0.42718621405305085,-0.5494739870581927,15.118977460801991,8.249413680218979,4.653073733460786,3.157074289533726,2.3579982976296394,2.562884409755814,2.2724964911677383,1.8023003386525736,1.9034899899491373,1.49194320069009,1.6407025701572264,1.4142487609324716,1.1568249672009652,0.02224935258870351,0.02234298777455797,0.14666640428211586,1654.9324328668833,1495.0322089029282,1528.6523929471032,209.0948525024674,136.158476669726,0.9699248120300752,0.185,1,0.22410127684296413,0.06095813083424115,0.34997312139355957,0.7272005079278895,0.22902632543228918,0.10841434631190766,3.0,8.776933933015178,4.466863468094278,5.331793475066224,3.002609703688619,2.1280011589375976,2.0561626723422908,1
